area,bedrooms,bathrooms,location_score,age_of_house,floor,near_metro,parking,price
956,1,1,4,7,2,0,0,4660391
630,1,1,4,7,8,0,0,4050279
2732,4,2,8,18,4,0,0,11156240
1893,4,2,4,10,1,0,1,8513010
1908,5,3,1,14,8,0,1,8819467
1700,4,3,10,6,1,0,2,9819562
1685,2,1,2,12,4,1,2,7375181
1166,3,2,4,8,10,0,0,6529526
1502,2,2,7,8,10,0,2,7845262
729,1,1,6,12,4,0,0,4470068
2823,5,3,4,20,7,1,2,12145161
1584,2,1,9,17,4,1,2,8105623
1398,2,2,2,1,1,0,2,6601036
2229,5,1,7,12,9,1,2,10798691
2766,3,3,2,17,4,1,0,10167328
1147,3,1,5,16,2,0,1,6308765
2579,5,2,3,11,2,0,2,10759165
579,1,1,5,7,0,0,0,3784536
2490,3,3,3,4,10,1,2,10585738
2661,5,4,4,17,3,1,1,12098696
2029,4,4,2,7,3,0,1,9154975
2768,3,3,4,0,1,0,0,10408096
628,2,1,9,7,4,1,0,5613189
2838,5,4,4,15,6,0,0,11519272
2265,4,4,7,14,0,0,0,10295626
1889,3,1,4,6,8,1,0,8271167
1640,3,1,2,14,8,0,0,6847698
2714,3,1,4,5,6,1,1,10358195
2142,3,1,7,0,6,1,1,9695564
2776,5,4,3,6,4,0,0,11648334
2720,3,3,6,1,0,1,2,11927984
2675,3,1,9,2,2,0,2,10948275
1463,3,1,10,7,9,0,2,8333309
2890,5,3,5,6,10,1,0,12290260
1036,4,3,8,10,1,0,1,7697751
2806,3,1,9,6,8,1,0,11651453
781,1,1,5,5,7,1,0,4965731
2771,4,1,3,8,1,0,2,10643649
1615,3,3,4,10,3,1,2,8516114
708,1,1,5,1,0,1,0,4706244
1572,2,2,9,13,8,0,0,7602829
1110,4,1,6,18,8,0,1,6716512
1762,3,1,6,6,10,0,2,8388820
2793,4,2,4,5,2,1,0,10920275
1860,4,2,5,5,1,1,0,9175617
1411,2,2,6,9,3,0,0,6870942
2132,4,3,2,8,5,1,2,10191215
2696,4,1,2,8,2,1,0,9932049
2279,4,3,7,19,8,0,1,10612434
1278,3,1,7,0,8,0,1,7401687
1852,5,3,2,9,8,1,2,9735006
2148,5,3,9,4,3,1,2,12008918
1212,4,3,7,17,0,1,1,7927239
2875,5,3,8,14,7,0,2,12797820
1195,4,1,5,16,10,1,0,7180530
1462,4,3,4,6,2,0,0,7728922
2446,5,1,8,13,10,0,2,11396196
2524,4,2,3,20,0,0,1,9610569
2621,4,1,9,7,1,1,0,11379350
2675,5,3,8,19,8,1,2,12550967
1151,4,4,8,8,3,1,1,8732392
1624,3,1,5,7,4,1,1,8129272
830,1,1,4,12,2,0,0,4194072
1855,5,4,7,1,3,1,1,11030855
2892,5,1,10,12,7,0,1,12290781
2097,4,2,8,7,4,1,1,10152945
1876,5,4,3,14,2,0,1,9485784
611,1,1,3,14,2,0,1,3683996
1366,3,2,6,12,4,1,1,7837481
2426,3,3,9,1,5,0,2,11048834
664,1,1,4,0,9,0,0,4208451
968,1,1,5,11,2,0,0,4858529
942,1,1,10,12,6,0,0,5686867
1494,2,2,10,3,9,0,1,8299165
2017,3,3,6,0,6,1,0,9638656
1983,5,4,3,13,2,1,2,10483295
2704,4,4,7,18,4,1,0,11943897
854,2,2,4,14,9,1,1,5609229
1831,3,2,4,11,4,1,1,8650834
1631,4,1,9,6,1,0,2,8967249
2774,3,3,8,20,7,1,0,11141198
1407,3,3,4,9,10,1,1,7993113
1908,4,3,6,14,4,1,1,9578387
1288,3,1,9,5,3,0,2,7805029
2914,5,3,2,6,4,0,1,11516016
557,1,1,1,1,8,1,0,3817938
2510,3,1,10,9,7,1,1,10936198
710,2,2,2,2,6,1,0,5033309
719,1,1,10,9,1,0,0,5090337
2204,5,2,9,12,7,1,1,11436916
2256,4,1,10,3,3,0,1,10649141
1143,2,1,9,2,2,0,1,6796339
2932,4,3,1,7,4,1,2,11902022
791,1,1,10,6,6,0,0,5488618
1588,2,1,1,5,4,1,1,6639116
1745,4,4,5,16,8,1,1,9288962
663,2,2,10,8,0,0,0,5822641
2856,5,1,5,18,0,0,1,11114929
2311,4,2,10,13,10,1,0,11004874
2172,4,3,2,5,5,1,2,10120507
2140,5,1,8,2,5,1,1,10593579
2155,5,1,9,14,6,0,0,10151350
2541,5,4,1,6,4,0,1,10894586
2485,3,1,10,7,2,1,2,10868141
2171,3,1,2,14,1,0,1,8321606
1695,4,3,7,15,7,0,1,9101269
2071,3,3,9,4,1,1,1,10282413
2579,4,1,5,9,9,1,0,10511432
2483,4,3,9,17,6,1,1,11818646
1478,4,4,4,13,0,1,2,8780321
2061,4,2,8,1,2,1,0,10351514
2303,3,3,8,0,2,1,2,11378430
806,2,2,6,19,6,0,1,5535226
2685,4,3,8,17,0,0,0,11232181
1677,2,1,7,3,10,0,1,7777851
1726,2,1,6,1,4,1,1,8069338
1500,4,4,10,5,2,0,0,9376050
2066,5,2,8,18,2,0,1,10168030
2382,4,1,8,9,10,0,0,10251844
1915,5,3,7,8,7,1,0,10588951
2479,3,1,7,18,5,1,2,10278278
2121,4,1,10,1,9,1,1,10939167
1442,4,3,4,20,3,1,2,8411938
1060,4,1,1,9,7,0,1,6093986
869,2,2,7,5,3,0,1,6054926
1616,2,2,8,9,5,0,1,8152825
1076,2,2,9,11,1,1,0,6722288
1006,3,2,5,18,6,1,0,6369599
2431,3,3,9,10,9,0,2,10935252
2401,5,3,7,3,2,0,0,11038359
2517,3,1,4,17,2,1,1,9573655
2712,4,2,7,20,1,1,2,11490766
1645,2,2,4,14,7,0,1,7097907
2004,5,3,1,12,4,0,0,9140298
2362,3,3,4,20,10,0,0,9523432
1497,2,1,2,17,3,0,0,5753059
1104,4,1,5,4,2,1,0,6814058
605,1,1,6,7,9,1,0,4605742
714,1,1,9,3,1,1,1,5711911
2602,5,1,8,16,3,0,2,11571378
2635,4,4,1,1,7,1,1,11358717
2508,5,4,2,2,5,0,0,10700396
2897,5,3,7,19,8,1,1,12691321
2262,3,3,2,20,10,0,1,9016906
1435,3,2,8,12,6,0,1,7904948
1544,3,1,8,2,1,0,0,7744132
2026,3,3,1,18,8,1,2,8724437
1948,5,4,1,9,9,1,1,9708880
2578,3,1,8,7,1,1,2,10904510
1641,4,2,7,17,9,0,2,9089308
1595,2,1,5,9,5,1,0,7063657
1086,4,4,2,4,10,0,0,7203971
1381,3,2,8,10,2,1,1,8194195
2824,5,1,1,4,2,0,2,10728357
2314,5,4,8,19,7,1,1,11576588
2598,3,2,7,3,4,1,2,11414798
686,1,1,10,1,0,0,1,5542114
1062,3,2,6,3,0,1,1,6988611
2057,5,2,9,17,10,1,0,10527342
673,2,1,8,2,5,1,1,5992318
2210,4,1,7,0,5,0,2,10268472
1982,3,2,2,7,6,1,2,8704471
1770,4,3,4,10,2,0,2,9027737
2673,5,2,6,11,10,0,0,11095384
1548,2,1,10,4,10,0,0,8042675
2523,4,4,10,20,10,1,2,12340699
2301,3,2,8,20,4,1,2,10132444
2578,3,2,8,14,0,0,1,10650962
814,1,1,8,18,8,0,1,5248799
2841,5,2,6,19,7,0,0,11420079
1906,5,1,9,20,2,0,0,9390885
2299,5,2,6,11,4,1,1,11021807
2948,3,3,6,2,5,0,2,12087051
1663,3,3,10,4,5,0,2,9644457
1932,4,4,3,19,1,1,2,9517750
1845,3,3,9,2,10,1,2,10276510
1985,4,2,4,10,7,0,0,9029214
1134,2,2,2,16,8,0,1,5737584
1036,4,4,3,5,2,0,1,7037098
1992,5,2,8,19,4,1,0,10062883
1767,3,1,6,18,7,1,1,8411163
2559,5,4,3,6,9,0,1,11200076
2468,4,1,9,3,4,0,0,10547005
2602,3,2,2,7,7,1,0,9862654
2123,5,3,4,12,1,1,0,9803346
905,2,1,3,1,4,1,0,5406071
2421,4,1,2,0,4,0,0,9393265
2993,5,4,2,9,3,1,0,11917481
2219,5,4,2,3,7,0,2,10743853
1490,4,2,5,13,0,1,0,7928915
1267,4,1,9,11,1,0,1,7905667
678,2,2,5,0,5,0,1,5332276
924,2,1,1,11,8,1,0,4953091
2403,5,4,3,4,1,1,0,10918261
679,1,1,6,9,8,1,1,4972502
1282,3,2,1,20,5,1,0,6274323
2289,4,4,7,10,2,1,2,11402188
2626,4,1,7,2,6,0,2,11146266
920,1,1,5,9,7,1,0,5206940
1939,4,1,6,19,6,1,2,9583219
734,1,1,6,16,10,0,0,4362269
2988,5,4,1,4,1,0,2,12144486
2068,5,1,10,4,10,1,1,10992403
814,1,1,7,10,10,1,0,5435950
606,1,1,9,12,8,0,1,5042789
2327,3,3,5,15,3,0,0,9601242
2351,3,3,8,2,10,1,2,11295567
765,2,2,3,20,2,1,0,4685582
1323,2,1,8,0,5,1,1,7654683
2759,3,3,2,2,4,1,2,11253418
2653,4,4,10,2,2,1,2,12740042
2408,5,3,3,17,10,0,0,10259518
726,1,1,5,5,2,1,0,4631467
2625,4,1,5,6,10,1,0,10817199
2685,3,3,3,18,9,0,0,10088437
2978,4,1,1,2,0,1,2,11064860
2843,4,1,8,20,8,1,2,12185208
2478,3,3,7,9,7,0,2,10667195
2300,4,4,8,6,5,0,1,11387160
1807,5,3,7,4,5,0,1,9892388
1001,3,2,4,4,1,0,1,6386524
2212,3,1,6,18,5,0,0,8713045
2608,4,4,5,15,0,0,1,11037203
1486,2,2,1,1,4,1,2,7308495
2427,4,1,2,13,2,1,2,9793630
2151,4,1,7,1,9,0,1,9998938
801,2,2,9,8,9,0,0,6211525
2113,4,3,9,11,2,0,2,10671065
2548,3,1,1,4,5,1,2,9799081
2983,5,2,6,19,5,0,1,12283304
1725,4,3,9,16,8,1,2,10141808
2445,3,2,6,3,6,1,2,11024361
609,2,2,10,18,3,0,1,5543741
2057,3,3,4,1,9,0,0,8887753
1784,3,1,7,6,6,1,2,9144403
1065,4,2,9,10,10,1,1,8099863
1209,3,3,6,17,5,1,2,7775445
1509,3,3,5,7,4,1,2,8421512
2502,4,4,6,17,4,1,0,11150615
2724,4,4,6,4,4,0,1,12137774
823,2,2,5,15,3,0,1,5440496
1612,2,1,10,18,3,0,0,7557435
2675,3,3,4,1,1,1,1,11109438
911,1,1,9,5,6,1,1,6227926
1676,3,2,1,2,10,0,2,7946113
652,1,1,3,1,6,1,0,4424321
1685,2,1,5,18,9,0,1,7091777
2725,5,4,3,16,7,1,0,11834961
1854,3,3,8,20,4,0,0,8842997
1708,4,2,3,19,10,1,1,8420628
855,2,1,3,4,7,1,0,5088357
2071,3,2,5,10,4,0,1,8988945
1467,2,1,8,9,2,1,2,7836787
1773,4,1,5,11,9,0,0,8392836
2458,3,2,10,11,6,1,2,11545947
1394,2,1,9,14,8,1,0,7519262
959,1,1,10,17,2,0,1,5828099
2309,3,3,4,18,7,0,2,9710060
727,2,1,9,13,7,0,1,5713734
1762,4,1,7,8,0,0,2,8699038
2235,4,1,9,1,1,1,0,10322926
1237,2,2,6,12,7,1,1,6876388
2708,3,3,6,3,2,1,2,11437052
1412,2,1,5,14,10,1,2,7195106
1440,2,2,6,4,4,0,2,7636036
631,2,1,4,6,1,0,0,4297860
699,1,1,7,14,3,0,0,4333204
1684,2,2,10,19,10,1,0,8382681
1086,4,2,7,9,4,0,0,7186388
2249,5,4,1,11,10,1,2,10754240
2205,4,2,5,12,2,1,0,9861290
1731,4,2,8,1,8,1,1,9797382
1049,3,1,5,6,5,0,1,6401818
878,1,1,5,12,10,0,0,4633807
2906,5,2,8,6,5,1,0,12407992
1278,4,1,8,7,9,0,1,8071324
2761,4,3,7,14,8,1,1,11892904
2600,4,4,2,15,5,0,1,10500849
687,1,1,1,8,8,1,1,4106175
1851,3,2,10,7,7,1,1,9921346
2501,5,4,8,5,5,0,0,12023402
2500,3,3,1,16,0,0,2,9314868
526,2,1,4,2,2,0,0,4183598
2028,3,3,10,15,10,1,0,9891999
2759,4,1,1,16,4,1,0,9952702
2263,3,1,2,16,2,0,0,8139658
1533,3,2,7,2,5,1,1,8592034
1425,3,3,2,20,10,0,0,6747890
2044,5,4,1,20,0,0,0,9035537
2277,5,3,10,3,8,0,0,11373291
2821,4,3,1,2,10,1,2,11737554
634,1,1,1,6,9,0,1,3857584
1725,2,1,10,12,10,1,1,8801062
1073,4,1,9,11,0,0,1,7172832
811,2,2,6,0,10,1,1,6373405
1957,5,4,7,5,10,1,0,11029883
1709,2,1,2,8,2,1,2,7466094
1131,4,4,6,11,1,0,0,7711493
2321,4,3,2,4,1,0,1,9780320
2772,5,4,2,0,1,1,2,12086766
2949,4,4,1,9,6,1,0,11662251
2791,3,3,9,5,10,1,0,11825921
1733,3,2,3,2,2,1,1,8216658
2483,3,2,5,7,10,1,2,10796817
2375,3,1,5,0,6,1,2,10188444
1849,4,3,7,20,9,0,1,9288559
1322,3,2,3,12,5,1,2,7409328
2511,5,2,6,12,4,1,1,11137158
2809,3,3,9,5,10,0,2,12213120
1358,3,2,2,13,10,1,0,6889828
1491,3,3,3,13,6,0,1,7626024
2462,5,4,9,16,6,0,1,12099566
2699,5,1,2,7,10,1,0,10892072
681,2,2,7,3,0,0,1,5491986
2624,5,2,8,11,6,1,2,12367138
2549,3,2,1,15,1,1,1,9697309
851,1,1,6,9,5,1,0,5127807
1926,4,1,8,14,5,0,1,8978242
971,1,1,2,5,3,0,0,4353299
2246,4,2,7,20,2,0,2,10179843
2120,3,3,10,6,7,1,1,10496320
1379,2,2,2,18,1,0,1,5942443
2374,3,2,8,16,10,1,2,10727535
2107,5,1,6,11,7,0,2,10190688
1718,4,1,3,10,1,0,1,7639037
2029,5,2,9,12,6,0,2,10627446
1260,3,3,9,20,2,0,1,7612765
1266,3,2,10,1,5,0,1,7990499
2072,5,4,7,15,6,1,1,10873828
2815,3,1,5,1,4,0,2,10766027
2373,5,4,9,16,1,0,1,11800318
2002,5,1,8,17,3,1,0,9910373
1513,3,1,8,8,5,0,1,8040420
980,1,1,10,11,9,1,0,6238018
1346,2,1,10,11,8,1,2,8020917
1825,5,3,5,18,4,0,0,9290098
2185,3,2,3,4,3,0,2,9127085
1513,4,4,8,4,9,1,2,10003115
2351,3,3,2,12,8,1,2,10220620
2011,4,4,6,18,0,0,2,10191445
1967,3,3,7,6,6,0,1,9371078
1661,3,3,10,4,9,1,1,9953775
698,1,1,8,0,1,0,1,5129025
2252,3,3,3,20,4,0,1,8860893
1976,4,1,6,20,2,0,1,8777178
1459,3,3,2,3,0,0,1,7132831
2931,3,3,8,0,0,1,0,12369108
2229,5,2,8,2,3,1,0,11141688
919,1,1,6,9,2,1,0,5247484
1085,2,1,10,20,2,1,1,6829115
1120,3,3,8,6,1,0,0,7344549
2914,5,4,6,13,5,0,0,12186172
845,1,1,1,9,3,0,1,4016516
723,1,1,7,3,3,1,0,5102406
549,2,2,3,12,9,1,1,4893916
1207,3,1,1,18,1,0,1,5472894
747,2,2,9,13,6,1,0,6130578
2702,5,2,5,2,4,0,2,12032825
1136,4,3,7,18,10,0,1,7813251
1477,2,1,2,13,1,1,2,6691012
1766,4,2,2,0,2,0,0,8046957
1920,5,3,3,11,2,1,2,10114719
620,2,2,5,16,1,1,0,4862064
2592,4,1,8,18,2,1,0,10579655
921,1,1,9,0,0,0,0,5453720
1990,4,2,3,1,8,1,0,9158664
2204,5,3,5,2,9,1,0,10865708
715,1,1,9,1,6,0,1,5560945
1772,3,1,9,14,0,1,0,8433991
1744,4,2,8,11,9,1,0,9433993
2738,3,1,1,13,0,0,2,9502667
539,2,1,7,9,1,0,0,4535344
745,1,1,2,1,3,1,1,4538554
847,1,1,7,2,9,0,1,5512210
1035,2,2,5,10,6,1,1,6368921
1456,2,1,3,18,1,0,0,5711912
2408,4,4,2,17,5,0,1,9992499
1585,2,1,3,9,9,0,0,6653914
1842,3,1,4,11,6,0,2,8083669
1212,2,2,8,17,8,0,0,6611230
1072,2,1,1,7,2,0,1,5045363
844,2,1,1,2,3,1,0,4683071
1858,3,1,8,1,2,1,2,9374723
620,2,2,3,11,3,0,1,4527609
1108,2,1,5,15,6,1,0,5762904
2068,3,2,4,20,8,0,2,9051418
2726,3,2,6,15,8,1,1,11224318
2557,4,4,5,5,0,1,2,11596559
1650,2,2,9,11,9,0,0,7869454
1487,3,3,1,7,9,1,1,7815240
1211,2,1,10,10,5,0,2,7354418
2825,5,2,10,6,7,1,0,12798877
869,1,1,10,7,0,1,0,5761714
1325,2,2,3,10,0,0,0,5995852
1080,2,2,2,11,10,1,0,5729791
1821,3,1,7,20,7,1,0,8391436
2801,5,3,4,18,2,1,1,11930368
1706,2,1,1,18,6,0,0,6206009
1404,4,1,8,4,5,0,0,7873825
1808,3,3,2,20,5,1,0,7831175
1522,4,1,6,8,1,0,0,7614127
2218,3,2,8,12,5,1,0,10050765
2867,5,2,3,14,1,0,1,10927145
1569,2,1,6,5,6,0,2,7409726
881,2,2,1,13,10,0,1,4884201
914,2,1,4,13,8,1,1,5531988
892,1,1,10,17,7,0,0,5402940
2251,3,2,10,15,3,0,0,9708040
1695,2,2,2,9,6,1,1,7600151
1585,2,2,3,11,6,1,0,7049835
1578,3,2,5,7,4,0,0,7657572
896,1,1,9,13,9,0,0,5512762
2640,4,4,10,7,7,1,0,12420327
642,1,1,8,5,2,0,0,4568780
2234,3,3,7,6,10,0,2,10344835
774,1,1,9,12,8,1,1,5733238
550,2,1,7,4,2,0,0,4744824
913,2,2,7,8,6,1,1,6350849
1628,3,1,10,19,10,1,0,8438005
1857,5,2,1,15,4,1,0,8492393
1741,3,2,8,3,3,0,1,9027492
2314,4,3,7,19,10,0,0,10258618
2167,5,4,9,11,0,0,0,10891958
2575,4,2,9,18,0,0,0,10951659
1322,2,1,1,14,0,1,2,5961739
2008,4,4,2,0,3,1,1,9900536
1227,3,3,9,11,5,0,1,8013323
870,2,1,7,1,2,0,0,5614067
1346,3,3,7,16,0,0,1,7746578
1209,4,1,4,8,9,1,2,7773989
1627,3,2,6,14,4,0,1,7856304
2632,5,4,10,3,0,1,2,13440090
2994,4,3,2,15,1,1,1,11576411
1634,3,3,5,6,2,0,0,8093338
2957,4,3,3,0,10,1,1,12040209
2214,4,4,1,18,9,0,1,9626421
1410,4,4,6,16,4,0,2,8827097
1241,3,1,8,4,4,0,2,7719613
865,1,1,4,9,6,1,1,5010290
1704,3,1,8,1,10,0,1,8823116
2549,3,3,7,16,4,1,0,10875588
1117,2,1,6,13,9,1,0,6153780
1238,2,2,6,20,2,1,2,6797584
2351,4,2,3,18,2,1,0,9355768
2276,5,4,7,13,7,1,0,11109542
1316,4,3,1,10,8,0,0,7050159
1519,2,2,5,4,1,1,2,7855272
1184,2,1,5,9,7,1,1,6617528
1048,3,2,6,6,2,1,0,6702928
1037,2,1,10,16,2,0,1,6456237
653,2,2,9,19,0,0,0,5252221
580,1,1,7,14,6,0,1,4446301
1127,2,1,5,13,10,0,1,6016515
1061,3,1,9,19,1,1,0,6812028
2538,3,3,4,8,8,0,1,10416083
1709,2,1,9,15,3,1,1,8112461
552,1,1,10,15,2,0,0,4600658
914,2,1,8,9,4,1,0,5937371
1215,2,2,6,10,6,0,0,6508328
687,1,1,3,10,5,1,1,4497325
880,2,2,3,3,6,1,1,5760524
2079,5,4,7,20,2,0,0,10350133
740,1,1,7,18,7,1,0,4888057
1968,5,1,3,15,7,0,1,8836916
759,2,2,1,16,9,0,1,4580970
890,2,1,8,11,10,1,0,6204422
2786,5,1,1,20,2,1,1,10761569
806,2,2,4,10,4,0,0,5017035
2050,4,2,2,14,7,1,0,9012879
2331,4,1,8,20,0,0,1,9841076
2782,5,1,2,19,9,1,2,11221665
2368,4,3,1,7,7,1,2,10552433
2957,4,3,8,3,1,0,0,12090133
1695,4,3,2,1,2,1,0,8639829
2176,3,2,10,6,3,0,1,10003099
1280,4,3,2,13,0,0,1,7041965
2913,5,2,8,0,8,0,2,13263741
2896,4,2,10,5,2,0,1,12422475
2982,4,4,7,19,3,1,1,12909253
1704,3,1,3,13,9,1,2,8048793
1785,4,2,4,6,9,1,2,9256838
1043,4,2,9,17,10,1,0,7798574
2803,4,4,9,9,6,0,2,12520889
2060,3,1,1,6,4,0,1,8047117
1099,2,2,4,17,0,1,1,5912697
2801,3,3,9,12,3,1,2,12317884
2062,4,4,6,17,0,0,2,9978181
2314,3,3,6,18,8,0,2,10368846
1704,3,1,2,5,2,0,1,7107515
1643,4,3,3,5,9,1,0,8560061
1134,2,1,6,19,0,1,1,6215407
2753,4,1,6,16,3,0,2,10725514
2569,3,2,9,17,6,0,1,10561294
1373,4,3,6,11,4,0,2,8413009
2799,5,1,2,11,7,0,2,11090292
1498,2,2,7,3,6,1,2,8372928
601,2,2,8,1,4,0,1,5711365
893,1,1,2,6,10,0,1,4680456
1342,4,4,2,4,0,1,2,8260703
858,1,1,3,8,8,0,0,4438573
2169,4,4,7,13,5,0,1,10606717
2690,3,3,10,2,9,0,2,12393102
1965,5,1,5,9,9,0,1,9540891
2292,4,4,1,15,2,0,0,9471229
2735,4,2,5,20,5,0,2,11194915
1079,2,1,1,18,9,1,0,5044849
1908,3,2,9,4,2,0,0,9152377
1535,2,1,3,18,0,1,2,6840945
1690,4,1,5,3,3,1,1,8594170
1460,2,2,10,2,3,1,1,8408200
1752,4,2,10,18,5,1,1,9519425
1782,2,1,7,8,5,0,2,8256873
2465,4,4,6,9,7,0,0,11025660
835,2,1,9,6,4,0,0,5887200
2577,5,1,10,18,6,0,0,11263782
2726,5,4,3,11,6,0,2,12046256
1691,2,2,9,16,1,1,1,8404310
1478,4,2,9,4,7,0,0,8670873
2817,5,2,8,11,0,0,1,11864504
1582,3,1,1,6,8,1,1,7265767
2362,3,1,6,3,8,1,2,10251035
2729,5,2,7,20,6,1,2,12252825
818,2,2,4,16,6,1,1,5529566
2474,5,1,9,4,7,0,0,10946138
1650,2,1,3,5,5,0,2,7102925
1852,5,1,8,15,7,0,2,9569916
2183,3,1,1,4,9,0,0,8247274
660,1,1,3,8,2,1,0,4151102
1661,2,1,8,19,7,1,0,7568687
2182,5,2,10,5,9,1,0,11463878
1903,4,1,4,12,6,0,0,8038092
2641,5,4,3,19,1,0,1,11351862
2956,3,3,9,3,1,1,2,12528469
2971,5,1,7,16,6,1,0,12159384
2257,3,2,7,11,9,0,1,9646913
2454,3,1,5,19,8,1,1,9612771
529,1,1,7,20,3,1,1,4423924
1133,3,3,10,8,4,1,1,8315458
2127,3,2,9,17,7,0,1,9703386
2481,4,3,10,11,6,0,2,11604101
1441,3,3,3,3,3,1,1,7966461
713,1,1,1,2,2,1,1,4153862
1577,2,2,2,19,0,1,1,6808376
2634,4,1,3,20,7,1,0,9837654
2622,4,2,1,19,8,0,2,9930926
647,2,1,1,5,1,1,1,4400248
2118,4,2,9,0,1,0,2,10513678
2790,5,3,6,8,3,0,1,12309924
2854,3,2,3,13,8,0,2,10485515
1705,3,1,9,8,8,1,2,9185640
2044,5,4,4,10,7,1,2,11047008
2474,3,2,2,12,10,0,2,9795146
1793,3,2,9,17,0,1,0,8704627
2134,5,3,2,17,2,1,1,9784420
2849,4,2,4,15,3,0,2,11013699
1587,2,1,4,7,9,1,0,7228224
991,1,1,10,0,8,0,1,6337322
1791,3,3,5,15,2,1,1,8602186
2862,3,1,9,13,7,0,2,11401077
1215,3,1,9,14,5,0,0,7021596
2054,5,1,6,11,9,1,0,9883540
1471,3,2,10,10,5,0,1,8373436
2216,5,3,6,12,4,1,0,10736598
2858,5,2,2,8,3,1,1,11368765
1112,3,1,3,13,7,0,1,6043812
1728,3,3,10,1,6,0,2,9656864
1382,3,2,2,14,5,1,1,6952895
2783,4,3,1,13,1,1,2,11366442
1314,4,2,5,11,5,1,2,8131965
821,2,2,8,20,2,0,1,5688078
2841,4,1,2,5,5,0,1,10432002
1693,4,3,10,20,6,1,1,9951062
1987,5,4,7,5,2,0,0,10522284
1530,4,1,4,5,6,0,0,7353052
2438,5,1,1,12,8,0,0,9368589
1136,2,2,5,7,3,1,1,6668305
1037,4,2,1,1,10,1,1,7019350
2413,5,3,9,14,2,0,2,11818585
2810,4,3,6,15,8,0,0,11316009
1998,4,3,3,9,0,0,2,9457012
1058,3,2,8,17,0,1,1,7033020
2263,4,2,1,17,5,0,1,9132431
2290,4,2,3,20,6,1,0,9324175
2229,5,2,9,19,10,1,1,11277695
2678,4,4,4,2,2,0,1,11175158
2365,5,4,5,19,7,0,1,10712245
703,1,1,2,9,4,0,1,3966737
1453,2,1,1,15,3,1,1,6109098
2541,4,4,1,10,1,0,0,9936029
2107,3,3,8,5,3,1,1,10465797
999,1,1,8,7,0,0,1,5729226
884,1,1,7,9,5,0,0,5093167
2751,5,1,5,15,10,1,0,11198699
713,1,1,4,20,6,1,0,4111659
1630,4,1,7,7,0,0,2,8718851
2446,5,2,6,2,3,0,1,10849131
1886,5,1,1,11,10,0,2,8747270
939,1,1,4,10,8,1,1,5335087
587,2,2,3,8,0,1,1,4863109
2723,5,4,4,18,2,1,1,12043539
1627,4,2,2,16,2,1,1,8041206
2718,4,4,1,20,8,1,2,11076263
576,2,1,6,2,10,1,0,5218673
2537,5,2,10,9,5,1,2,12377665
894,1,1,3,5,0,0,0,4307447
904,1,1,8,16,9,1,0,5497617
2981,5,1,1,6,10,1,0,11316299
748,2,2,6,1,9,1,0,5994613
1744,2,1,9,3,1,0,2,8407121
1291,4,2,10,20,2,1,2,8526831
2861,4,4,7,3,2,0,2,12539375
1882,5,2,9,19,7,1,1,10312558
1829,4,4,7,10,9,0,2,10147697
2036,5,3,6,14,7,1,0,10407854
1665,4,1,9,4,4,0,1,9183154
1379,3,1,5,17,8,0,0,6481254
1956,3,1,5,11,9,0,0,8094529
1730,2,2,10,6,1,1,1,8781001
2860,3,3,5,1,9,1,0,11725966
1869,4,4,7,3,3,0,2,10387716
2066,3,2,9,1,5,0,1,9879586
1404,2,1,7,14,9,0,0,6681783
2115,3,1,6,2,7,0,2,9383464
848,2,2,3,4,7,0,1,5371936
2840,3,3,10,16,3,0,0,11406119
2261,4,1,2,13,6,1,1,9167302
1911,5,1,5,5,5,1,2,9711321
683,1,1,6,4,1,0,0,4337746
1104,3,1,6,3,4,1,1,6837453
1356,4,2,4,17,8,1,2,7992612
1078,4,1,7,18,10,0,1,6881859
1663,2,2,1,14,10,0,0,6534614
1611,4,3,2,0,4,1,0,8577346
2582,5,1,6,15,9,0,0,10516048
2375,5,1,1,7,8,1,1,10049939
1143,2,2,6,11,10,1,0,6813073
2553,4,1,5,12,0,1,0,9999969
2109,5,2,2,12,8,0,1,9299290
1125,3,2,10,10,7,0,0,7431224
2879,5,2,3,9,8,0,1,11810229
1094,4,2,6,2,8,0,0,7189429
1096,4,1,6,13,6,1,1,7324254
1621,2,1,2,4,2,0,2,6940748
2980,5,2,10,7,3,0,1,12679669
2452,3,3,10,15,10,1,0,11356284
2512,4,2,3,6,3,0,1,10277971
561,2,2,4,6,3,0,0,4587314
2299,5,4,6,14,3,1,1,11529663
2990,5,4,6,12,9,0,2,12874497
2371,3,1,9,17,6,0,2,10128056
701,1,1,8,12,4,1,1,5184480
1705,4,1,9,4,7,1,0,9339829
963,1,1,7,13,5,1,0,5383355
2917,5,2,8,2,4,1,2,13288792
1171,4,1,2,3,7,1,0,6728403
2073,5,2,7,17,6,0,0,10012414
2816,5,2,3,4,2,0,1,11239491
2327,4,2,2,4,3,0,2,9950106
550,2,2,8,17,0,1,0,5111600
2448,4,4,8,2,9,0,0,11709759
1639,4,2,1,5,2,0,2,7878672
1095,2,2,6,2,0,0,1,6566192
1160,4,3,10,19,9,0,1,8387274
1975,3,1,5,10,5,1,0,8625031
2754,3,2,8,4,1,1,1,11540188
2648,3,3,4,19,0,0,2,10469086
2666,3,2,10,9,6,1,1,11688220
1949,3,3,10,15,8,1,1,10308940
2996,3,3,5,6,0,0,0,11170753
983,1,1,7,1,5,1,0,5677008
1324,4,3,5,2,4,1,2,8699291
525,1,1,6,12,9,0,0,3953574
1884,5,4,8,1,10,0,1,10699017
2386,5,3,8,13,0,1,2,11974594
1792,4,1,4,18,10,1,1,8335990
1111,3,1,6,12,10,0,1,6493292
978,2,2,1,8,6,0,1,5325745
2022,4,3,4,16,4,0,0,8916369
653,1,1,8,16,0,1,0,4634289
2480,5,3,6,4,1,0,0,11231715
2381,4,1,1,9,0,0,1,9004463
688,1,1,1,18,4,0,1,3429079
1673,3,3,6,14,10,0,1,8346246
1620,2,1,10,17,8,0,0,7679294
2750,4,3,3,9,9,0,0,10607614
1887,5,4,1,4,0,1,2,9686078
2071,3,1,7,12,2,1,2,9411964
1861,3,3,9,2,7,0,0,9609400
2418,3,2,5,20,7,1,0,9894724
1088,4,3,6,12,2,1,1,7723118
623,1,1,2,11,7,1,0,3813228
1927,5,2,9,3,6,0,1,10449053
790,2,2,7,18,6,0,0,5368840
2475,4,1,6,6,9,1,1,10831277
1901,5,2,3,2,9,1,0,9521073
2396,4,1,8,5,4,1,0,10667553
2942,4,3,8,20,10,0,0,11782062
1069,4,1,3,4,7,1,1,6920360
2331,3,1,6,9,9,1,1,10032472
1910,3,3,1,19,8,1,0,8231570
755,2,1,1,17,5,0,1,4217732
1463,3,3,10,12,10,1,2,9306339
2062,4,2,3,15,2,0,2,9011500
1975,4,2,5,4,2,0,0,9056700
1089,4,4,7,4,1,0,1,8193536
2975,4,2,8,16,6,1,1,12240797
1261,3,3,1,18,7,0,2,6681977
2182,5,3,1,1,9,1,2,10547037
2876,4,1,3,16,4,1,2,10858481
2998,3,1,8,20,10,0,2,11612305
2874,4,1,6,17,0,1,1,11259724
2421,5,3,7,11,4,1,0,11130643
2947,5,3,10,8,0,1,2,13446570
711,2,1,5,15,1,0,0,4534709
1638,3,1,10,8,4,1,0,8735391
2973,3,3,3,14,5,0,1,11104886
1467,3,1,9,1,5,0,0,7928495
1131,3,2,7,7,10,1,0,7243149
1913,3,3,5,3,0,0,1,8871060
1734,3,3,9,7,6,1,1,9492582
2672,4,1,5,14,6,1,2,11163956
668,1,1,7,19,10,1,1,4930918
902,2,2,8,7,10,0,1,6486934
1236,3,3,1,0,1,0,1,6537205
925,2,2,4,9,4,0,0,5188424
876,1,1,10,20,1,0,0,5269671
1032,3,3,10,5,1,0,1,7597948
810,2,2,7,10,4,0,0,5492153
755,2,2,6,1,4,1,0,5799717
2514,3,3,7,5,10,1,0,10822399
2266,3,3,2,14,4,0,0,8610519
2840,5,3,8,0,7,0,2,13172786
654,2,2,3,10,6,0,1,4754398
2154,5,1,9,7,0,1,2,11189719
2474,3,3,9,11,5,1,1,11007228
871,2,2,2,14,4,0,0,4713202
2073,5,2,5,12,1,1,1,9841590
2293,5,2,3,1,3,0,2,10702391
1476,3,2,2,17,10,1,1,7289749
2340,3,1,6,1,5,0,1,9510898
2642,4,2,10,7,1,0,2,11677712
578,2,1,4,20,2,0,0,3882785
1758,2,2,10,5,9,0,0,8452927
2937,5,2,2,6,6,1,2,12216809
1828,3,3,10,17,2,1,0,9536548
2929,3,2,2,3,4,0,1,10438425
2015,5,2,8,7,9,0,0,9972464
2040,3,1,8,2,0,0,0,9126397
2931,4,4,8,4,3,0,2,12801097
2344,4,2,3,19,0,0,2,9590547
860,2,2,7,0,8,0,0,5908794
2671,3,3,6,17,8,0,1,10910911
1352,3,1,4,3,2,1,1,7073442
676,1,1,5,6,6,1,1,4900859
2356,3,1,1,17,2,0,0,8103343
975,1,1,8,18,9,1,1,5816057
1834,3,1,6,7,1,0,2,8444534
1319,3,1,2,15,9,1,0,6500080
1093,2,2,3,12,5,0,1,5801268
1968,4,2,6,4,0,0,1,9183207
2406,4,4,3,10,3,1,2,10800816
1196,4,2,2,13,8,1,0,6886791
2395,4,1,7,7,3,1,1,10650149
2923,3,3,1,13,0,0,1,10491259
2565,3,2,9,12,7,0,1,10848442
840,1,1,4,4,5,1,0,4896883
871,1,1,5,5,7,0,1,5031267
1067,4,4,3,11,10,1,0,7559606
789,2,2,9,1,4,1,1,6754835
2721,5,2,2,19,5,0,2,11132886
1990,3,1,7,11,7,0,1,8776991
2788,5,1,9,6,2,1,0,12135200
2459,5,2,4,10,5,1,2,11297496
1635,2,1,6,11,7,1,2,7964611
1002,3,3,9,17,4,1,1,7663010
768,1,1,2,2,6,0,1,4401798
815,1,1,5,3,2,1,0,5023454
2632,5,1,5,13,10,0,1,10857932
2318,5,1,5,6,1,0,0,10053801
2628,5,3,7,18,5,1,1,12048177
2671,5,4,8,9,9,0,1,12344409
1564,2,2,6,9,0,0,1,7279268
1181,4,2,9,9,2,0,0,7549332
978,1,1,10,4,7,1,1,6468523
2803,5,1,6,11,2,1,1,11755586
1165,4,3,2,0,6,1,0,7520696
1811,3,1,9,16,5,1,1,9118429
2849,5,2,10,14,5,0,2,12749188
664,1,1,5,0,6,0,1,4610490
1836,3,3,4,18,8,0,1,8248960
842,2,1,9,12,3,1,1,6247864
2595,3,3,6,12,2,1,1,10845886
549,2,2,6,9,7,0,0,4902827
2319,5,4,8,9,2,1,2,12371045
1071,4,1,3,6,4,1,1,6613739
2919,4,1,1,13,10,1,1,10634870
2392,5,2,4,5,6,1,2,11180535
1736,4,3,8,17,7,0,0,9188270
1130,3,2,8,3,10,1,1,7750721
1502,2,1,5,15,1,1,2,7197771
2286,4,4,2,11,8,0,1,9852463
739,1,1,8,4,5,0,0,4931898
2218,5,3,1,9,4,0,2,9874676
1250,2,1,9,10,5,1,1,7362640
1984,3,3,10,11,2,0,0,9595309
2027,4,4,6,5,1,0,0,9846465
1271,4,1,7,14,1,0,0,7235401
2464,4,3,6,4,7,1,0,11235286
617,1,1,3,4,3,1,0,4036379
821,2,1,2,0,7,1,0,4978647
634,1,1,2,8,0,0,1,3712449
895,1,1,10,6,2,1,0,5826298
1636,4,3,6,5,8,0,2,9313994
905,1,1,4,9,2,0,0,4561752
2565,5,4,6,18,2,1,2,12413761
1240,3,2,7,6,8,0,1,7341089
1787,2,2,2,16,2,1,1,7474538
2782,5,1,2,10,7,0,1,10645364
2959,5,3,8,7,8,1,1,13639502
2252,3,1,8,11,2,0,2,9765721
930,2,2,9,2,1,0,1,6544321
2918,3,3,3,2,5,0,1,10951574
2155,3,1,7,15,4,1,2,9871011
1958,4,4,8,16,4,0,1,9891471
1526,3,2,4,20,2,0,0,6964231
779,2,1,3,12,9,1,0,4836427
894,1,1,8,6,4,1,1,5887011
2721,4,1,1,13,1,1,1,10016656
2041,4,4,1,1,2,1,2,9786255
2264,3,2,7,15,1,1,2,10170878
2709,5,4,8,17,2,0,1,12121481
2920,4,3,5,10,0,0,2,11588301
2000,4,1,6,12,1,1,1,9533877
2187,4,1,4,7,3,1,2,9615032
768,2,1,6,5,0,1,0,5337747
2230,5,4,5,0,7,0,1,11058980
2098,4,1,8,3,10,0,1,9998566
1890,3,3,5,11,6,0,1,8870669
808,1,1,5,1,4,1,0,5045431
876,1,1,5,2,9,1,1,5447181
814,2,2,7,17,5,0,1,5635934
2610,4,2,1,20,8,0,2,10043601
2414,4,4,10,20,0,0,1,11322324
1484,2,2,7,13,5,0,2,7508632
2189,4,3,3,8,10,0,1,9665541
1114,2,1,4,9,7,1,1,6119646
651,1,1,5,4,0,1,1,4749785
1220,4,1,8,0,0,0,1,7757207
760,2,2,2,12,2,0,0,4449734
2549,3,3,10,16,4,1,0,11070693
1000,3,2,10,12,3,1,0,7145607
1217,2,2,8,13,4,0,1,6897323
962,2,2,8,7,4,0,1,6415842
2006,4,1,10,1,10,0,2,10657300
1481,3,3,7,9,10,1,2,8770470
1468,3,2,1,12,4,1,0,6951619
1464,3,1,3,14,10,1,2,7418676
638,2,1,8,15,6,1,1,5650679
911,1,1,9,2,5,1,1,6216838
612,1,1,8,20,2,0,1,4391935
1751,3,3,2,3,2,0,2,8375894
1032,4,4,6,14,7,0,1,7507203
2929,4,3,4,2,6,1,0,11836232
2045,5,2,1,0,8,0,0,9354628
1312,3,3,3,1,6,1,2,7818897
864,2,1,10,3,0,1,1,6706572
2524,3,1,4,6,4,1,2,10224618
1033,3,1,10,6,4,0,1,7015265
1097,2,2,5,7,9,1,0,6390871
2376,3,1,8,4,5,1,2,10513906
2070,5,4,10,8,1,0,2,11288334
1863,3,2,6,19,10,0,0,8174261
2060,4,4,6,4,8,0,2,10453683
1195,4,4,6,14,2,0,1,7981029
2273,3,2,2,10,0,0,1,8928092
1650,4,3,7,9,4,1,2,9554825
1175,3,3,8,4,8,1,0,7836191
723,1,1,1,15,4,0,1,3628630
2527,3,2,6,17,7,1,1,10242428
1106,2,2,2,6,4,0,0,5532687
1617,4,2,10,0,8,0,1,9731143
1508,3,3,2,10,0,1,2,8017623
999,2,2,10,3,5,0,0,6606260
2465,4,3,10,0,5,0,2,12114669
2355,4,2,4,1,10,1,1,10754973
789,2,1,7,8,2,0,1,5341580
1352,2,2,7,9,10,0,0,6958992
2270,5,3,10,4,5,0,1,11680385
2505,4,4,8,8,9,1,0,11978675
2008,5,2,7,20,6,0,0,9585590
2398,5,2,3,15,8,0,1,10203960
824,2,2,3,4,10,1,0,5523970
1710,4,1,9,2,0,0,2,9239183
887,2,2,6,8,9,0,0,5623120
2395,3,1,7,1,1,1,2,10401685
2905,5,4,8,19,4,1,0,12651550
820,2,1,7,17,0,0,1,5152321
1203,4,4,8,12,10,1,1,8929797
1977,5,4,5,2,2,0,0,9938736
565,1,1,4,15,10,0,0,3689118
2706,3,1,5,14,2,1,1,10097075
1180,2,2,8,15,0,1,0,6646247
2832,4,1,6,0,1,1,1,11804028
2870,5,3,1,15,6,1,2,11896908
2498,3,3,1,16,0,1,2,9784275
760,2,2,8,3,7,1,1,6527836
585,1,1,4,15,5,1,0,3975517
2907,5,3,10,14,2,1,2,13619239
2207,5,3,8,5,9,0,1,11343941
853,2,1,3,6,2,1,0,5111116
2522,4,2,4,17,0,0,1,10188211
1962,5,2,3,16,0,0,1,8917757
1428,2,1,8,8,5,1,0,7441354
2781,4,2,9,19,10,0,2,11700342
2293,4,1,2,19,9,0,2,9002204
931,1,1,4,11,2,1,1,5145931
2541,5,1,3,20,5,1,0,9971812
1326,3,2,1,7,7,1,1,6914135
849,2,2,7,11,10,0,0,5845682
2669,4,2,3,13,6,1,1,11013929
2614,5,3,1,14,2,0,2,10969028
785,1,1,6,12,2,1,0,4788310
651,1,1,9,9,6,1,1,5517854
1784,3,1,5,16,9,0,2,8117424
1340,4,4,6,20,6,0,1,8025639
2701,4,4,3,16,8,1,0,10944941
2760,4,3,3,0,0,1,0,11400280
1744,4,4,9,3,0,1,1,10396193
1951,3,1,2,14,4,0,1,7630469
1467,4,2,6,9,4,0,2,8324568
1514,2,2,9,18,3,1,1,7818226
2243,4,1,2,1,6,0,1,9086742
819,2,2,10,17,8,1,1,6668591
2234,4,4,7,5,2,0,1,10910585
1029,4,1,4,14,7,0,0,6250365
2012,3,3,7,3,1,1,2,10032136
2641,3,1,6,9,5,1,1,10560963
1085,2,2,1,9,4,0,0,5241318
2502,3,1,9,11,1,0,1,10265130
1768,4,4,6,12,7,0,0,9200390
2387,4,4,3,10,1,1,1,10501611
2119,4,1,8,8,10,0,0,9775843
2842,5,3,9,20,1,0,0,12391536
2719,5,1,10,16,3,1,2,12646667
992,1,1,5,6,3,1,0,5387223
2985,4,4,10,1,7,0,1,13321916
2199,3,3,6,12,4,0,0,9633281
2719,3,2,3,5,4,0,0,9894088
2168,5,2,1,19,5,0,0,8977939
1720,3,1,6,4,6,1,1,8455044
995,1,1,4,19,9,0,1,4860094
2566,4,1,5,1,5,1,2,11056789
2483,3,2,4,0,4,0,0,9857128
1014,3,3,7,14,1,0,0,6576673
1188,2,2,9,14,0,0,1,7029620
1684,4,2,1,1,7,1,2,8514214
2057,4,2,10,16,4,0,0,9954439
2806,3,2,2,12,1,0,2,10298400
1644,3,1,10,16,5,1,2,8863564
2354,4,2,6,10,3,1,2,10711928
1047,4,1,10,15,0,0,0,7007243
2502,4,1,2,17,0,1,2,9703583
2041,5,3,7,5,0,0,1,10365834
1290,3,1,4,0,4,1,0,6774211
1741,4,2,4,15,5,0,1,8295429
2982,3,1,4,20,6,0,1,10462825
2523,3,3,4,18,10,0,0,9868511
766,1,1,10,7,8,1,0,5863587
594,2,2,1,13,10,0,1,4266164
2166,4,1,9,14,7,1,2,10730596
1419,2,2,7,17,7,1,0,7226315
1870,3,3,1,7,6,0,0,7773373
1848,4,1,2,0,7,1,0,8459156
1869,4,2,2,15,3,1,0,8429007
2628,3,1,10,19,7,0,2,10927866
1011,2,1,1,12,5,0,0,4529973
2310,3,2,10,20,6,0,0,10032285
2790,3,2,7,12,1,1,0,11181174
543,2,2,8,13,9,0,1,5433897
606,2,2,10,6,1,0,0,5656188
776,1,1,9,8,5,1,1,5822062
2321,3,1,3,1,0,0,1,9023373
2601,5,3,5,18,8,0,0,11025574
2971,4,3,6,0,8,0,0,11951383
2791,3,2,6,6,3,0,0,10569000
2448,5,4,10,10,9,1,2,12820460
1846,3,1,8,1,7,0,0,8730558
1443,3,3,4,7,7,1,2,8231808
2139,3,1,6,0,1,1,0,9263863
1083,3,2,4,20,9,1,0,6494972
1315,2,2,3,7,4,0,1,6481707
1507,2,1,1,5,4,0,0,6070766
1062,3,3,2,10,3,1,1,6498260
2025,5,2,9,19,6,0,0,9827128
1035,2,1,9,12,5,1,1,6889480
1501,2,1,9,9,2,1,0,7427697
1647,2,2,4,2,7,0,0,7300943
2585,4,4,9,14,2,1,2,12295969
2479,5,4,8,8,9,1,2,12982360
2891,5,1,4,7,3,1,0,11398760
1753,3,2,10,5,5,1,2,9603583
844,2,2,9,11,3,0,1,6199398
1877,4,4,8,13,6,1,1,10274927
2066,3,1,8,7,4,0,1,9408548
1706,4,1,5,7,1,0,0,7888884
2736,3,2,4,10,4,1,2,11108957
1624,2,1,9,8,0,1,1,8248418
2154,4,1,8,20,8,0,1,9528026
1359,3,1,9,18,8,1,2,8259427
1895,3,2,4,13,6,0,1,8272256
2787,3,2,3,18,2,1,2,10368225
1952,4,2,7,13,10,1,2,10138827
1835,5,1,10,1,2,0,1,10063194
2969,5,4,7,6,6,0,2,13259877
2444,3,2,10,14,10,1,0,10687092
2764,3,1,10,15,0,0,0,10478093
2080,4,2,4,9,10,0,1,9179291
2623,3,1,6,13,6,0,0,9667547
2213,4,1,7,6,2,0,1,9787907
2444,3,3,10,9,9,0,2,11539329
2379,4,2,1,4,7,0,1,9665003
1511,4,3,10,15,7,1,2,9551096
873,2,2,6,9,6,0,1,5776820
2269,4,4,3,18,1,1,2,10642593
1481,2,2,9,9,10,0,2,8292273
1389,3,2,9,3,5,0,0,7955347
1835,4,4,3,8,3,0,1,8854391
2391,4,3,7,6,6,0,0,10564995
1059,3,3,8,15,7,0,0,7048626
1492,4,4,3,15,4,0,0,7978588
2986,3,1,5,3,8,1,0,10955030
545,2,1,8,11,2,0,0,4815733
2680,3,2,1,20,8,0,1,9602528
2318,3,3,1,1,6,0,0,9061050
1477,2,1,1,13,0,0,1,5943550
758,1,1,3,5,0,1,0,4402598
1821,5,2,10,6,8,1,1,10468092
1375,2,2,6,5,0,1,2,7535126
2094,3,2,4,2,10,1,2,9805978
679,1,1,7,9,9,1,0,5042622
2831,3,2,2,19,5,1,2,10829506
1044,3,1,6,15,1,1,0,6269438
2896,4,4,9,20,3,0,0,11854648
1008,3,1,7,7,9,0,0,6263595
2542,4,2,3,12,3,0,0,10023604
2949,4,3,3,8,5,0,2,11913912
2199,5,3,1,7,5,1,0,9761868
721,1,1,10,12,8,1,0,5514462
524,1,1,2,6,0,0,0,3157361
1211,4,2,4,16,1,1,2,7489051
1172,4,2,4,13,2,0,1,6833664
2336,5,2,5,15,1,1,1,10541552
2428,4,4,9,19,6,0,1,11099160
2062,4,1,5,19,8,0,2,9277761
1553,3,2,5,14,4,1,2,8220549
794,2,1,8,6,2,0,0,5312955
2550,5,3,8,12,6,1,2,12331287
2505,4,1,7,1,1,1,2,11032552
2287,4,3,9,15,10,1,2,11278733
2078,4,2,4,15,0,1,2,9681164
615,1,1,10,14,10,0,1,5110631
2868,5,2,1,3,1,1,1,11581310
829,1,1,3,13,4,1,1,4674633
2185,5,1,2,20,9,1,0,9122415
1358,4,4,5,0,2,1,0,8386677
2211,5,4,5,13,2,0,1,10464700
1050,2,2,3,16,1,1,0,5448001
741,1,1,5,13,7,0,0,4188513
851,2,1,5,2,5,0,0,5211635
912,1,1,5,0,10,0,0,5015285
529,2,2,8,15,5,1,1,5523681
1905,4,2,6,12,6,0,1,9322720
910,1,1,7,4,0,0,1,5464523
1518,3,2,10,15,8,1,2,8926707
1819,3,3,6,1,5,1,0,9194420
2139,5,1,6,13,7,0,2,10055376
2986,3,3,3,16,9,0,0,10780282
856,2,2,3,14,1,1,0,5053707
1198,4,1,2,13,0,0,1,6386233
1648,2,2,8,3,10,0,2,8627426
2515,3,3,6,7,9,0,2,10830433
2063,5,4,4,7,4,0,1,10083934
865,2,1,2,18,5,0,1,4664550
2863,5,1,5,1,9,0,1,12053620
1809,4,2,9,19,9,0,0,9063907
2704,4,3,3,9,3,1,2,11404332
2963,4,2,1,19,5,1,2,11465571
1005,3,3,10,15,10,0,1,7507904
2042,3,2,3,6,3,0,0,8464145
2104,4,2,1,17,6,1,1,9034250
1926,4,4,2,16,4,1,2,9734040
2744,4,1,3,10,9,0,2,10595774
1170,4,2,8,15,4,0,0,7269092
1301,4,1,6,18,1,0,1,7287908
2249,5,2,1,3,5,1,0,10046295
980,2,2,3,20,6,0,0,4945901
2124,4,3,10,5,10,1,2,11856802
867,2,2,5,20,10,1,1,5688413
977,1,1,8,20,10,0,0,5307749
2845,4,3,2,18,2,1,1,11365174
2276,4,2,2,10,1,0,1,9392060
580,2,2,2,16,9,0,0,4171929
980,1,1,1,17,7,1,0,4281027
2855,3,3,3,2,8,1,0,10910587
1010,4,3,6,17,2,1,0,7088666
689,2,2,3,18,7,1,1,5045241
2591,3,3,2,1,3,0,0,9701413
1381,2,1,10,11,4,0,2,7686119
804,2,2,7,20,2,1,1,5717919
1541,4,4,3,17,3,0,2,8485988
1289,4,3,10,20,8,0,1,8680967
1795,3,2,1,19,3,0,1,7151212
950,2,1,6,20,1,1,1,5764041
1099,2,2,1,3,6,0,1,5770061
1005,2,2,10,15,1,1,1,6979941
2988,3,1,3,10,6,0,1,10672066
2677,5,4,8,18,2,1,0,12379266
1136,4,2,3,12,9,1,0,7086628
2016,5,2,10,13,7,0,1,10845828
2419,5,3,5,13,8,0,1,11055067
856,2,2,6,2,10,0,0,5901481
883,1,1,2,9,8,1,0,4659439
2236,5,2,8,15,8,0,1,10470574
1278,4,1,7,17,5,0,2,7688665
2663,5,1,10,14,2,0,0,11198145
1046,4,3,1,13,7,1,0,6548645
963,2,1,9,3,4,1,1,6686458
1372,2,2,4,9,10,0,1,6921008
2499,3,2,1,19,7,1,1,9358728
521,2,1,7,11,0,0,1,4683537
847,1,1,2,15,0,0,1,3962776
2119,4,3,6,13,2,1,0,10183831
2299,3,1,6,13,0,1,2,9625261
1276,3,1,3,12,6,1,0,6342811
1315,3,3,5,3,6,1,2,8229176
1021,3,2,9,12,2,0,0,6869489
1016,2,2,9,0,10,0,0,6869100
1901,4,1,7,15,4,1,1,9054414
2256,3,3,3,16,2,0,1,9225819
1579,4,2,7,6,7,0,2,9078012
1242,2,1,4,3,2,1,0,6155406
1287,2,2,1,19,3,0,0,5336682
2650,4,2,4,10,6,1,0,10735291
711,2,1,5,11,4,1,1,5165215
694,1,1,1,1,10,1,0,4125833
1647,4,1,7,5,4,1,1,8814157
956,1,1,9,4,5,1,1,6365794
2912,5,3,4,20,4,0,2,11889469
935,1,1,1,18,10,0,0,4014665
904,1,1,5,15,3,0,0,4435498
2212,5,3,9,11,5,1,2,11906791
2286,3,2,7,16,8,0,0,9543480
1028,3,1,10,1,3,1,1,7637080
2603,3,1,8,16,6,1,1,10744493
1347,2,1,3,18,3,0,2,6084215
2650,4,3,4,9,4,0,0,10507924
2685,3,2,1,20,2,1,0,9365255
711,1,1,9,3,0,1,1,5552266
2749,4,2,7,19,4,1,0,11303340
542,2,1,5,5,4,0,0,4424503
2064,5,3,10,17,3,1,0,10807792
1335,4,4,3,14,3,1,1,7927121
2462,3,2,3,14,2,0,0,9130490
1238,4,3,1,9,2,0,1,6991087
1269,2,1,2,13,3,1,2,6351551
910,1,1,10,3,6,1,0,6038911
555,1,1,4,2,4,0,0,3908316
538,1,1,2,6,2,1,1,3962734
1759,3,2,3,7,0,1,2,8404888
586,1,1,9,9,1,1,0,4803539
1418,2,1,7,12,2,1,2,7383660
2075,5,1,8,5,1,0,0,10095266
1654,3,1,10,10,1,1,0,8713606
2976,3,1,7,16,5,0,2,11235248
1735,4,3,6,3,4,1,2,9754741
1587,4,1,1,4,10,0,1,7356915
2329,5,4,2,3,9,1,2,11273336
870,2,1,3,12,5,1,1,5232995
2195,5,3,3,20,3,1,1,10157997
2706,5,4,9,17,3,1,0,12615263
2227,5,2,2,7,5,0,0,9739523
570,2,2,3,3,0,1,1,5019019
1070,3,2,3,17,6,0,0,5877789
728,1,1,3,12,0,1,1,4240499
934,1,1,10,5,0,0,1,5810480
1503,2,1,10,13,2,0,1,7674535
2660,5,3,8,13,5,1,2,12747239
1674,2,1,1,20,0,0,2,6288953
2123,4,4,9,8,9,1,2,11432177
1142,3,1,9,12,2,0,1,7052529
1396,3,1,9,19,1,1,1,7697821
2159,4,2,1,11,10,1,0,8982068
927,1,1,10,10,0,0,1,5677426
936,1,1,10,0,4,0,0,5937199
632,1,1,2,18,9,0,1,3568846
1788,2,2,1,11,4,1,2,7529551
2100,5,3,3,3,5,1,2,10631901
2556,3,1,10,12,7,0,1,10527996
2396,3,3,2,7,3,0,2,9594985
2554,5,3,8,4,5,1,1,12420809
2264,3,3,7,7,3,0,0,9876527
2537,3,1,3,9,8,0,1,9310928
1784,2,2,3,2,4,1,1,7807875
1233,4,4,5,15,4,1,2,8613072
1007,4,4,1,11,4,1,1,7147139
1028,3,2,9,19,5,1,0,7101309
2572,4,3,1,19,10,0,2,10477858
2797,3,1,2,9,6,0,2,10096696
798,1,1,8,2,5,1,1,5821379
2404,3,1,3,3,6,1,0,9338391
764,2,2,10,15,3,1,0,6115079
656,1,1,3,20,3,1,0,3881825
2057,3,2,7,15,3,0,0,9009590
2232,4,3,3,2,2,0,1,9800062
1721,4,4,7,16,3,1,0,9571012
878,2,2,5,5,3,1,1,6051636
2693,5,2,7,11,9,1,0,11909358
2945,3,1,10,19,2,1,2,12233434
1796,2,1,8,4,7,1,0,8497687
2164,4,1,8,4,10,1,2,10985548
899,1,1,4,13,8,0,1,4685146
1359,2,1,6,11,0,1,1,6867315
1010,4,4,8,13,6,1,1,8425016
2244,5,3,2,5,7,1,1,10375234
2936,3,3,7,12,4,1,2,12074113
906,1,1,2,20,0,1,0,4133657
2731,3,3,8,16,9,0,2,11447867
2222,3,1,8,17,6,0,0,9310787
1009,3,2,7,20,6,0,1,6623759
2578,4,3,5,9,6,0,0,10926544
2198,3,1,1,4,5,1,1,8586331
2843,4,2,9,12,3,1,0,12148519
2866,4,2,7,5,6,1,2,12201407
1446,2,1,9,3,10,1,2,8488636
2764,3,2,4,2,1,0,1,10271460
2930,3,1,10,17,1,1,0,11570521
1034,3,3,6,5,3,0,1,6904263
1504,4,4,5,1,4,0,0,8639300
2873,3,1,8,19,1,0,0,10420611
1239,2,1,8,11,3,1,0,6760569
589,2,1,8,20,1,0,1,4798483
1784,4,4,3,5,4,0,0,8866826
2984,3,1,6,11,7,0,0,10803335
1542,2,1,10,0,8,0,2,8405733
1124,2,2,2,6,0,1,0,5676925
1018,3,2,8,6,1,1,1,7296158
2530,4,4,4,8,2,0,2,11334776
1651,3,1,10,18,4,0,0,8245320
2498,4,4,7,19,4,1,2,11500030
2068,4,2,10,11,5,0,1,10092446
638,2,2,5,19,10,1,1,5181489
1236,3,2,3,11,3,0,0,6305498
2023,3,2,2,0,5,0,2,8714987
2406,5,3,4,17,1,1,1,10899599
2659,3,1,9,8,9,0,2,11396032
2227,5,4,6,10,3,0,0,10861754
2542,3,2,7,3,1,1,0,10664613
2921,4,2,10,0,4,0,2,12991862
2858,3,2,5,4,6,0,2,11494536
660,2,1,2,15,1,1,1,4344496
1916,4,1,9,10,7,0,1,9397728
2361,4,1,6,19,1,0,0,9183964
542,1,1,6,13,3,0,0,3820873
2010,5,1,1,8,0,0,0,8540772
807,2,2,10,12,4,0,0,6061989
991,1,1,3,18,6,1,0,4723534
1485,4,4,8,8,5,1,0,9089616
1713,4,1,6,17,3,0,2,8263098
2525,3,1,1,6,7,1,0,9259277
1894,3,3,9,16,5,1,2,9967633
1130,4,1,3,7,5,1,1,7028948
2603,3,2,4,2,4,1,0,10413287
2864,5,1,3,14,1,0,0,10381459
2387,3,2,1,15,10,1,1,9224398
2754,3,2,7,6,2,1,2,11529598
1866,3,2,5,11,1,0,2,8528012
2230,3,2,4,12,2,1,2,9673693
2624,4,1,1,20,3,0,0,8976499
646,2,1,2,17,1,1,0,4138075
2157,4,4,2,7,4,1,0,9650411
1333,3,3,5,19,4,0,0,6864384
2452,5,3,4,5,5,0,0,10586673
2364,3,1,8,13,5,0,0,9790434
815,1,1,10,11,7,0,1,5761546
2435,3,1,1,18,10,1,0,8835148
1185,2,1,2,9,5,1,1,5973317
2735,4,4,5,11,7,0,1,11498519
1866,5,4,2,8,10,0,0,9561885
1402,4,2,6,15,0,0,2,8065841
2264,4,2,2,6,6,0,1,9621679
2731,4,2,5,11,5,1,2,11506620
1631,3,1,1,18,8,1,2,7205944
2363,5,3,5,3,0,1,2,11293368
1115,4,3,10,17,10,0,1,8245565
764,2,1,8,1,3,1,0,5742382
1752,2,2,6,0,0,1,0,8073878
1660,4,2,2,8,2,0,1,7877425
830,2,1,1,15,5,0,1,4355073
901,2,2,10,9,2,1,1,6992219
1070,4,2,5,4,6,0,1,7098111
1717,4,4,9,5,6,1,0,9933013
2310,5,3,9,11,7,1,1,11794243
2180,4,1,9,0,6,0,0,10160191
1738,2,2,3,19,8,1,0,7379221
2108,3,2,1,14,8,1,0,8214982
1606,4,1,6,19,1,1,2,8426585
1857,3,1,10,16,0,0,2,8846548
2528,3,1,3,9,10,1,2,10380012
526,2,1,2,2,0,0,0,3776138
1512,2,1,8,0,8,1,1,7889533
998,2,2,8,5,3,1,1,7008897
1004,3,1,1,5,2,0,0,5167573
2739,3,2,8,9,4,0,2,11334612
1627,3,2,2,14,6,1,0,7190980
2372,3,3,7,0,9,1,0,10855997
2320,3,2,3,14,7,1,0,9455401
1965,5,2,6,16,6,0,0,9469250
1941,5,3,8,4,4,1,1,10614189
2481,4,4,10,5,9,1,0,12325082
2911,5,3,10,19,6,0,0,12314731
1151,2,1,2,15,10,1,1,5872739
1469,2,1,7,13,1,0,2,7095954
653,1,1,6,19,10,0,0,4134893
2341,4,2,10,17,3,0,1,10713632
1671,2,1,3,13,8,0,0,6652599
894,1,1,3,0,5,1,0,4871490
2663,4,2,4,18,7,1,1,10900393
2788,3,1,8,13,10,1,0,11094428
1020,4,3,2,3,7,0,0,6641532
1855,3,1,5,8,6,1,0,8456600
1146,3,1,9,18,3,1,1,7288381
2736,5,1,10,15,4,0,0,11547131
1568,2,2,1,4,3,1,2,7418041
755,1,1,2,18,9,0,1,4041936
2204,5,1,9,15,2,1,2,10732911
645,2,1,6,13,7,1,0,4907691
726,1,1,9,19,6,0,1,4924598
2045,5,2,7,13,8,0,0,9862309
2006,4,2,6,13,0,0,0,8786421
541,1,1,9,18,0,0,0,4284338
813,1,1,8,5,4,0,1,5325865
1500,3,1,10,12,7,0,2,8246729
1524,4,2,8,11,3,1,2,9057368
2002,5,3,4,16,4,1,2,10245975
927,1,1,7,19,7,1,0,5206468
1061,4,2,5,17,3,0,1,6822266
1081,2,1,8,20,7,0,0,5909078
638,2,2,10,12,4,0,0,5569002
2997,4,4,1,12,6,1,0,11413355
2053,3,3,7,17,0,1,0,9381649
1924,3,3,6,8,9,0,0,8901243
2277,4,1,2,17,6,1,2,9482465
2845,5,3,3,12,7,0,0,11625253
1649,4,3,2,7,8,1,1,8673316
658,2,2,5,8,10,0,0,4980642
1814,4,2,8,14,0,1,0,9178173
1969,4,2,7,1,9,0,1,10030858
2758,4,1,8,5,4,1,1,11950728
1021,2,1,3,19,10,0,0,4869679
657,1,1,10,10,0,0,0,4986943
1561,3,1,6,17,0,0,1,7158718
2576,4,1,9,2,3,0,1,11216725
2203,3,3,7,9,2,0,1,9924999
1975,4,4,6,15,4,0,0,9482148
1691,2,1,2,19,3,1,2,7144656
2581,5,3,4,12,9,0,2,11619379
2060,5,1,2,7,9,1,2,9867656
2661,3,3,8,16,8,1,1,11343953
2856,4,2,6,7,5,0,1,11427601
972,1,1,7,11,1,1,0,5555638
2483,5,2,8,13,3,0,2,11352553
2169,5,2,10,8,4,1,1,11138688
2173,4,2,10,15,10,0,0,10483864
563,1,1,7,8,8,1,0,4623195
639,2,1,3,2,2,1,1,4838113
2147,5,2,5,3,5,1,2,10861544
941,1,1,6,14,6,1,1,5430578
2454,5,2,3,18,8,0,0,10227985
2931,5,3,8,12,5,1,0,12804946
2908,4,1,4,9,7,1,0,11134790
2651,5,4,5,10,6,1,0,12233655
671,1,1,9,8,9,1,0,5314524
1178,2,2,5,15,7,0,0,5963456
1562,4,1,4,8,2,0,0,7438149
2583,3,1,10,1,8,0,0,10817904
605,2,1,5,18,6,1,0,4678171
1708,2,1,8,13,7,1,0,8083893
1640,4,1,6,2,3,0,1,8246980
1873,4,4,9,2,5,0,1,10231626
2635,4,2,9,20,0,0,0,10647114
2040,3,3,4,8,7,0,1,9233669
2534,4,2,4,20,1,0,0,9694658
2509,5,2,3,1,6,1,2,11318446
2891,3,3,6,15,8,0,1,11536630
1696,4,4,8,20,6,1,2,10000870
895,1,1,5,13,7,1,0,5038588
974,1,1,6,3,5,1,0,5643787
2481,4,4,4,0,4,1,2,11458815
2175,3,3,6,8,10,1,1,10144603
2310,4,4,5,1,4,1,2,11209237
686,2,2,7,7,9,0,0,5532667
951,2,1,10,17,0,0,1,5982276
1865,4,1,1,16,3,1,2,8156140
1143,4,4,4,9,2,1,1,7854043
2764,5,2,1,1,0,0,2,11081759
2486,3,1,5,9,0,0,2,9924764
1512,2,2,2,12,10,1,0,6896842
1605,2,1,2,16,6,0,0,6236761
2718,5,2,2,18,6,0,2,11129616
1825,4,1,5,8,7,0,0,8256524
2860,4,4,5,13,1,0,1,11749725
2479,4,2,7,0,7,1,1,11534136
943,2,1,10,0,6,0,1,6619830
2806,3,3,5,10,2,0,0,10716926
1350,3,3,4,2,2,1,2,8196242
2643,5,2,1,15,4,1,1,10826851
1116,2,2,10,19,6,0,1,6969119
2803,4,4,6,20,3,1,1,12107335
2607,5,1,2,13,1,1,0,10348028
1163,4,1,3,6,7,0,0,6580644
2528,3,3,9,15,2,1,1,10937086
981,2,2,5,16,5,1,0,5724914
2643,5,2,10,11,8,1,1,12494967
1852,5,2,3,16,7,0,1,8822724
1115,3,1,1,9,3,0,0,5366104
1855,3,1,10,14,9,0,0,8711372
2790,3,2,1,6,4,1,1,10419822
1752,3,3,7,8,8,0,0,8755166
921,1,1,3,8,9,0,0,4592576
2905,5,4,6,18,9,1,2,13370726
2439,3,1,1,7,3,0,2,8923044
1175,3,1,6,2,0,0,1,6724825
2432,4,3,9,3,3,1,1,11917820
2443,4,3,9,10,8,0,2,11832238
1180,4,3,3,13,8,1,1,7620620
1526,4,1,9,13,10,1,0,8451915
1997,4,3,7,6,9,0,1,10014414
543,1,1,6,16,3,0,1,4023392
2010,4,1,10,8,0,1,2,10362970
679,2,2,1,18,0,1,1,4457438
2439,5,1,1,11,0,0,2,9924437
1039,2,2,2,1,7,0,1,5637802
2728,4,2,10,0,5,1,2,12511784
2903,5,3,9,0,10,1,1,13816631
751,1,1,9,4,4,0,0,5157762
1628,4,2,9,13,2,0,1,8801500
1936,3,2,8,18,1,1,0,8789459
870,1,1,3,10,9,0,0,4415843
1390,4,3,8,2,3,1,2,9417540
1282,4,2,5,1,6,1,0,7765024
2814,4,4,4,6,4,0,0,11697354
1562,4,4,5,2,7,1,2,9558173
2642,4,2,1,18,6,0,2,10155570
2277,4,3,4,10,8,1,0,10191558
1363,3,1,8,8,0,0,2,7721850
1263,3,1,8,18,5,1,2,7599524
2910,3,2,2,20,5,0,0,9880023
1870,4,1,3,11,4,0,1,8222186
589,2,2,10,18,6,1,1,6114056
1534,4,3,10,10,7,1,1,9483411
1459,4,1,7,13,4,1,2,8286552
2597,3,2,10,16,3,0,0,10744877
720,1,1,3,11,7,1,0,4259590
1104,2,1,5,9,1,0,0,5648871
2288,3,3,4,4,10,1,0,9949916
1911,3,2,9,12,3,1,2,9720898
2398,5,2,2,12,2,1,0,10014816
1839,4,4,10,12,8,0,1,10357543
2902,3,1,10,5,3,1,1,11868993
506,2,1,4,4,7,0,0,4148624
2283,3,2,7,20,2,1,0,9486099
2084,5,4,1,8,6,0,0,9532838
2619,3,2,2,11,10,0,2,10253112
550,1,1,3,18,8,1,1,3863295
2145,4,1,5,13,4,0,2,9567701
2344,5,3,8,10,8,1,0,11679982
2236,5,4,2,4,0,1,2,10975652
1309,4,4,7,1,7,1,0,8733161
2505,4,3,1,19,10,1,1,10228860
1713,2,2,3,9,5,1,0,7381502
1719,4,1,10,3,5,0,2,9689875
1518,2,1,9,3,2,0,2,7935601
1625,3,2,10,7,8,1,0,8833912
2026,3,1,10,20,1,1,2,9920026
822,2,2,7,12,0,0,1,5745763
824,2,1,4,18,4,1,0,4945169
700,2,2,4,13,4,0,1,4925384
687,2,1,5,8,0,1,0,4780916
2197,5,2,5,8,7,1,0,10203616
574,2,1,2,19,4,1,1,4190650
1846,5,4,8,17,0,1,1,10400754
2320,3,2,8,6,8,0,2,10450239
2150,3,3,10,2,10,1,2,11533025
840,1,1,5,9,5,1,1,5044487
2895,3,3,6,18,6,1,0,11470386
1662,4,4,4,12,8,0,1,8906248
1005,2,2,4,6,1,1,0,5963858
2142,5,4,6,6,6,1,1,11423237
932,2,2,4,12,7,1,1,6028529
2340,3,1,7,9,0,1,1,9978322
902,2,2,7,13,3,0,0,5572249
2561,3,3,10,13,0,1,2,11574848
2831,5,4,2,11,0,1,2,12186302
1290,2,2,6,7,2,1,2,7556933
1821,3,2,2,0,3,1,1,8248889
2970,4,2,3,14,8,0,2,11610893
1152,2,2,2,0,0,1,1,6337521
788,2,2,9,3,9,0,1,6405048
744,2,2,1,11,6,1,1,5011602
924,1,1,10,3,2,1,1,6392242
1081,2,2,4,8,1,1,0,5976895
2513,3,2,6,9,7,1,1,10717079
2827,4,1,3,4,8,1,0,10723109
2019,5,3,5,9,2,1,1,10430555
1707,2,1,3,19,4,1,1,7110089
614,1,1,3,18,0,1,1,3956872
2616,4,4,10,5,5,0,2,12800163
1787,4,3,7,15,10,0,2,9615164
2482,4,1,2,10,3,1,0,9459582
1639,4,1,4,11,7,1,2,8679072
549,1,1,6,1,6,0,1,4524277
1611,4,1,1,14,9,0,0,6935765
1248,4,2,4,14,2,0,2,7229526
1636,2,1,2,4,8,1,0,6835036
1499,4,4,8,3,8,0,1,9549090
799,1,1,2,14,1,1,0,3971523
2914,3,3,8,9,9,0,2,12140809
956,2,1,10,20,9,1,0,6290340
2167,5,3,8,20,2,1,2,11181445
1662,4,3,5,17,3,1,1,8917395
2560,4,4,2,5,7,0,1,11016496
2587,4,4,3,5,1,1,2,11386481
2315,4,2,4,3,3,0,1,9926883
1810,5,4,2,9,9,0,2,9736969
1826,3,1,7,5,2,0,1,8660756
2440,5,4,5,7,4,1,1,11655213
1754,3,3,6,10,7,1,1,9093283
2208,3,2,1,13,5,0,1,8592417
579,1,1,5,9,5,0,1,4174413
2066,4,2,4,19,8,1,1,9218546
1495,2,2,8,18,7,0,2,7710383
2494,3,2,10,18,6,0,0,10203990
1903,4,3,8,9,1,1,0,10044905
803,2,2,3,4,9,1,0,5459026
2295,3,2,10,17,10,1,2,10949961
1693,4,1,3,2,5,1,1,8481785
1379,2,2,8,7,7,1,1,7731458
1560,3,3,1,4,1,1,1,7659084
2492,3,3,1,16,5,0,2,9605547
631,2,2,5,18,5,0,0,4604385
2786,3,3,3,16,1,1,2,11033630
1281,2,2,5,14,7,0,2,6741752
1244,4,3,8,16,6,0,1,8155964
526,2,1,1,7,5,1,0,3894866
1412,4,3,9,14,10,0,2,9302524
2862,3,1,3,6,4,0,0,9771704
2965,3,1,9,11,1,1,1,11987423
1355,2,2,3,13,4,0,0,6149615
611,1,1,2,12,0,1,0,3604718
2330,4,4,4,6,6,0,0,10553942
2575,5,1,3,6,1,1,2,11052640
1797,3,1,4,2,8,1,1,8329619
958,2,1,1,12,6,1,0,4843749
1769,2,2,5,7,1,1,1,7899626
1625,4,3,1,4,3,0,2,8052453
2624,3,1,8,1,0,0,2,10950017
2022,5,4,3,13,2,0,2,10302027
1243,3,1,3,0,7,0,1,6566415
2028,4,3,1,0,5,0,1,8909755
1091,3,1,9,12,9,0,0,6677172
1928,3,1,7,2,1,1,1,9332427
2698,4,2,10,20,0,1,1,11757236
1552,2,2,9,11,9,0,1,8041905
2839,3,1,4,16,2,0,0,9911880
888,2,2,10,3,3,0,1,6575847
1733,3,3,8,18,8,1,0,8872212
2035,5,2,10,1,6,0,0,10914565
558,1,1,4,5,6,1,0,4199281
2481,4,2,10,12,7,0,1,11347816
2735,4,1,5,20,8,1,1,11133799
1263,3,2,8,17,7,0,2,7807829
2626,4,1,6,13,10,0,2,10703557
1430,3,1,2,17,4,0,1,6305569
2286,5,1,9,5,6,0,0,10862990
1408,2,1,6,16,9,0,2,7109889
2650,3,3,6,17,3,0,1,10409309
1178,4,2,3,17,9,1,0,6840565
2141,4,4,9,13,7,1,1,11004475
1728,2,1,5,17,10,1,0,7579198
2932,3,1,7,4,2,1,0,11395591
1493,3,1,7,12,9,0,0,7542205
788,1,1,3,12,1,0,0,3895142
1628,3,1,2,16,4,0,2,7152233
1451,4,4,5,3,8,1,0,8667145
1898,4,1,7,8,1,1,1,9379885
2495,4,2,9,3,1,1,0,11516836
2525,5,4,7,1,10,0,1,12454588
1629,3,3,9,10,6,1,1,9086164
914,2,1,10,15,3,1,1,6365016
2498,5,4,10,16,10,1,0,12508460
2918,5,1,10,3,1,0,1,12603489
2973,4,4,1,11,10,1,1,11933804
2641,3,2,7,0,3,0,0,10692728
1847,3,2,7,0,7,1,1,9567716
1909,4,2,5,14,0,1,1,9222507
1577,2,1,9,17,10,1,2,8238948
1927,3,2,2,10,5,0,1,8192256
914,1,1,6,19,7,0,1,4899531
2488,4,3,8,11,2,0,1,10866664
1277,4,3,9,20,8,1,2,8951889
2130,5,1,4,2,1,1,1,9780645
1893,5,3,7,4,6,0,2,10668401
1703,4,1,6,7,7,0,0,8287035
1621,2,2,4,7,3,0,1,7314088
1384,2,1,5,7,0,1,1,6817340
2757,5,2,7,5,8,1,2,12699533
2085,5,3,6,8,6,1,1,10999708
1461,3,3,6,2,2,1,2,8576472
2704,5,2,2,16,7,1,0,10990894
2974,3,3,6,20,8,0,1,11285803
717,2,2,8,18,6,0,0,5232708
2336,5,1,6,15,2,0,2,10335612
1630,4,3,1,19,7,1,2,8452266
1046,3,1,8,9,8,1,1,7079453
2580,4,2,9,18,5,0,2,11132484
1967,5,1,2,19,1,1,2,8877822
1297,2,1,3,0,10,1,2,6820524
864,1,1,10,12,6,1,1,5963823
1906,3,1,5,11,2,1,1,8499265
1255,3,2,4,7,5,0,1,6865390
885,2,1,10,1,8,0,1,6416544
507,1,1,6,12,4,0,1,4170411
1206,2,2,3,17,3,1,0,6044808
1133,4,3,10,5,7,0,0,8399175
2323,3,3,1,17,1,1,1,9024675
1238,4,2,2,15,3,0,2,7076754
2362,5,4,8,3,10,0,1,11831739
1079,2,2,4,12,0,1,0,5981658
2467,5,1,9,2,10,1,2,12179041
2678,5,4,9,20,3,1,1,12441234
1311,3,3,7,12,6,1,0,7852655
2512,3,2,9,15,9,1,1,11047483
1676,4,1,9,1,3,0,1,9219672
2839,5,2,6,1,8,0,0,12196761
2076,3,2,9,1,10,1,2,10631850
1230,4,3,1,6,1,1,0,7195442
1811,3,3,4,15,3,0,0,8185580
1343,4,1,5,0,3,1,0,7834466
1435,3,2,1,4,2,0,2,7083188
2231,5,3,4,20,4,1,2,10412999
2194,4,3,4,15,4,0,2,10006000
671,2,1,4,2,10,0,0,4649729
2501,3,1,9,10,2,1,2,11039828
2131,4,3,5,18,4,0,0,9315194
1327,2,2,4,4,8,0,1,6747647
956,1,1,7,5,1,0,0,5187733
2019,4,2,8,19,0,0,0,9314177
679,1,1,6,8,2,1,1,4836116
731,2,2,3,9,8,0,0,4694035
1296,3,3,8,0,7,0,0,8015938
1678,4,2,3,17,5,0,0,7738030
2179,5,1,10,5,5,1,0,10734773
925,1,1,7,0,9,0,1,5781645
990,1,1,10,17,1,0,1,5902266
2081,4,4,8,7,10,1,2,11217432
2363,4,2,8,17,5,0,0,10102382
1214,3,2,3,11,0,1,1,6608826
2383,4,2,7,4,10,1,0,11119565
2224,4,4,8,14,6,1,1,11086951
2133,3,3,9,6,3,0,2,10253283
1297,4,3,8,17,6,1,2,8742568
2109,3,2,2,17,10,1,1,8974588
2188,3,1,4,10,8,0,2,9018719
2619,4,2,8,0,3,1,2,12151218
1619,4,2,7,18,3,0,1,8343338
1506,4,2,8,10,9,0,2,8749502
767,1,1,1,1,5,0,1,4209719
1961,3,3,3,6,4,0,1,8749983
1792,4,4,8,10,2,1,1,9938745
2801,3,1,3,13,1,1,0,9993116
2423,5,3,4,3,10,0,1,10886368
661,1,1,8,12,7,0,0,4671441
1984,4,2,8,0,7,1,1,10629693
2015,3,1,3,19,4,1,0,7845370
1307,4,3,5,2,5,1,0,8211530
2917,4,2,6,8,3,1,2,12452527
596,2,2,3,1,10,0,1,4886826
2273,4,1,5,14,10,0,1,9629824
1035,4,1,10,0,4,1,0,7992456
2056,4,1,5,12,5,1,2,9779307
2238,4,3,3,11,4,0,1,9580447
841,2,1,6,16,1,0,0,4998783
938,1,1,3,11,1,0,0,4351035
808,1,1,6,19,1,0,1,4599128
1855,5,1,10,3,0,0,0,9930295
832,1,1,2,0,6,0,0,4161022
825,2,2,9,6,7,0,1,6408614
1262,3,2,10,1,7,0,2,8220741
1220,2,2,3,17,9,0,2,6150165
810,1,1,6,7,2,1,1,5275652
2575,5,3,4,13,4,1,2,11523675
528,2,2,3,2,0,0,1,4472095
747,2,1,8,0,10,0,1,5958945
1980,5,1,10,8,5,1,1,10755689
2467,4,4,5,15,5,0,0,10616904
674,2,2,8,14,5,1,1,6041962
2402,4,2,3,12,6,0,0,9692515
2062,5,2,7,11,0,1,2,10849327
1118,4,2,4,3,0,1,1,7199920
1881,3,1,8,12,2,1,2,9102080
1278,3,3,8,13,6,0,1,8015904
744,2,1,2,10,7,1,0,4559413
2524,3,2,8,0,4,0,1,10868032
2257,5,1,10,4,8,1,1,11595662
1024,3,3,8,2,0,1,1,7665656
1357,3,3,4,10,10,1,1,7848322
2864,4,2,3,10,10,0,2,11366114
1470,2,2,10,15,0,1,2,8461059
2073,3,3,6,2,8,1,1,10106783
1589,2,2,7,6,4,0,1,7908772
741,2,1,4,20,0,1,1,4876334
2476,5,2,5,10,7,1,2,11687123
1319,4,2,10,19,1,1,2,8573004
1298,4,3,4,12,6,0,1,7543955
1090,3,1,1,20,10,1,0,5509572
1104,3,3,7,17,2,1,1,7239768
1620,3,2,4,19,7,1,0,7640897
1822,3,1,1,10,8,1,1,7613930
2036,5,1,7,20,5,1,0,9587555
641,2,2,10,18,0,0,0,5387505
778,1,1,2,16,2,0,0,3673385
1962,4,1,7,10,1,1,1,9465101
2649,4,4,3,17,1,0,1,10564386
1568,2,1,1,20,10,0,0,5935307
1423,3,1,1,7,3,0,0,6145379
1822,4,4,1,16,4,1,0,8675769
2199,5,1,1,6,9,0,0,8959761
2513,3,2,2,18,5,0,1,9133128
2696,3,3,10,9,4,1,2,12177083
1325,4,3,6,6,5,1,1,8372480
1668,3,1,8,19,10,1,0,8088695
670,2,1,4,6,9,1,0,5048754
1742,3,2,1,20,10,0,2,7708313
1533,2,1,5,0,3,0,1,6999894
2091,5,3,8,12,9,0,1,10772712
2944,4,2,2,19,1,0,0,10437478
545,2,1,5,14,6,0,0,4114065
1381,4,2,7,11,1,1,1,8388342
1718,2,1,5,4,4,1,0,7429433
624,2,1,1,3,1,0,1,4152993
2874,5,3,5,0,9,1,0,12667507
1127,2,1,7,12,0,0,1,6094159
2407,4,2,1,18,0,0,1,9252901
2462,3,2,1,8,3,0,2,9389320
507,1,1,9,15,3,0,1,4505958
2949,4,4,8,17,2,1,2,13253634
2756,5,2,6,20,5,1,0,11565599
2024,4,3,5,4,10,1,2,10479701
1975,4,1,10,8,2,1,1,10163386
2346,5,2,1,10,8,0,2,10030351
1153,4,2,4,12,1,1,0,7132949
2728,3,3,2,18,0,1,2,10644105
1174,4,2,6,15,1,1,1,7565884
2117,5,4,4,18,5,1,2,10911340
935,1,1,3,6,0,0,1,4551598
795,2,1,7,9,3,0,0,5093683
627,2,1,4,5,10,0,0,4493709
987,2,2,7,0,9,1,1,6914771
1353,3,2,10,18,7,0,2,8218638
629,2,2,6,0,4,1,1,5862814
901,2,2,8,0,6,0,1,6586622
855,2,2,9,2,1,0,0,6133073
1881,3,3,8,1,5,1,2,10295121
2348,3,3,7,3,0,0,2,10761899
615,2,1,9,5,7,1,1,6035578
2694,5,1,5,18,1,1,0,11058637
1701,2,1,5,19,5,1,0,7249486
814,1,1,8,7,0,1,0,5391055
679,2,1,4,10,10,1,0,4951983
975,1,1,3,4,9,0,1,5004036
2261,3,3,9,11,10,0,1,10507543
1642,3,3,7,2,1,0,1,8839677
1964,4,4,9,7,2,0,0,10036073
2836,3,3,4,14,10,1,2,11389817
773,1,1,2,17,0,0,0,3477785
1045,4,4,1,11,0,0,0,6420876
1589,4,1,5,4,5,0,1,8210424
1272,4,4,8,15,3,0,0,8146862
2717,3,1,3,16,2,0,1,9617231
797,1,1,7,20,5,0,1,4775345
2268,3,2,7,0,3,1,1,10302291
1420,4,2,8,19,8,1,2,8987050
1144,2,2,8,2,6,0,1,6883045
847,1,1,6,8,6,1,1,5453441
1898,4,3,5,15,8,1,1,9703505
2914,5,2,8,10,1,1,1,12679321
757,2,2,5,9,9,0,1,5583466
1827,3,3,4,11,4,0,1,8437248
2185,4,3,10,13,10,0,2,11387102
1070,4,3,4,11,8,1,0,7371229
2882,5,2,2,9,10,0,0,11206517
1881,3,3,8,11,3,1,1,9708627
2827,4,3,3,8,9,0,1,11087607
2042,5,4,1,2,3,1,1,10132828
2755,5,3,9,18,6,0,1,12055143
2251,5,4,10,3,7,1,1,12236993
1072,2,1,6,1,0,0,1,5958512
2692,4,2,2,13,3,0,2,10505650
540,1,1,10,8,4,1,0,5027329
2972,5,3,9,11,3,0,0,12736913
1797,2,1,7,6,8,0,0,7662894
1604,3,1,2,7,6,0,0,6820763
1178,2,1,5,3,0,0,1,6082427
2956,4,4,4,7,1,0,1,12040945
2312,3,3,7,19,6,0,2,10369426
1340,4,4,7,16,5,1,0,8550587
2088,4,2,6,4,1,1,0,9906867
1348,2,2,6,12,4,0,2,7040732
1445,3,3,8,0,10,0,2,8996002
2352,5,1,7,18,5,1,1,10472550
2287,5,4,7,2,6,1,1,11737308
2001,4,4,3,5,3,0,0,9515028
1993,3,1,2,5,1,0,1,7776098
1545,3,1,5,4,6,1,0,7554269
1776,2,1,4,2,9,0,2,7918146
1220,3,3,8,13,2,0,0,7455982
1300,4,1,2,3,4,0,2,6971475
2394,5,3,3,4,8,0,0,10686737
1833,3,2,9,0,8,0,1,9247276
698,2,1,3,7,9,1,1,5055679
2363,3,3,2,7,2,0,0,9377256
1056,2,2,8,16,7,1,1,6982549
2411,5,3,10,18,6,1,2,12554778
1183,4,4,3,1,3,0,1,7810493
973,2,2,7,9,5,0,1,6241210
565,1,1,3,14,9,0,1,3751459
1082,2,1,8,8,7,1,1,6884308
2021,3,2,3,13,0,0,0,8174521
914,2,2,1,11,7,1,1,5260251
1704,3,3,9,15,0,1,0,8868700
1292,3,3,3,0,1,0,2,7494075
1604,2,1,9,6,10,1,0,8098635
1868,5,4,6,19,5,1,1,10032749
2617,5,1,8,15,6,0,2,11707041
2819,5,1,3,12,5,1,2,11658903
1594,2,1,4,2,9,1,1,7480892
671,1,1,1,4,3,1,0,3849473
1121,3,3,10,8,3,0,0,7487230
653,2,2,2,7,7,0,1,4586986
2382,4,3,8,8,9,1,2,11828553
2657,3,3,10,16,10,1,2,12295542
1504,2,1,7,15,4,1,2,7568372
2157,3,3,5,8,1,0,2,9518425
1396,2,2,3,3,8,1,1,7201682
2217,5,3,5,2,3,0,2,10885544
771,2,1,7,12,6,0,1,5403144
625,2,2,2,9,3,1,1,4912894
2123,5,2,7,13,3,1,0,10362173
1175,3,1,10,10,9,1,0,7443351
837,1,1,9,13,7,0,0,5357385
508,2,1,1,4,4,1,1,4234065
858,1,1,5,10,1,0,0,4593655
500,1,1,7,15,1,1,1,4485742
2654,3,3,5,4,1,1,2,11493608
1144,4,1,8,19,3,1,0,7197032
1887,5,2,8,14,5,1,1,10272032
2142,4,2,5,10,3,0,1,9348665
1135,2,1,1,18,1,0,0,4795559
1016,2,1,5,10,5,0,1,5645089
1002,4,3,4,15,10,0,1,6830448
1284,3,1,1,1,4,1,0,6435615
2398,5,4,6,14,2,1,2,12111372
2229,5,3,10,5,0,0,1,11376504
2494,4,2,1,4,3,1,1,10347116
1239,3,1,1,20,5,1,2,6238739
511,1,1,9,6,3,0,1,4814427
2568,4,4,9,18,9,0,1,11967440
661,2,2,9,14,0,1,1,5812826
2913,5,1,8,13,7,0,1,12283440
1412,3,2,5,20,0,0,2,7385161
1540,3,2,1,16,3,0,0,6647925
2340,3,2,1,13,0,0,1,8686285
2738,4,1,9,20,4,0,1,11413529
1374,4,3,2,7,6,1,0,7699910
1320,2,2,2,10,10,0,1,6127545
1031,4,3,3,9,10,1,1,7215314
2246,3,3,3,11,1,1,1,9767652
2747,5,1,2,4,1,0,0,10201508
1606,2,1,8,10,1,1,2,7965983
1639,2,2,2,11,2,1,0,6934272
1525,4,1,10,2,1,0,0,8467617
2638,5,2,8,20,5,0,1,11699398
2271,3,3,7,6,2,0,2,10431622
2901,5,1,4,15,8,1,1,11553774
2010,3,1,1,14,3,0,2,7822044
2025,5,3,7,0,5,1,0,10548410
893,1,1,8,15,8,1,0,5542611
633,2,1,5,17,6,1,0,4778380
724,2,1,5,12,2,1,1,5278314
804,2,1,8,9,4,1,0,5657311
1667,3,1,2,4,8,0,1,7218507
1582,3,2,2,5,9,0,2,7822545
1448,2,2,5,17,8,0,2,7167695
2864,5,3,9,9,1,1,0,12673272
2221,3,3,6,8,0,0,0,9268503
2909,3,1,8,1,7,1,1,11846404
1582,2,1,2,10,2,0,2,6795981
925,1,1,4,4,2,0,1,4769043
2642,4,2,8,17,3,0,1,10920687
2091,3,3,5,11,2,1,2,9750086
2868,4,3,4,19,1,1,1,11538147
2538,3,1,7,18,3,1,2,10281443
1255,4,1,4,4,0,0,0,6814426
795,2,1,4,8,1,0,0,4703540
556,2,1,6,6,7,0,0,4691434
1004,3,2,7,12,10,1,1,7228075
1097,2,2,6,6,10,0,1,6559163
1621,3,1,5,0,6,1,0,7766269
744,2,2,4,13,1,1,0,5000860
1225,3,1,8,16,1,1,1,7183610
1418,3,1,5,15,6,1,0,7071246
2294,3,1,4,20,7,1,0,9117104
2759,5,2,2,8,5,1,2,11373792
2615,4,4,1,2,9,0,0,10842969
1532,2,1,8,16,0,0,0,6857100
2768,4,3,1,15,3,0,0,10342105
2240,4,3,10,6,10,1,2,12028171
2964,5,3,2,12,7,0,0,11397824
1876,4,4,4,17,5,1,0,9240329
2803,3,3,2,3,9,0,0,10440394
679,1,1,7,17,1,0,1,4538633
1404,4,2,4,11,1,0,1,7306741
2906,4,1,5,20,9,1,0,10824812
1469,4,1,2,8,9,0,0,7002192
1634,4,2,1,15,3,1,1,7645605
2563,5,2,10,8,0,1,2,12357168
1961,4,2,1,3,10,0,2,8860700
1204,2,1,1,5,3,0,0,5123724
2387,3,3,8,7,9,0,0,10268782
1336,3,3,5,13,2,0,0,7072099
531,1,1,1,17,2,1,0,3113400
1145,2,1,3,13,1,1,0,5593293
1180,3,3,9,17,10,1,1,7987784
2934,5,2,8,13,2,1,1,12539989
2983,3,3,1,6,6,1,1,11341685
2404,3,3,2,4,0,0,2,9877527
963,2,2,10,4,0,0,0,6608523
1485,2,1,4,17,8,0,1,6517160
883,2,2,6,17,2,0,0,5304959
1340,2,1,2,16,2,1,0,5753509
2739,3,3,6,14,2,1,1,10940294
547,1,1,1,2,5,0,0,3248563
1279,3,1,8,17,10,1,0,7440022
2977,3,3,3,11,5,1,2,11410922
2564,5,3,5,8,2,0,2,11734278
2959,5,4,5,15,8,0,0,12077551
1683,4,1,6,12,7,0,2,8566136
607,1,1,1,8,3,1,1,3888189
863,2,2,9,4,6,1,0,6504131
1111,3,3,4,10,5,0,1,6697210
1197,4,4,1,17,0,1,0,6945260
1484,3,3,10,17,7,1,0,8830237
2653,3,1,2,1,4,0,0,9624821
1535,4,1,9,16,0,1,2,8957275
1226,4,4,8,7,8,0,1,8751844
1268,4,1,7,8,3,0,2,7609231
2138,5,3,3,16,9,1,1,10142502
584,1,1,3,11,8,1,0,3888080
1531,2,2,1,12,4,1,0,6457138
2030,4,1,3,12,3,1,1,8906315
1265,3,1,1,2,7,1,1,6561734
1646,3,3,10,16,8,0,0,8901947
2008,3,3,9,16,2,1,1,10051261
1049,3,3,1,10,0,1,0,6196711
1693,2,1,4,6,5,0,2,7367851
1790,4,1,7,7,2,0,0,8358066
2957,4,4,2,17,0,0,0,11083273
1310,3,1,3,12,10,1,0,6481157
2165,3,3,2,2,9,1,1,9816415
890,2,2,9,16,0,0,0,5770709
608,1,1,6,13,1,0,0,3938216
2045,4,4,8,8,4,0,2,10967225
512,1,1,6,19,5,0,0,3630221
2972,3,1,9,20,9,1,0,11500313
1425,2,2,9,15,5,0,2,7649505
2168,3,1,3,6,9,0,0,8358174
1626,3,2,7,2,1,1,0,8519840
1704,2,2,1,11,10,0,1,6902848
2119,4,4,1,16,1,0,2,9216305
573,1,1,1,16,3,1,1,3561911
2988,3,1,7,4,10,1,0,11477189
1371,2,1,4,8,5,1,0,6588322
2585,5,2,7,18,1,1,2,11942925
2238,5,2,10,6,8,1,1,11816893
665,1,1,5,17,0,1,0,4138177
1472,3,3,9,16,2,1,0,8281784
2033,5,1,1,3,10,1,1,9473869
573,1,1,10,18,1,1,1,5119093
564,2,2,10,5,6,1,1,6394622
1714,4,4,2,16,4,0,2,8796561
2872,4,2,3,10,9,0,1,10793117
2549,4,2,3,6,1,0,0,9830509
1078,3,2,10,17,0,1,0,7440132
2437,3,2,2,14,6,0,2,9431365
1384,3,3,4,16,9,0,1,7429270
2967,4,2,9,4,10,0,1,12746477
1911,4,1,3,18,9,1,1,8399242
1103,3,3,6,17,10,0,1,7108941
882,2,2,6,13,10,0,0,5485453
2473,4,1,3,6,8,1,2,10389750
992,2,1,5,12,8,0,0,5404370
1772,4,3,1,0,2,1,0,8319898
2604,4,4,7,2,0,0,1,11711882
807,1,1,10,10,0,0,0,5204121
729,2,1,5,20,9,0,1,4717090
2170,3,3,9,6,9,1,2,10954111
1088,2,2,4,20,4,1,0,5895586
2304,4,3,7,5,0,1,0,10835686
2186,5,2,10,4,5,0,2,11591959
2515,5,4,7,1,2,0,1,11734140
2646,5,3,2,6,3,0,1,10887589
1043,3,2,3,6,5,1,0,6307836
824,2,1,4,5,10,0,0,5048448
501,2,1,4,13,3,1,0,4215587
2736,5,3,7,3,3,0,1,11966184
2733,4,3,5,18,0,0,2,11110012
1076,3,2,9,1,1,1,1,7668969
716,1,1,4,8,1,1,1,4621284
1080,3,3,8,16,2,0,0,6763558
1161,4,1,8,18,8,0,0,7121782
1569,4,4,3,18,8,1,2,9052429
2984,4,2,7,7,8,0,0,12052775
1225,4,3,7,0,5,0,2,8631678
593,2,2,7,3,7,1,0,5605784
2533,3,2,9,4,0,1,0,10831689
1088,2,1,3,7,10,1,1,6078592
853,2,2,1,10,8,1,0,5074140
2158,5,2,2,16,10,0,0,9461727
1068,3,3,7,14,9,0,1,7102903
2994,5,3,9,0,2,0,0,13233765
638,1,1,10,8,8,1,0,5376383
2980,4,1,2,9,5,1,2,11387957
2375,3,3,8,2,5,0,0,10671786
2145,4,4,8,6,8,0,0,10868793
2351,4,4,2,19,1,1,1,10208457
2517,4,2,10,18,6,1,2,11994492
1030,3,3,10,6,7,0,1,7867782
502,2,1,4,11,0,1,0,4234148
1976,4,4,10,10,10,1,2,11129416
1011,2,2,9,5,5,1,1,7057501
2644,4,4,10,12,3,0,1,12369265
1704,2,1,3,17,9,1,1,7348999
1410,2,1,6,12,2,1,0,6826387
1842,3,3,6,15,2,1,1,8875828
2857,3,2,10,7,3,1,2,12423488
2015,3,1,9,3,8,1,1,9765037
2505,5,3,7,17,5,0,2,11517659
2497,5,3,5,7,0,0,1,11189024
991,1,1,8,19,7,0,0,5189150
1866,5,2,5,1,1,1,0,9527889
861,2,2,8,3,5,1,0,6280586
1210,3,3,4,13,7,0,0,6824457
2332,4,1,1,19,4,0,2,9165749
946,2,1,1,11,2,1,1,5054476
999,2,1,10,4,7,0,1,6675874
1462,4,3,7,5,2,1,2,9386661
2253,4,1,6,18,8,1,1,9956535
1644,3,1,3,15,5,1,2,7887670
1645,4,3,10,13,5,1,2,10270461
1679,2,1,5,19,1,0,2,7153792
1861,3,1,1,1,0,0,1,7473453
1440,4,2,2,7,2,0,1,7476252
783,1,1,6,10,7,0,0,4665114
2243,5,2,2,9,4,1,2,10330990
2069,4,4,3,15,3,1,1,10001157
2306,5,3,7,4,0,0,1,11286312
1186,3,2,4,2,8,0,0,6735585
933,1,1,2,4,3,0,0,4351639
879,1,1,1,2,8,0,1,4386856
1155,2,2,6,0,8,0,1,6769360
856,2,1,3,11,7,1,1,5230958
1987,5,3,8,4,6,0,2,11149959
1832,3,3,2,16,10,1,1,8625788
2768,3,3,2,12,0,0,2,10421599
995,2,1,2,14,10,0,0,4834159
1389,4,2,1,10,2,0,0,6739329
2821,5,2,7,5,1,1,1,12477739
2896,3,3,5,7,8,0,0,11346075
1831,5,3,4,18,8,0,1,9290314
1761,3,2,2,15,10,1,2,8362048
2519,3,1,7,9,3,0,2,10219355
1539,4,4,10,3,2,1,2,10486209
2884,4,1,3,18,2,1,0,10334002
1856,3,3,10,14,8,1,2,10006697
2508,5,3,3,18,8,0,0,10275767
903,1,1,7,1,8,0,0,5228473
682,2,2,10,14,8,1,1,6445429
2024,5,3,3,7,10,1,0,10121536
665,1,1,5,9,3,1,0,4515951
2850,4,1,8,2,5,0,0,11668066
2836,3,1,3,20,9,0,2,10447204
1926,5,1,2,9,3,1,1,9051454
2594,3,1,10,6,0,1,1,10893436
2930,4,1,10,3,2,1,0,12338687
1121,2,1,3,3,10,1,1,6195023
1071,2,1,10,2,1,0,1,6762340
1030,2,1,2,19,0,1,0,4961712
2667,4,2,4,19,3,0,1,10408074
2267,4,3,4,17,0,0,1,9758746
1734,4,1,3,9,2,0,0,7544405
2787,5,4,9,4,5,0,2,13393340
1051,2,2,7,4,0,0,1,6591462
1933,5,4,2,20,0,0,2,9528077
2942,4,2,10,15,0,0,0,12164453
985,1,1,4,13,5,1,1,5204525
1033,2,1,5,2,2,0,0,5715918
720,2,1,6,19,2,1,0,4947189
1638,2,1,10,19,0,1,2,8398210
849,2,2,10,0,6,0,0,6366439
1652,4,1,6,10,4,0,2,8550753
531,1,1,1,7,0,0,0,3046991
2161,4,4,6,13,4,0,1,10261973
1925,4,3,7,5,3,1,1,10303009
1060,3,2,7,0,1,0,0,6870230
2606,3,1,4,0,6,0,0,9749635
1631,2,2,3,13,8,0,2,7150977
899,2,2,2,4,9,0,0,5264531
749,2,1,4,16,0,1,1,4819658
720,2,1,6,2,0,1,1,5688604
1628,3,2,4,12,2,0,2,7708444
571,2,1,6,17,8,1,1,5006784
2259,5,3,8,0,3,0,2,11300103
1314,4,2,10,12,2,1,1,8850834
2112,4,2,2,11,9,0,2,9158430
1066,4,4,1,1,0,1,1,7282247
910,2,2,10,0,1,0,0,6491729
2489,5,4,2,8,0,0,2,11169555
2898,3,3,9,2,9,1,2,12530890
1521,4,1,6,5,0,1,2,8601962
655,2,2,7,19,8,1,0,5447019
1313,3,3,8,3,6,1,2,8790982
1698,2,2,7,3,2,0,1,7974220
701,2,2,10,8,3,0,0,5934189
2289,3,1,9,18,9,1,2,10424161
966,2,1,2,8,2,1,0,4958120
2413,3,3,8,17,2,0,0,10061097
1148,4,1,5,3,8,0,0,6835265
2841,5,4,3,3,1,1,0,12248225
2701,5,3,9,0,1,1,1,12751275
1066,2,1,8,11,8,0,1,6523977
2031,4,1,9,5,0,0,1,9738884
2215,4,3,8,2,2,0,1,10739953
1726,4,4,2,20,10,0,0,8256896
2546,5,3,3,19,10,1,2,11656085
1116,3,3,7,18,10,1,0,7252957
2911,4,2,2,8,1,1,0,10842007
680,2,1,3,15,4,0,1,4395439
1950,3,2,10,20,6,0,1,9395309
2977,4,3,10,12,6,0,2,12842002
2258,3,2,8,16,4,0,0,9482549
1126,4,3,2,12,2,0,1,6789448
1495,4,4,5,17,8,0,0,8264046
2850,3,2,9,12,8,0,2,11539013
2285,3,2,7,15,2,1,2,10257704
2240,3,3,2,2,4,0,0,9261317
962,1,1,10,20,2,0,1,5547877
1373,3,3,7,0,5,0,0,7749309
1542,3,3,9,3,6,1,2,9268818
1178,3,2,5,15,2,1,0,6741166
2256,4,1,4,9,4,0,2,9569229
758,2,2,2,16,2,1,0,4690126
511,2,2,9,4,1,1,0,5605338
2194,5,1,4,10,9,0,1,9822379
1585,4,4,10,17,9,0,2,10139346
2121,5,4,5,16,6,1,2,11257080
869,2,2,10,8,5,0,0,6191998
1052,4,2,1,15,5,0,1,6223585
682,2,1,2,15,1,1,0,4139529
2941,5,4,4,13,5,0,1,12570542
1015,2,2,6,11,9,0,1,6211496
701,1,1,3,9,8,1,0,4200055
2041,4,3,9,19,6,1,1,10446422
1838,4,3,3,0,4,1,1,9521942
2507,4,3,9,0,9,1,1,12324771
1404,2,1,7,4,3,1,1,7515272
2061,3,3,3,13,5,1,0,8712404
1868,5,3,4,1,0,1,0,9850266
985,1,1,5,5,7,1,1,5718926
2441,4,4,3,10,9,0,1,10372555
823,1,1,2,2,5,1,1,4877627
525,1,1,8,18,8,1,1,4850632
2788,3,1,2,5,9,1,1,10625202
555,2,2,3,13,4,0,1,4303815
954,1,1,4,16,4,0,1,4672430
2261,4,4,9,1,7,1,2,11846914
1584,4,2,5,4,1,0,2,8451694
1537,3,2,1,1,10,1,1,7569466
2004,4,4,6,4,3,0,0,9687010
1292,2,2,5,17,9,1,2,7308147
847,2,2,7,6,3,1,0,6064550
625,1,1,3,2,7,1,0,4298065
748,1,1,4,1,4,1,0,4580731
2993,3,2,9,16,2,1,2,12494461
1855,3,2,1,1,10,0,2,8128036
2123,4,4,9,9,8,0,1,10855600
1205,3,2,5,11,4,1,1,7006993
2677,3,3,6,2,7,0,1,11243644
2762,3,1,6,7,10,0,0,10452909
2557,5,3,9,12,9,1,2,12699360
1134,4,1,5,10,7,0,1,6760273
2340,5,2,5,12,3,0,0,10324474
2950,5,4,5,5,4,0,0,12610700
1427,4,4,3,16,3,0,2,8258783
1118,2,2,1,12,2,0,0,5117566
2608,3,3,10,17,3,0,0,10751593
979,1,1,4,5,0,0,0,4739589
2080,4,4,7,3,0,0,2,10859189
2944,5,4,7,3,0,0,1,12749446
2071,3,2,1,7,8,1,1,8790786
848,1,1,5,13,8,0,0,4517987
2173,5,3,2,1,0,0,2,10339481
569,2,2,3,0,5,1,1,5246679
2909,4,4,2,10,0,0,1,11303522
2097,4,3,2,2,0,1,1,9545934
854,1,1,5,0,7,1,0,5198170
2922,4,4,1,16,9,0,1,11421608
1297,3,2,9,6,4,0,1,7896317
2824,5,4,3,12,9,1,0,12059432
2711,4,1,8,16,10,1,2,11495408
625,2,2,3,11,7,0,1,4783047
595,1,1,1,2,2,1,1,3949006
2638,5,2,7,0,4,0,2,12254799
2841,4,2,2,14,5,1,2,11099408
982,2,2,8,9,1,0,1,6282316
2966,3,1,2,17,10,0,1,9995201
2925,4,2,7,8,2,0,0,11589470
2455,4,1,8,1,4,1,1,11338163
931,2,2,6,15,0,1,1,6123801
1017,2,1,3,11,7,0,0,5192094
703,1,1,4,10,6,1,0,4398245
1365,2,2,8,5,8,0,2,7834250
1646,2,1,2,15,8,0,0,6395221
2353,3,1,3,13,1,1,2,9586300
2028,3,2,2,1,5,0,0,8118348
2022,3,3,3,14,1,0,1,8433256
831,1,1,4,14,0,0,0,4020561
2393,3,2,10,10,10,0,0,10732959
1550,4,1,9,18,4,1,2,8847487
1076,4,4,7,18,8,0,1,7781470
2937,4,3,8,3,6,0,2,12950809
2608,3,2,4,9,8,0,0,10103124
789,1,1,6,1,2,1,1,5274196
1250,2,2,5,6,5,1,1,6983376
1491,3,1,7,16,0,1,1,7872542
2283,3,3,7,14,3,0,2,10467744
1727,4,2,9,9,2,1,0,9284988
1720,3,1,9,1,5,1,0,8823897
2319,4,1,7,11,7,1,1,10206695
2126,3,1,10,5,0,0,2,10144272
1829,3,1,8,20,4,0,2,8789848
916,1,1,2,3,7,1,0,4782436
578,1,1,5,14,10,1,0,4327229
1225,2,1,7,19,5,0,1,6400035
1597,4,1,3,0,1,0,0,7474459
1785,4,3,1,0,2,1,2,9253878
823,2,1,6,6,2,1,1,5737979
1891,3,2,5,1,7,0,1,8878122
1028,3,3,9,1,5,1,0,7948182
769,1,1,7,9,10,0,1,5200597
549,1,1,1,8,5,0,0,3232607
2254,3,3,10,9,1,0,2,10651946
884,1,1,10,19,2,1,1,5922595
1497,3,3,10,10,2,0,1,8644087
636,1,1,8,18,9,0,0,4468446
2255,5,1,2,17,6,1,1,9532572
1489,3,3,5,4,3,0,2,8341369
1756,4,3,4,0,0,1,1,9215228
1143,3,2,1,6,2,1,0,5992433
1370,3,2,5,4,6,0,1,7291386
2700,4,2,10,1,10,0,2,12682267
1112,2,1,5,10,1,0,0,5609557
630,1,1,1,11,3,0,1,3493822
1495,2,1,2,2,6,1,1,6752109
1057,4,1,5,10,7,1,1,6999402
2816,3,1,3,18,9,1,1,10151767
690,1,1,7,5,0,0,1,4759870
2632,3,1,5,14,7,0,2,10240637
504,2,1,2,11,2,0,0,3488052
2267,5,2,2,20,9,0,0,9306688
2648,3,3,10,15,0,1,2,11639308
935,1,1,4,17,5,1,0,4818864
1781,4,4,8,5,1,1,2,10473171
706,2,1,8,17,9,0,0,5146591
2037,5,2,9,18,7,0,2,10465321
1773,2,1,9,4,2,1,0,8166331
1227,4,2,10,9,8,0,2,8803669
1436,2,1,1,8,1,1,1,6247423
1641,4,2,3,16,1,0,1,7937131
1974,5,2,1,4,10,0,0,8710764
1351,2,2,3,7,2,0,2,6637064
1971,3,3,2,7,5,0,0,8455590
1035,4,1,7,10,0,1,1,7156546
511,1,1,10,7,7,1,1,5337652
2894,3,3,9,7,2,0,2,11899805
1163,4,1,7,2,7,1,1,8020015
667,1,1,2,0,4,0,1,3972860
2085,4,2,3,18,1,0,0,8484839
557,1,1,7,17,5,1,1,4637624
666,2,1,7,4,1,1,1,5544783
1741,4,3,5,9,10,0,1,9264032
2103,3,3,5,19,3,0,2,9258539
534,2,2,3,14,3,0,0,4023401
2277,3,1,5,4,4,0,1,9341449
1907,5,3,5,4,1,0,2,10169884
2933,5,1,10,13,2,0,2,12495081
846,2,2,4,6,8,1,0,5759837
1653,3,1,6,1,5,0,0,7697990
1328,2,1,2,2,5,1,1,6270633
1593,3,2,7,18,10,1,1,8361866
2357,4,3,6,6,5,0,1,10592882
2434,4,4,7,19,8,1,0,11137990
1648,2,1,3,10,4,1,0,6907434
532,2,2,9,2,5,0,1,5749248
1823,4,4,7,9,7,0,0,9754593
1481,2,2,5,4,3,1,2,7813824
986,2,1,7,3,4,0,1,6147363
2890,3,1,3,13,1,1,1,10627290
1374,4,1,8,18,6,0,2,8146236
1425,2,1,1,17,10,0,1,6004293
1959,3,1,2,2,5,1,0,8305902
2781,4,3,3,6,5,1,2,11971993
2273,5,4,5,8,10,1,0,10988060
1294,4,2,1,16,6,1,2,7402299
1411,3,2,8,4,9,1,1,8578749
2165,3,1,8,0,1,1,0,9731383
691,2,1,8,17,1,0,1,5103477
2626,5,1,1,0,2,1,2,10756488
1024,2,2,3,10,7,0,0,5402380
2974,4,2,10,3,3,1,2,13389451
855,2,1,1,6,1,0,1,4584896
1937,5,2,9,12,2,0,2,10443909
2857,5,4,4,11,2,1,2,12558335
1373,2,1,3,4,10,1,0,6600326
1278,4,2,1,9,5,1,2,7468765
1409,3,1,3,7,6,1,0,6899108
642,2,2,2,1,8,1,0,4928620
2093,5,4,2,16,2,0,1,9508643
557,2,1,3,12,1,1,0,4233372
2786,5,2,2,15,10,1,2,11773666
2687,4,4,8,6,5,1,1,12233858
1359,2,1,3,5,8,0,2,6447084
2988,4,3,3,11,8,0,2,12023026
1254,2,2,7,1,6,0,2,7576840
1882,3,2,1,12,3,1,0,7603412
969,1,1,7,15,4,0,0,4935683
1791,2,2,2,20,8,1,0,7033075
793,1,1,3,12,10,0,1,4429217
1438,4,4,6,12,1,1,2,9004598
2450,3,2,6,8,9,0,0,10151972
775,2,1,7,8,1,0,1,5349129
1612,2,1,10,12,9,0,2,8219588
2741,4,3,3,1,7,0,0,10704150
1191,3,1,1,2,9,1,0,6100303
867,1,1,2,6,9,0,1,4607456
2152,4,4,7,1,9,1,0,10741143
2246,4,4,4,2,9,0,0,10253438
2094,5,1,8,10,9,1,2,10864826
1943,3,3,4,20,10,1,0,8565212
875,2,2,5,6,0,1,0,5623955
1092,2,1,2,18,1,1,0,5175901
2491,4,3,5,18,10,1,1,10967388
704,1,1,7,17,7,1,1,5001424
2282,4,4,5,18,7,1,1,10907709
864,2,1,7,11,6,0,1,5759860
635,1,1,4,11,5,0,1,4032423
2911,5,4,5,18,6,0,1,12250389
950,2,1,10,12,3,1,0,6260742
2019,5,4,1,5,5,1,0,9659308
1159,3,2,4,13,4,0,0,6336600
1687,4,3,10,12,5,1,1,10052323
1515,3,2,5,9,3,1,2,8086703
798,2,1,7,18,9,0,0,5236152
1558,3,3,8,9,3,1,1,8774335
2653,5,2,3,7,0,1,2,11386545
2979,5,4,4,18,10,1,0,12313218
924,1,1,3,1,2,0,1,4845176
2461,4,3,9,11,3,1,2,12000956
2190,4,3,8,18,2,0,0,9868269
675,2,2,10,13,4,1,0,5938724
1415,4,1,1,4,5,0,0,6794406
1335,4,4,6,12,5,1,0,8387424
1881,5,4,1,17,6,0,2,9420689
781,2,2,9,9,3,1,1,6411066
1406,2,1,4,17,8,1,0,6542979
1714,2,1,7,5,10,0,0,7836395
1298,3,2,5,5,4,1,0,7347072
576,2,1,8,18,6,1,0,4953876
1785,4,2,10,8,6,0,0,9616133
867,2,2,5,2,7,1,0,6102773
1737,2,2,1,4,3,1,0,7053055
2790,5,3,7,12,5,0,1,12334240
1153,2,1,3,16,2,0,0,5063415
1050,3,2,10,3,3,0,0,7171754
1398,2,2,7,14,7,0,2,7511721
2252,4,3,1,14,6,0,1,9385988
1922,4,2,1,5,4,1,0,8328727
1208,2,2,8,5,3,0,0,6711414
1039,2,1,9,9,7,0,0,6135468
1167,2,1,5,1,5,0,1,6349038
2194,4,4,2,15,10,1,1,10264654
2195,3,3,10,5,4,0,1,10469073
2718,3,3,8,4,10,1,2,11998455
2571,3,1,3,10,9,0,2,9974050
1905,4,4,9,9,4,0,0,10059686
1268,3,3,2,5,1,0,0,6417534
693,1,1,9,1,3,1,1,5770534
704,1,1,1,15,4,0,0,3361032
1943,3,3,10,19,4,1,0,9735758
948,2,1,3,5,2,1,1,5609019
1523,2,2,3,5,0,1,1,7044598
962,2,1,7,10,10,1,1,6480253
1287,2,1,9,6,3,1,1,7360221
575,2,2,9,19,9,1,0,5535870
585,1,1,6,19,10,1,1,4510223
1782,2,2,8,8,9,0,1,8460864
1356,2,2,7,7,4,0,1,7340838
2442,4,2,3,11,9,0,0,9710998
2135,4,1,3,19,2,0,2,8781054
1145,2,2,2,2,5,1,0,5894857
2922,4,3,10,12,3,1,0,12614593
1131,4,4,3,19,4,0,0,6855826
811,2,2,10,16,0,1,0,6101760
938,1,1,1,8,9,0,0,4114554
842,1,1,2,5,1,1,1,4633430
961,2,1,7,17,6,1,1,6029863
534,1,1,9,10,4,0,1,4706295
1751,2,1,1,12,2,1,1,6980330
2467,3,2,9,10,6,1,1,11235747
2135,5,3,2,19,6,0,0,9214139
1238,2,1,7,4,2,0,0,6280065
1751,4,1,1,9,2,1,2,8041956
961,2,2,9,18,1,0,1,6364769
2328,3,2,10,19,9,1,2,11041461
895,1,1,2,17,0,0,0,3904903
2229,4,1,3,0,0,0,1,9441137
1160,4,3,4,17,6,0,0,6757109
690,2,1,5,7,8,0,0,4885062
2765,5,2,7,19,2,0,0,11293322
2687,5,4,3,14,6,0,0,11057468
2776,3,3,10,12,10,0,0,11845824
2169,5,1,9,10,10,0,2,11127628
2148,3,2,8,3,3,1,2,10293693
945,1,1,4,4,10,0,0,4985776
2993,3,1,9,16,3,1,0,11455868
2957,5,1,9,15,5,0,1,12544439
2475,4,4,2,20,0,1,2,10768934
2883,3,1,9,16,1,1,0,11315097
1021,3,3,8,13,1,1,0,7137315
2930,4,2,9,9,5,1,0,12446194
568,1,1,7,11,6,1,0,4623866
1949,5,1,3,10,7,0,1,8994799
2929,5,2,6,10,3,1,2,12593636
536,2,2,3,18,9,0,1,4300950
2446,3,3,7,13,9,1,0,10770971
2851,5,4,8,0,8,0,2,13621693
2373,4,4,5,17,5,1,1,10773065
2585,3,3,9,9,1,1,1,11326291
2377,5,3,4,12,9,0,1,10638522
2893,5,1,5,9,5,0,2,11596646
2608,4,1,6,5,1,0,0,10286714
2378,3,2,7,9,8,0,0,10060301
1233,3,3,5,11,8,0,0,6858537
2710,5,2,1,10,7,1,2,11487005
2757,3,3,10,15,4,0,2,11801205
1468,2,1,8,11,0,0,0,6789305
1912,5,4,7,3,9,1,2,11131186
1964,4,3,2,17,4,0,1,8906821
1705,3,2,10,1,8,1,2,10070391
984,2,1,7,20,0,0,0,5356462
1335,3,2,2,1,3,1,1,7093441
1532,2,1,7,15,4,1,1,7483672
2141,4,2,5,1,6,0,0,9380180
1909,5,4,8,4,5,1,0,10675353
1240,2,1,6,7,3,1,1,6855018
1559,3,2,8,12,4,1,2,8906943
2025,5,2,10,13,5,0,0,10489447
1449,4,2,6,0,7,0,0,8046179
1924,3,1,3,19,0,0,2,7734355
1023,4,2,2,2,7,0,0,6382459
2397,4,2,7,8,8,0,2,10829048
1814,5,3,9,10,2,0,2,10511467
1197,4,3,3,10,1,1,0,7410601
1842,4,3,10,2,7,0,0,9963419
713,1,1,5,19,1,1,1,4500849
1602,3,1,6,20,3,1,0,7423889
2666,5,3,2,14,1,1,2,11319227
2839,4,2,5,9,9,0,0,11021008
2500,5,1,4,6,1,0,1,10178341
781,1,1,9,19,2,1,0,5172754
2572,5,2,9,2,5,0,1,11993713
1304,2,2,9,13,2,1,2,7653474
1243,2,2,5,13,5,0,1,6506840
2476,5,1,2,16,9,0,1,9890101
2459,3,2,5,12,7,0,2,10116064
2051,3,3,7,18,1,1,0,9221671
2122,3,3,10,18,4,1,2,10799178
1573,3,1,10,18,9,0,2,8303392
697,2,2,4,18,0,0,1,4613897
848,2,2,5,5,10,1,1,6091494
2607,5,3,10,19,7,1,1,12300874
2019,4,3,10,11,8,0,2,10900868
2926,3,1,3,2,7,1,2,11209110
803,1,1,9,17,3,1,0,5287168
1844,5,3,5,10,1,1,0,9564816
1154,4,4,9,3,1,0,0,8397224
1359,4,3,7,17,1,0,2,8215817
2513,5,1,5,10,9,0,0,10580570
2846,5,2,2,14,7,0,1,11012929
2794,4,4,10,6,3,1,0,12862398
1782,4,1,8,0,10,1,0,9240959
2116,3,3,2,3,9,0,2,9142210
1518,4,2,10,15,4,0,2,9234211
1931,3,1,7,1,9,0,2,9258783
2691,3,3,2,1,4,1,0,10692417
1726,2,2,4,12,1,1,2,8054506
2674,4,2,7,12,2,1,0,11019456
1928,5,4,10,7,3,1,0,11293261
747,1,1,9,10,6,0,1,5348095
1695,3,3,4,2,10,1,1,8979589
1480,4,4,10,5,5,1,0,9508573
1688,2,2,10,1,10,0,2,9262722
2431,4,2,8,0,2,1,2,11503918
519,2,1,5,5,8,0,1,4742349
1550,2,2,2,1,1,1,1,7228323
1338,3,3,5,13,4,0,1,7557314
653,1,1,3,15,3,0,1,3739187
2219,3,2,3,16,1,1,2,9178725
1608,3,1,9,18,3,1,0,8277048
2856,4,1,7,15,6,1,2,11991045
2985,5,1,10,5,2,1,2,13295078
1604,3,2,2,7,5,1,0,7588598
1004,3,2,4,0,10,1,0,6776065
2071,4,1,4,9,3,0,2,9137392
2746,4,4,6,16,3,0,0,11291341
2445,4,1,5,3,3,0,2,10115258
961,2,1,9,20,6,0,0,5789382
2121,3,2,5,5,0,1,0,9236527
1197,2,1,10,1,10,1,1,7683107
529,2,2,2,0,0,1,1,4634939
1381,2,2,6,7,8,0,0,6961395
1767,2,1,3,8,8,1,0,7362828
2785,4,2,7,8,9,1,0,11533449
2028,3,2,5,4,2,1,0,8911255
1376,2,2,2,3,8,0,0,6190706
2067,5,4,2,12,3,0,1,9556783
2737,4,4,3,1,2,0,0,11186438
1468,3,2,3,2,9,1,0,7504004
2727,5,1,1,10,7,1,2,10946479
745,1,1,4,4,5,0,0,4346930
1385,4,4,2,6,0,1,0,7750070
947,1,1,10,1,8,1,0,6397022
2530,3,1,2,0,4,1,2,10169174
2169,3,2,2,18,2,0,1,8505403
2362,4,3,4,13,0,0,0,9890522
1700,2,1,6,4,1,1,0,7499125
1241,2,2,2,4,10,0,2,6414302
2327,4,2,7,19,0,0,2,10106835
1946,4,1,4,4,7,1,0,8982954
2968,4,1,3,8,5,1,2,11561305
958,2,1,3,3,1,0,1,5358413
2699,5,1,3,13,8,1,2,11171508
2984,5,4,5,15,8,1,2,13301629
1019,2,2,7,1,0,1,1,6765746
596,1,1,9,2,9,0,0,4973086
2823,3,1,7,9,0,0,1,10748371
2667,3,2,10,20,2,0,1,11213426
1641,4,3,9,13,4,1,0,9385356
980,1,1,6,8,6,0,0,5187019
539,1,1,3,6,7,0,0,3583210
1846,3,1,4,0,0,0,0,7819333
2043,3,2,7,14,3,0,2,9107000
2614,5,1,2,8,1,1,0,10111622
878,2,1,4,4,10,1,0,5647090
2883,5,4,10,1,6,0,2,13997772
1879,4,1,9,13,7,1,1,9556158
707,1,1,4,7,6,0,0,4187983
1500,3,1,2,16,1,1,0,6638388
2774,5,3,5,10,8,0,2,12438958
1765,2,1,4,20,4,0,0,6709728
1826,3,2,7,13,0,1,1,8812007
2854,5,3,5,18,4,1,1,12114134
719,1,1,9,4,4,0,0,5148171
2708,3,3,9,4,2,0,2,11787725
1683,2,1,7,4,0,1,2,8408922
2535,4,3,3,14,3,1,2,11155638
2185,4,2,4,11,7,0,0,9168887
1153,4,1,9,4,8,1,0,7956627
2214,3,3,3,20,5,1,2,9347708
2128,3,1,1,14,9,0,0,7638528
2246,4,1,1,2,2,0,2,9006858
854,1,1,3,6,2,1,0,4555373
1012,2,2,9,11,0,1,1,6851538
1831,3,3,5,9,6,0,1,8787015
1091,3,2,4,20,4,1,0,6115838
860,2,1,1,11,7,0,1,4592121
1109,3,1,6,17,6,0,1,6525501
2690,3,1,6,3,10,0,1,10700227
1250,3,2,1,16,6,1,2,6834059
1938,5,4,3,4,4,0,2,10333538
2174,5,4,9,8,9,1,1,11892993
829,1,1,4,11,0,0,1,4539914
945,2,2,5,4,2,0,1,5974825
1358,3,1,5,13,6,0,0,6518373
1877,5,4,5,19,5,0,1,9636171
1204,2,2,5,9,10,0,0,6188648
2519,3,3,9,2,8,0,1,11173634
2257,3,2,4,10,10,1,2,10122832
2559,3,3,2,16,8,1,2,10558336
2698,3,2,7,8,0,1,0,11006698
679,1,1,3,11,4,0,1,3911166
1263,2,1,2,12,0,1,2,6216114
2662,4,1,4,15,2,0,2,10503203
2569,4,1,1,6,2,0,2,9698726
2935,4,1,2,2,4,0,0,10400892
2444,3,1,2,15,1,1,2,9401277
686,1,1,3,11,10,0,1,4077865
1666,4,4,9,10,5,0,2,9803766
1343,3,2,4,10,8,0,2,7203452
2435,3,3,9,14,8,0,1,10618052
2416,5,1,4,14,1,1,0,10056434
2763,5,1,10,15,2,0,0,11759267
2908,5,4,5,15,7,0,2,12438478
1887,3,1,8,13,8,0,0,8358775
1674,4,1,9,11,5,1,2,9216514
1195,4,3,5,6,2,0,1,7794740
1164,2,2,10,1,6,1,1,7954219
1563,3,3,8,0,6,1,2,9527416
771,2,1,4,18,5,0,0,4405804
972,2,2,3,12,1,0,1,5462174
1391,2,2,1,20,8,1,0,6002276
1367,4,1,10,17,3,0,1,8097700
1699,4,1,4,0,0,1,0,8345989
2960,3,1,6,7,0,0,0,10588811
791,2,2,6,17,6,1,1,5865181
1503,2,2,4,9,8,0,0,6633214
569,1,1,8,13,4,0,1,4581874
2897,4,1,6,15,3,1,1,11572543
955,1,1,8,15,5,0,0,5162470
2024,5,4,9,3,5,1,1,11377751
686,2,1,4,12,0,0,1,4581157
2282,5,3,5,13,7,1,0,10478303
764,2,1,1,14,3,0,1,4109541
2073,4,4,9,20,3,1,2,11142887
1386,2,2,6,9,3,0,0,6887699
1714,2,2,9,10,7,0,1,8219327
2804,3,2,5,12,10,1,0,11093657
1261,4,3,1,14,6,1,1,7173463
2324,5,4,4,4,7,0,2,11156457
1885,3,3,9,12,7,1,2,9936030
2972,3,1,9,13,8,1,2,11856209
623,2,2,10,7,2,0,1,6003133
1463,3,1,6,0,10,0,1,7625088
2212,5,1,6,19,7,1,1,10380357
1787,2,2,7,14,0,1,2,8589568
2397,4,3,6,8,2,1,0,10779324
613,1,1,3,5,7,0,1,4111879
1033,3,3,4,5,0,0,0,6464500
1103,3,1,2,2,7,1,1,6358563
994,2,1,7,5,0,1,0,6106048
2724,4,1,5,8,8,1,2,11418038
632,2,1,2,13,9,0,0,3993604
1233,2,1,3,13,9,0,0,5738307
1590,2,2,5,15,1,0,1,7132497
792,2,2,1,6,1,1,0,4792740
661,2,1,1,9,9,0,0,3903880
2379,3,2,5,12,9,0,0,9656757
2304,3,3,5,14,6,0,2,9732770
1410,4,1,7,10,4,0,0,7738656
2752,4,1,10,7,9,0,0,11532856
1147,3,1,9,2,2,0,1,7171784
695,2,2,1,4,6,1,1,4971794
1856,3,2,3,17,10,1,1,8569106
2908,4,3,10,20,9,1,0,12524474
502,2,2,1,13,7,1,1,4409897
588,1,1,9,0,10,0,0,5055103
1179,2,1,6,9,3,0,1,6134790
2844,3,3,4,5,2,1,0,10930705
1209,2,1,4,11,1,0,0,5657844
1857,4,1,2,19,3,1,1,8047224
636,1,1,10,16,8,1,0,5258746
1505,2,1,5,7,6,0,2,7160680
529,1,1,10,17,10,0,0,4557822
1603,3,1,3,18,0,1,1,7277527
2108,4,2,1,3,2,0,1,8820539
808,2,2,5,18,5,1,0,5247681
560,2,1,10,8,10,0,0,5502334
1900,5,1,10,4,2,1,1,10238256
1438,2,2,6,7,6,0,1,7384986
1622,3,2,3,16,10,1,1,7787016
1081,4,1,10,13,1,1,0,7365768
2839,5,2,9,8,5,0,1,12185187
1180,4,1,2,11,3,1,1,6528024
885,2,1,3,3,9,0,1,5194980
702,2,2,10,14,10,0,1,6124414
1019,3,3,5,4,2,0,0,6613738
1541,4,3,9,3,9,0,2,9875144
530,2,2,8,1,6,1,1,6034816
1312,2,1,3,18,9,1,1,6137045
734,1,1,8,17,10,1,1,5316097
2628,4,3,9,16,3,0,1,11667416
2457,3,2,3,0,8,1,1,10177762
2894,3,2,5,6,10,1,2,11671152
2898,4,2,9,5,2,0,1,11851684
935,1,1,7,5,4,1,0,5593636
1272,4,3,3,20,0,0,0,6892286
1506,3,1,5,18,9,0,2,7257673
555,2,2,3,14,0,0,1,4250321
1574,3,1,10,11,6,0,0,7927079
1667,4,1,1,7,9,0,0,7417788
845,1,1,6,6,8,0,0,4824644
2399,3,1,10,7,6,0,2,10440520
587,1,1,8,1,5,1,1,5272368
2212,3,2,7,4,6,1,0,10022308
1949,3,1,10,10,3,1,0,9163008
2235,3,2,7,4,3,0,0,9779626
1311,3,1,1,20,9,1,1,6368368
2282,4,2,4,3,6,1,1,10477199
1678,2,1,8,5,7,1,2,8736299
2643,4,4,7,1,6,0,1,12040729
1237,4,1,5,13,1,1,1,7399037
909,2,1,2,15,9,0,0,4545634
1248,2,1,5,17,3,1,1,6271155
1594,2,2,3,7,4,1,1,7494402
1304,4,4,10,8,7,0,0,8841794
1701,4,3,4,12,2,1,2,9133266
1650,4,4,3,6,8,1,2,9496865
758,1,1,10,10,3,1,1,5788901
1597,2,1,7,8,3,1,2,8059254
633,1,1,9,2,4,1,0,5237558
2181,5,1,5,7,7,1,1,10136448
709,2,2,2,17,7,1,1,4851779
2196,4,2,7,7,6,0,1,10236197
856,2,1,1,4,7,1,0,4878075
950,1,1,6,1,7,1,0,5551111
1467,3,2,7,1,5,0,0,7911413
2319,4,4,10,16,3,0,0,10983387
2302,5,2,1,12,7,0,2,10144788
1249,4,2,7,13,7,1,0,7902509
2596,4,4,6,6,8,1,2,12270105
691,2,2,4,18,6,0,1,4871792
1192,4,4,7,0,5,1,0,8743580
1739,4,2,3,3,7,0,1,8526193
2797,4,1,9,12,10,1,0,11678322
1343,2,1,2,12,2,0,1,5694040
2876,5,2,9,19,1,0,1,11941124
1130,3,3,6,6,3,1,0,7301467
524,2,2,10,8,2,1,1,5904791
1344,4,2,2,7,5,1,2,7976178
2963,5,1,2,9,5,1,1,11248600
2058,5,2,2,19,5,1,0,8921382
1558,4,2,5,7,8,1,2,9041828
722,1,1,8,17,1,1,1,5123311
522,2,2,5,7,10,0,1,5073131
2661,5,1,2,12,10,1,2,11329983
1081,4,1,6,0,3,1,0,7060610
722,1,1,5,1,7,0,0,4426526
2709,3,3,2,14,2,1,0,10176177
2960,4,2,5,9,8,1,0,11823133
578,2,1,9,16,10,1,0,5445479
2412,5,3,2,2,6,0,1,10881507
960,2,1,3,15,6,1,0,5043796
635,1,1,4,19,1,1,0,3920401
1217,3,1,5,8,4,0,1,6721127
2062,5,2,5,10,8,1,0,9789437
544,2,1,5,5,10,1,0,4858106
576,1,1,4,14,5,0,0,3569841
1590,4,4,7,1,3,1,2,10106209
503,1,1,4,12,5,0,1,3666280
1953,3,3,7,8,8,0,2,9713097
2300,4,3,1,7,6,1,2,10248918
986,2,2,8,7,8,1,1,7083568
2138,4,2,4,4,3,1,0,9519298
2398,5,4,5,18,1,0,1,10974727
2822,4,2,3,1,4,0,2,11301590
1255,2,2,10,19,2,0,1,7107365
797,2,2,3,6,5,1,0,5301019
2970,5,2,4,10,8,1,1,12282280
2400,5,4,8,19,2,1,1,11536682
997,1,1,9,5,0,1,0,5866741
1319,4,2,10,2,2,0,1,8404451
518,1,1,5,1,10,1,1,4634876
775,2,1,1,9,9,0,0,4197711
568,1,1,6,4,10,1,0,4583655
2712,4,3,7,9,2,0,1,11779634
1849,5,2,1,16,2,0,1,8506356
626,2,2,7,19,1,1,1,5310946
2828,5,1,6,12,8,0,0,11082468
1992,3,3,1,14,9,1,1,8512303
2655,4,3,8,4,10,1,0,11897658
1758,3,2,2,5,5,0,0,7588171
2474,5,3,7,3,0,0,1,11516950
1304,4,2,2,15,5,0,0,6612725
2857,5,2,1,4,5,0,2,11239640
2483,3,1,8,1,3,1,2,10776120
1703,3,2,8,9,8,0,1,8699321
605,2,2,3,7,5,0,0,4484605
2426,4,3,2,19,1,1,2,10042880
2782,4,1,8,7,10,0,2,11846684
821,2,2,7,6,4,0,0,5696970
1950,5,1,6,11,8,0,2,9850168
890,2,2,5,8,9,1,1,6083642
979,2,1,8,15,0,0,1,5721301
1506,2,2,6,9,1,1,0,7525975
1518,4,2,3,2,8,0,2,8113410
2067,4,2,1,7,8,1,2,9441544
1641,4,1,8,17,8,0,0,8208726
1144,4,3,2,12,4,1,0,7083218
1469,3,3,7,4,3,0,0,8052616
2418,4,3,1,16,8,0,1,9727060
2570,5,4,1,19,2,0,2,10990231
2955,5,1,9,20,4,0,0,11619942
1094,3,2,2,3,5,1,1,6605645
1904,3,2,4,5,10,0,0,8403913
2151,3,2,8,5,2,0,1,9594082
2426,5,1,8,15,4,1,2,11261294
2467,5,1,9,4,10,0,0,11209210
760,2,2,2,19,9,1,0,4802317
2225,4,4,7,4,6,0,0,10557727
2860,4,1,6,7,0,0,2,11303269
2689,4,1,3,11,7,1,0,10196764
2090,5,4,1,10,0,1,0,9522588
2121,3,2,1,11,0,0,2,8458448
859,2,2,1,19,8,0,0,4546905
2902,3,3,2,5,0,0,2,10691830
1994,3,1,10,8,5,0,2,9515706
2384,4,4,10,11,3,0,2,11909828
1264,3,1,1,19,8,1,0,5829641
2398,4,4,5,10,4,1,2,11406602
1061,2,2,5,17,9,1,1,6481492
1422,4,1,2,17,0,0,2,6964483
2094,4,3,9,6,4,1,1,10840108
2163,3,1,10,11,2,0,1,9722520
714,2,2,7,0,3,1,0,5990281
1071,3,3,7,0,7,0,1,7486228
1131,3,2,1,4,3,1,0,6128057
1995,3,1,6,6,10,0,0,8592672
869,2,2,2,10,6,0,1,5102366
2843,3,2,3,5,4,1,0,10483515
2919,4,3,8,18,4,0,2,12218984
1582,4,3,4,3,10,1,2,9444643
2415,5,1,6,14,1,0,2,10830196
2857,5,4,7,9,6,0,1,12633557
1004,4,2,4,10,9,1,1,7149785
2791,4,4,9,0,5,1,0,12967388
1494,4,4,8,2,8,1,0,9694935
910,1,1,1,19,5,1,1,4307682
1276,2,2,4,4,3,1,1,6774795
1262,4,2,6,7,2,1,1,7934326
2931,5,2,5,5,7,1,0,12258694
1153,2,2,3,1,2,0,0,5692721
884,2,1,2,13,9,0,0,4641423
1217,4,3,5,4,3,1,1,8160502
2976,5,2,10,0,10,1,1,13860595
844,2,2,6,4,6,0,1,5853515
2828,5,1,4,17,3,0,0,10441544
2111,4,2,4,4,2,1,2,10098600
1116,2,2,8,14,7,0,0,6584907
2196,5,1,7,12,4,1,0,10448058
2314,3,1,9,11,0,0,1,9944388
1872,5,3,3,19,8,1,0,9318056
847,1,1,5,1,2,1,1,5180016
2279,4,3,9,5,6,1,1,11207836
2831,3,2,3,0,0,0,2,10733087
2582,5,3,7,8,6,0,1,11850294
1594,3,3,8,20,9,0,0,8249960
1391,4,4,10,17,4,0,1,9108146
2572,4,1,10,19,5,1,0,11275861
2946,5,2,3,13,6,1,0,11418725
1411,4,3,7,3,2,0,0,8412353
2899,5,1,2,10,9,1,2,11945619
1433,3,1,1,2,2,1,1,6952081
1169,2,1,10,16,4,1,1,6989291
1161,3,2,8,16,7,0,0,7093553
1027,2,2,9,20,8,1,0,6578348
2739,4,1,7,16,0,1,2,11142857
1318,4,3,10,20,5,1,1,8873774
2855,5,3,7,0,10,1,2,13314152
2317,5,3,10,12,3,0,0,11486865
2321,3,1,7,3,0,0,2,10093630
2208,3,2,7,4,0,0,1,9573548
1805,5,4,9,13,4,1,1,10866184
2641,4,3,6,11,7,1,0,11647606
1205,3,2,7,8,0,0,0,6862802
2328,4,4,9,4,4,0,1,11211610
2067,4,3,6,3,2,0,1,10145969
1565,2,2,5,0,2,0,0,7216550
2688,4,1,9,7,5,1,0,11603227
2353,3,1,7,6,0,1,1,9834017
1369,4,4,1,5,0,1,2,8005702
2690,3,1,10,8,1,0,1,11073225
549,2,1,10,15,9,1,1,5662321
1617,3,1,9,8,1,0,1,8180246
1607,4,1,5,10,0,1,0,7898691
2046,5,4,5,16,0,1,1,10533737
1412,4,3,1,10,9,0,0,7300975
2270,3,1,10,8,4,0,2,10489497
681,1,1,6,16,9,0,1,4544072
3000,3,2,4,9,2,0,0,10479159
2302,5,4,8,9,8,1,1,11907415
1996,3,3,5,2,8,1,2,9824746
2640,5,2,4,0,8,0,2,11501547
2629,4,3,2,18,6,0,0,10143461
1400,2,2,1,20,5,1,2,6554972
1646,2,2,7,15,4,0,0,7565261
2316,3,3,1,12,6,0,2,9204692
854,2,1,9,2,7,0,1,6331693
2062,4,3,10,9,6,0,1,10851070
1464,2,2,3,7,10,1,0,6961262
2558,5,1,3,5,3,1,2,11209816
731,1,1,6,8,8,1,0,4976613
2761,4,4,8,18,5,1,0,12168252
2323,4,4,6,10,3,0,2,11002592
662,2,1,8,16,1,1,0,5157072
2967,3,3,10,9,5,1,0,12361794
2752,3,3,5,17,8,1,1,10965838
593,1,1,8,12,1,0,0,4358519
945,1,1,10,0,10,1,0,6433140
2739,3,1,10,20,8,1,2,11738024
902,1,1,8,0,6,1,0,5964014
692,2,1,4,15,2,0,1,4517803
1446,2,2,9,13,10,1,2,8533594
689,1,1,1,13,7,1,1,4035825
2194,5,2,4,10,5,1,0,10211693
2311,3,3,2,5,10,0,0,9199216
1893,5,1,6,14,10,0,1,9149313
883,2,1,9,8,4,1,0,6130768
2585,5,2,2,2,4,0,1,10921725
710,1,1,4,20,5,0,0,3780119
2318,3,2,7,17,9,0,2,9840245
2293,4,4,9,1,2,0,2,11923984
1593,3,2,9,9,4,1,1,8901236
1701,2,1,7,13,4,0,0,7292524
1051,4,3,8,6,7,0,0,7631693
2540,4,4,3,19,10,0,2,10877821
927,2,1,1,4,9,0,1,4994542
1746,4,2,4,7,2,1,0,8482445
2027,3,3,6,20,4,0,2,9263598
2093,3,2,4,9,4,1,1,9264016
2092,3,3,2,11,10,1,2,9353411
837,2,2,10,3,6,0,1,6468930
553,1,1,2,16,10,0,1,3548615
794,2,1,4,9,4,1,1,5353354
739,2,1,8,14,4,0,0,5187221
1013,4,4,5,20,3,0,0,7013904
2239,5,3,1,18,10,1,2,10518827
977,1,1,7,14,7,0,1,5562815
2195,4,1,1,4,5,1,0,8823904
631,1,1,3,7,4,0,0,3803921
1355,4,4,7,17,3,1,1,8699827
566,1,1,8,19,1,1,0,4478574
1630,3,1,5,9,0,0,0,7144842
1935,3,2,5,12,5,1,1,8758509
2043,3,1,9,12,3,1,0,9242230
772,2,2,10,20,5,1,0,6170498
2490,5,4,7,8,1,1,2,12079776
1386,4,3,1,5,5,1,0,7642772
1353,3,2,5,17,6,1,0,7057649
2695,3,3,1,9,7,0,0,9634350
1979,4,4,2,11,10,1,1,9723464
1310,2,2,2,3,4,1,2,6884867
2915,4,2,2,4,0,1,0,11051764
1669,2,2,8,20,6,1,0,7951095
712,2,1,1,3,8,1,0,4469278
1344,4,1,6,2,1,1,0,7704755
2690,4,2,2,0,7,0,2,10867099
685,2,2,7,9,2,1,1,5927786
2165,5,1,3,13,9,0,0,9380971
795,2,2,3,6,0,1,0,5032890
1299,2,1,9,13,5,1,2,7405068
1837,3,1,5,3,1,1,0,8063607
2174,4,1,2,10,1,1,1,9160568
2819,3,1,2,12,6,0,0,9793472
2627,3,1,3,4,4,0,0,9727998
1450,4,2,3,5,0,1,1,7752827
612,1,1,2,3,3,1,1,4118015
2858,3,1,4,20,2,1,0,10137821
978,1,1,4,19,4,1,1,5087396
1865,3,1,5,5,8,1,1,8819557
1720,4,4,7,0,2,1,2,10294172
2258,3,2,3,1,9,1,0,9429530
2358,5,4,4,8,10,1,0,11297602
1450,3,2,2,10,2,1,1,7143599
1861,5,1,5,15,6,0,1,9069947
2592,3,3,7,13,4,0,1,10741136
2013,3,1,7,18,5,0,1,8830059
1609,3,2,6,7,5,0,2,8375200
2170,3,3,10,17,5,0,0,9853260
2090,4,2,5,3,5,1,0,9549203
2374,5,4,4,20,8,0,1,10693984
1673,3,3,6,16,6,0,2,8628614
2191,3,2,9,4,4,1,2,10752569
2992,5,1,7,3,5,0,2,12820673
841,1,1,9,20,3,1,0,5188330
594,2,1,8,4,6,0,1,5416877
516,1,1,9,19,6,1,0,4646357
1073,3,3,5,18,3,0,0,6502354
1669,3,1,10,9,7,1,0,8678251
1638,2,1,7,9,5,1,0,7800580
1283,4,1,8,4,9,1,0,7978952
2845,4,1,2,5,10,1,2,11494478
1696,4,4,2,19,6,1,2,8742967
2755,3,1,6,7,9,0,0,10186696
2095,3,1,6,18,0,0,1,8676130
1511,4,3,10,1,1,0,0,9003935
1613,2,2,7,15,10,0,2,7915583
911,2,1,10,17,4,0,0,5994750
2278,4,2,1,2,4,0,0,9051922
1658,4,1,1,1,4,0,0,7206043
2801,4,4,2,12,8,0,2,11749260
2966,3,1,5,4,1,0,1,10844454
1848,4,3,3,1,3,1,0,8882211
751,2,1,8,18,1,0,1,5151191
1826,4,1,2,15,1,0,0,7598301
900,2,1,3,9,7,0,0,4964132
2633,5,1,5,2,1,0,2,11221362
1725,3,1,8,2,9,0,1,8644804
2589,4,4,7,9,6,0,2,11643820
2769,3,1,8,9,9,0,2,11508553
1000,4,3,3,7,10,0,0,6664084
696,1,1,2,10,3,1,0,3937792
2274,5,2,7,2,6,1,1,11175846
1823,3,3,8,9,1,0,0,8924152
1659,3,3,2,14,9,1,2,8327291
1970,4,4,10,9,8,0,0,10256508
934,2,2,8,11,10,1,0,6462883
2567,4,2,3,14,10,0,1,10074519
2155,3,3,6,12,5,0,1,9520870
532,2,1,1,2,4,1,0,4125528
520,2,2,3,8,0,1,0,4521644
514,2,2,9,19,0,1,0,5224904
2696,3,1,8,13,2,0,2,10904101
998,2,1,3,7,2,0,0,4928782
1134,3,1,9,8,7,1,0,7326114
1966,5,3,1,0,4,0,0,9251909
2770,4,4,10,3,3,1,0,12928879
1508,3,3,1,10,3,1,1,7634015
1174,4,2,1,13,4,0,1,6569196
2779,3,3,8,16,3,0,0,11269986
570,1,1,5,3,9,1,1,4706633
816,2,1,9,3,10,1,1,6543417
2179,4,3,3,17,0,0,0,9108617
2775,5,2,1,12,3,1,1,11331300
2790,5,1,4,14,8,0,2,11115656
1408,4,4,5,7,6,0,1,8637852
2763,4,3,8,11,9,1,2,12739752
2731,4,2,10,0,6,1,2,12842171
1720,3,1,9,19,8,1,0,8421003
698,2,2,7,14,3,0,1,5479490
2020,4,1,2,12,5,0,1,8347111
1412,3,3,9,2,4,0,0,8249689
583,2,1,8,12,9,0,1,5160953
1734,3,2,3,10,0,1,2,8121302
1076,3,1,4,9,8,0,0,5860393
2361,5,2,5,3,5,1,0,11055602
2131,5,1,6,17,5,1,1,9934810
2895,3,2,3,15,9,1,0,10458299
1173,3,2,1,7,3,0,0,5880441
1884,5,3,6,5,3,0,1,10021279
1070,4,4,4,1,4,0,0,7401692
2106,3,3,10,19,1,1,0,9803917
1710,2,1,3,0,4,0,1,7181055
1224,2,2,4,18,2,1,1,6390698
2444,3,2,4,4,5,0,0,9379480
1444,4,2,9,1,4,1,0,8770235
684,2,1,10,1,1,0,0,5560262
1424,3,3,8,2,9,0,0,8099611
588,1,1,7,3,6,0,0,4573014
2042,5,3,8,2,8,1,1,11504861
1766,2,2,10,19,2,0,0,8026447
1909,5,2,3,7,1,1,2,9733268
2406,5,1,5,10,6,1,1,10849830
1503,3,1,2,19,4,1,0,6650764
927,1,1,8,13,6,1,1,5710862
1224,4,4,7,2,2,0,2,8549794
854,2,2,9,1,6,0,0,6186296
1507,2,1,7,15,10,1,0,7260320
2457,5,4,4,10,3,0,0,10727564
2491,3,3,6,18,2,0,0,9848232
2616,5,3,9,11,6,0,1,11920065
1671,2,2,4,0,0,0,2,7631777
1878,3,3,9,18,2,0,2,9570688
1348,2,2,7,11,9,1,1,7587681
1019,3,3,5,3,7,0,1,6915295
2835,3,2,4,16,2,0,0,9920691
1625,4,1,7,11,2,1,1,8545558
2265,4,2,6,2,2,1,0,10519274
1794,3,1,4,15,5,1,1,8198291
2080,5,4,7,8,8,1,2,11432729
2244,3,1,5,18,4,1,0,8721897
2166,5,2,6,0,6,0,2,10734644
2069,5,3,2,4,10,0,1,10006903
2332,4,4,3,19,3,1,2,10333662
2305,5,2,5,8,2,0,0,10170262
1733,3,3,6,0,2,0,0,8450695
2521,4,1,5,11,7,1,0,10235292
2628,4,1,8,0,3,0,2,11485572
1048,2,2,8,17,10,0,0,6183821
1139,4,1,10,8,5,0,1,7804008
2323,3,2,4,13,10,0,2,9496439
2630,4,2,1,3,1,0,0,9609270
700,2,2,3,12,4,0,0,4631384
1370,3,2,10,12,0,0,2,8254582
2160,4,1,4,12,0,1,2,9638638
2984,4,4,10,4,0,1,1,13313477
712,1,1,3,8,9,1,0,4463046
1381,3,1,1,2,1,1,1,6682949
2446,4,1,9,1,3,0,1,10757146
779,1,1,1,8,3,0,1,3906090
2584,4,1,4,10,3,0,1,10104198
1389,3,2,8,10,5,0,0,7424616
549,1,1,9,10,6,1,1,5086440
2346,5,3,1,2,9,0,0,10332319
920,2,1,8,3,6,0,0,5883261
2094,4,4,2,2,9,1,1,10129377
2872,5,2,4,5,6,0,1,11954823
1814,3,2,9,6,5,0,1,9082976
2708,3,3,6,13,5,1,2,11278286
2013,3,2,4,7,9,0,1,8651238
2139,5,2,2,14,7,1,2,9789833
1852,5,3,7,13,8,1,2,10775000
517,1,1,3,16,5,0,0,3321070
2392,3,2,7,13,9,0,1,10008204
2019,5,1,3,10,2,1,1,9301278
1477,2,2,4,0,8,1,0,7455976
532,2,1,9,5,7,1,1,5734123
974,1,1,3,10,2,1,1,4951789
2968,3,1,8,2,2,0,0,11396692
1641,2,1,5,9,7,0,2,7662247
1928,5,4,8,15,1,1,0,10610727
2886,5,4,2,12,5,1,1,12326722
2149,4,4,5,1,9,1,2,11304590
1297,3,2,1,0,9,1,0,6702401
1653,2,2,6,6,7,0,2,7943973
861,1,1,4,19,0,1,0,4380928
1665,3,3,4,13,0,0,1,7888176
2903,3,1,6,1,1,0,0,10642091
1120,3,1,1,16,0,0,1,5327378
2842,5,2,5,14,5,1,2,12451005
1332,2,2,5,16,8,0,1,6644141
865,1,1,5,18,6,1,0,4851986
2074,3,3,9,13,10,1,1,10465319
1483,2,1,4,2,7,0,2,7071403
1994,3,3,3,9,6,1,1,9263642
2925,3,3,8,4,4,0,0,11891999
1078,2,2,1,2,4,1,0,5616091
2913,3,3,6,8,3,0,1,11662196
2141,5,2,1,20,3,0,1,9172638
1389,3,3,4,0,1,0,0,7410087
2913,3,3,10,18,3,0,2,12131750
966,1,1,9,1,2,0,1,6022741
1641,2,2,9,19,2,0,2,8230836
702,2,1,8,13,6,0,0,5219403
2113,3,3,1,16,1,0,0,8197051
2257,5,1,6,18,4,1,2,10800657
2375,3,2,4,2,1,0,1,9681777
1368,4,2,1,19,6,1,0,6924246
2563,4,2,2,17,9,0,2,10113390
2229,5,2,8,13,5,0,2,10722912
2489,4,4,2,16,7,1,1,10906566
1013,4,2,7,7,6,1,0,7263346
2124,5,2,8,12,2,0,0,10099642
2281,4,1,10,6,7,1,0,10991047
1830,3,1,9,20,9,0,1,8546931
2890,3,2,10,17,1,0,1,11444519
2452,4,4,3,13,5,1,1,10714596
2748,3,3,6,17,0,1,0,11080374
1691,2,2,2,12,5,1,2,7624803
2841,3,1,10,11,6,1,0,11513158
2307,3,3,2,9,8,1,0,9261566
1978,3,1,10,5,4,1,2,10124429
1241,4,4,9,15,5,1,0,8753399
568,1,1,1,3,1,0,1,3516538
761,2,1,8,8,2,0,1,5611367
2960,4,2,3,5,3,0,1,11302878
987,1,1,3,1,0,1,0,4864143
1057,3,1,7,20,6,0,1,6410823
2851,4,3,4,15,10,1,0,11600715
1837,4,1,5,9,6,1,1,9013440
2531,4,1,7,17,7,0,1,10510540
1536,3,1,5,10,1,1,1,7670508
2748,5,4,6,16,3,1,2,12459372
1715,4,2,6,20,8,1,2,8990528
2205,4,2,7,12,4,1,0,9927366
2387,4,3,9,15,0,1,0,10835882
2173,5,2,5,9,3,1,2,10766790
2693,3,2,1,9,5,0,1,9984113
630,1,1,7,14,2,0,0,4213110
1648,2,1,10,1,7,1,0,8630509
2507,3,3,6,8,10,1,2,11319277
519,1,1,2,13,2,1,1,3608818
657,1,1,5,10,0,0,0,3939349
1906,3,1,3,14,9,1,2,8568633
1452,2,2,10,10,3,0,2,8200987
911,1,1,4,11,9,0,1,4976294
1183,3,2,3,14,4,0,1,6436952
2057,3,3,6,3,0,1,1,9656402
1288,4,3,6,9,5,0,1,8074108
2266,3,3,2,18,3,1,0,8833184
1746,3,2,6,7,7,0,1,8316117
1263,4,1,7,14,3,0,1,7274189
891,1,1,6,15,5,1,0,5134555
1554,2,1,7,0,8,1,2,8082442
2310,4,2,1,18,9,0,1,9181488
843,2,1,1,7,9,1,0,4787789
2523,3,2,6,1,5,0,0,10396226
2215,4,2,2,5,3,1,0,9529665
2675,5,1,5,16,5,0,2,10979475
1123,2,1,6,19,3,1,1,6133909
1092,4,2,4,3,3,1,0,7080654
2019,4,4,8,5,9,0,0,10498977
1699,4,1,5,20,4,0,0,7685790
1331,4,3,4,13,9,1,0,8027724
846,1,1,10,15,7,0,0,5332163
2171,3,3,10,3,10,1,2,11074650
1891,3,2,4,5,8,0,1,8380335
841,1,1,4,19,2,0,0,4082437
1508,3,3,2,10,7,0,2,7639087
2482,3,1,6,4,9,1,1,10152015
1696,3,3,10,2,5,0,0,9082433
1801,3,1,3,0,2,1,2,8541495
1499,4,4,9,19,0,0,2,9445998
1918,3,1,10,10,8,1,1,9728633
693,1,1,5,0,9,0,1,4766196
2381,5,3,5,20,1,0,0,10437982
2718,5,1,1,2,3,0,1,10355813
698,2,1,4,7,4,1,0,4772930
1771,2,1,1,3,3,0,1,6982262
1211,2,1,2,12,8,0,2,5948451
2183,3,2,1,7,8,0,2,9089166
2461,3,3,7,19,0,1,2,10796947
1754,4,4,7,15,2,0,0,8926563
1030,2,2,2,1,7,0,1,5621413
1488,3,3,6,0,10,1,0,8365310
2379,3,3,6,2,1,0,2,10390965
1744,3,2,6,13,9,1,0,8515054
1909,4,4,2,19,2,1,1,9115924
1467,3,2,2,16,8,1,0,7101727
1485,4,3,7,3,2,1,1,9291747
2304,5,2,1,11,5,1,0,9739479
1301,4,4,5,1,2,0,0,8122800
1682,4,4,2,9,4,1,1,8728037
2237,3,3,4,0,4,0,0,9582994
2204,3,3,5,5,10,0,1,9660300
2594,3,1,10,12,8,1,0,11137106
2202,4,4,1,8,6,1,1,10034152
2815,4,4,1,6,6,0,0,10678079
2717,3,2,10,20,3,1,2,11536161
822,2,1,3,19,1,0,1,4610962
2070,4,2,5,2,0,1,0,9509215
1094,4,1,2,17,7,0,0,5839557
1650,3,1,9,6,0,0,2,8414498
2889,4,1,8,10,10,1,2,12393118
2632,5,3,10,15,4,1,2,12906180
1793,2,1,2,15,1,0,1,6778851
2176,4,4,6,16,1,0,0,9893979
2517,3,3,6,13,3,0,1,10215299
885,1,1,6,11,7,0,1,5002777
2944,4,4,4,15,8,0,0,11653535
1365,4,1,7,16,2,0,0,7382033
553,2,1,7,15,5,0,0,4449841
1408,4,2,7,3,3,0,1,8336415
2658,4,3,10,1,0,1,2,12769024
730,1,1,3,19,5,1,1,4295409
1863,5,2,6,13,3,0,0,9142886
1640,4,2,10,20,2,0,1,9059851
1900,3,2,5,2,9,0,1,8860467
773,2,2,7,5,1,0,0,5489228
652,1,1,4,18,9,1,1,4356488
1351,4,3,6,7,1,1,1,8352782
715,1,1,8,19,6,1,0,4968133
2255,5,3,6,18,8,1,0,10811628
631,1,1,8,15,10,0,1,4865825
880,2,2,9,2,1,0,0,6350689
2427,3,2,8,0,7,0,0,10378799
1427,4,3,1,5,4,0,2,7652076
1199,4,3,2,19,8,0,0,6633217
1506,2,1,7,10,4,0,0,7059965
909,2,2,5,5,4,1,0,5956629
626,1,1,4,11,0,1,1,4278353
872,1,1,2,10,6,1,0,4477888
2859,4,1,5,15,5,0,2,11133351
766,1,1,1,10,4,0,1,3933925
882,1,1,7,2,10,0,0,5364887
1803,4,3,10,8,2,0,0,9742121
1214,2,2,7,12,6,1,2,7253141
1187,4,3,4,7,8,1,0,7670049
880,1,1,10,0,9,0,1,6022489
1109,3,1,7,13,10,0,0,6421941
1283,2,2,9,17,9,0,0,6914284
2435,4,1,9,12,6,1,2,11003398
2280,4,3,3,9,3,0,1,10029716
1047,4,3,6,0,7,1,0,7755268
588,2,1,9,20,8,1,1,5636054
2464,5,1,4,18,6,1,1,10392791
1821,5,1,8,12,5,0,1,9415542
2750,5,2,1,1,9,1,1,11222188
2583,4,2,5,9,9,1,2,11279568
2276,4,4,10,17,9,1,1,11380404
936,2,1,7,18,0,0,1,5539775
836,1,1,4,16,4,1,0,4489448
2467,4,4,7,10,0,1,0,11304951
2569,4,1,2,12,7,1,1,10132404
1240,2,2,4,11,9,1,2,7001989
576,2,2,1,20,5,1,1,4363902
2861,3,2,6,9,0,0,2,11310701
1582,2,2,2,15,8,0,1,6833294
1009,3,1,3,10,0,0,1,5715777
2509,4,2,7,9,8,0,2,11107105
1521,4,3,10,7,6,0,2,9570229
1823,5,3,4,0,1,0,0,9432499
1078,3,3,10,12,9,1,0,8096885
3000,5,2,1,9,10,1,0,11840901
2505,4,3,9,12,7,0,0,11143844
2199,3,1,4,13,3,1,1,9078579
1365,4,3,7,16,9,1,2,9017374
1501,2,1,9,2,10,0,0,7516583
2301,5,4,2,15,0,1,0,10481697
2328,4,3,6,14,7,1,0,10634550
1056,3,1,7,14,8,1,0,6647536
2770,5,4,8,8,7,1,2,13211073
1674,4,2,5,16,5,0,2,8480300
1279,3,3,8,8,0,0,1,7766372
2219,5,4,5,0,4,0,0,11022521
2466,4,4,6,2,4,1,1,11473512
861,1,1,8,6,10,0,0,5389071
738,1,1,10,8,0,1,1,5692145
2573,3,1,5,8,5,0,2,10395424
1866,5,4,6,7,5,0,0,10140100
1033,3,2,1,20,10,0,0,5294951
618,1,1,1,7,4,1,1,3855064
2957,5,4,6,2,1,0,2,13355143
2557,3,3,8,8,6,1,0,11022186
1755,3,2,7,2,8,1,2,9415811
500,2,2,10,13,6,1,0,5734068
564,2,1,6,12,5,1,0,4815032
777,2,1,4,7,0,0,0,4608966
1670,2,2,5,15,10,0,2,7796631
1215,2,1,5,1,5,0,0,6230880
2678,4,4,1,9,7,1,1,11362277
1373,4,1,5,14,8,1,0,7405689
1725,3,1,1,6,5,1,1,7395274
1181,4,2,9,15,10,0,1,8175738
2700,5,4,7,9,7,1,1,12482342
869,1,1,2,16,10,0,0,3973054
2605,4,2,5,13,5,0,1,10448291
2659,5,3,3,3,7,1,1,11993391
737,2,1,3,17,6,1,1,4908156
953,2,2,6,19,2,0,0,5562598
897,1,1,9,18,1,0,0,5223397
2682,3,2,7,6,4,0,2,11156001
1208,3,1,2,19,5,1,2,6518535
713,1,1,2,16,5,0,1,3872997
1709,2,1,5,12,1,0,0,6782474
1959,4,2,1,2,5,0,0,8226994
1758,3,1,8,14,8,0,2,8751078
694,2,2,10,17,4,1,1,6227064
2270,3,3,5,10,4,0,2,10068362
1252,4,1,3,13,9,1,1,7020731
2207,4,1,10,3,0,1,0,10690512
2066,5,4,10,2,0,0,2,11790553
1042,2,2,3,3,6,0,1,5960892
1015,2,1,8,11,10,1,0,6449130
2060,5,4,3,0,8,0,2,10512236
2846,5,1,1,0,5,0,0,10771977
1940,4,2,3,17,10,1,0,8860227
1146,2,1,1,20,10,1,1,5496527
2520,5,2,5,6,8,1,0,10999095
1932,3,2,6,5,0,1,2,9624645
594,1,1,1,12,0,1,0,3350005
1245,3,1,7,11,4,1,1,7305116
2134,5,3,1,18,0,1,0,9414519
2893,5,3,7,12,4,0,0,11906350
2093,4,3,7,4,3,1,2,10812879
2590,4,4,6,13,9,0,0,11031421
714,2,1,3,18,0,0,0,4063526
1292,4,4,1,8,7,1,2,8208434
826,1,1,9,0,3,1,0,5852485
1550,4,3,4,17,2,1,1,8186583
999,2,2,10,1,5,0,1,7026634
2797,3,3,6,2,6,1,0,11573022
2811,4,2,3,12,7,0,2,10926367
2591,5,4,9,13,5,1,2,13042443
2928,3,2,9,5,2,0,2,12044153
506,1,1,3,7,5,0,0,3443483
2588,5,3,7,17,4,1,1,12138078
2528,5,1,10,12,4,1,2,11897542
1601,4,3,10,10,9,1,1,9742140
1446,3,3,4,2,7,1,1,8240390
1850,5,2,9,19,7,1,2,10569065
1632,2,1,5,16,6,0,1,6997070
992,1,1,7,8,5,0,1,5597282
1956,4,1,6,20,6,1,0,8923820
2304,5,4,4,0,0,0,1,11079023
1252,2,1,7,6,0,0,2,6755948
2447,5,2,3,8,2,0,2,10496465
2717,5,2,5,19,2,1,1,11394414
699,2,2,1,2,10,0,1,4689359
1335,2,2,9,0,1,1,0,7675377
1491,3,3,7,12,7,0,1,8142065
1616,3,1,6,7,9,0,1,7726864
2291,4,3,7,20,2,1,0,10124341
1862,5,2,7,9,9,0,0,9626359
1127,4,3,7,14,10,0,1,7907742
1199,2,2,6,20,10,0,0,6319614
2536,4,3,6,17,2,0,0,10431745
2207,4,2,10,11,6,1,2,11228532
1681,4,4,1,14,8,0,1,8451644
836,1,1,8,15,5,1,0,5204555
1635,3,1,5,19,2,1,0,7462699
2259,4,2,9,7,8,1,2,11356414
1614,3,2,7,11,6,1,2,8983842
2471,3,2,6,9,9,1,2,10969200
1361,4,3,4,13,8,1,2,8408301
1877,4,2,3,0,9,1,2,9690487
720,2,2,4,9,1,1,0,5062300
2399,4,1,1,1,1,0,1,9354214
2393,4,2,5,19,4,0,2,9950477
1574,4,4,3,5,5,1,1,9123562
1879,4,3,2,7,5,1,2,9588100
2498,4,1,7,17,5,1,1,10502829
1786,2,1,3,17,5,1,1,7345700
2884,4,4,10,9,7,1,2,13249628
2174,4,1,3,16,4,0,0,8519324
1476,2,2,8,0,4,0,1,7676443
2140,5,4,2,8,7,1,2,10937604
1505,3,1,9,11,5,1,0,8089355
1387,3,2,6,12,0,0,1,7135362
2992,4,1,1,2,7,1,2,11537466
661,1,1,1,12,7,1,0,3739321
2271,5,2,9,10,5,0,1,11268442
1139,2,2,10,7,10,1,1,7670753
1523,3,1,7,15,3,1,2,8235136
2659,5,4,1,15,0,1,0,10784908
2705,3,2,2,6,3,1,0,10204615
529,1,1,4,1,9,1,1,4463555
1768,4,2,7,12,10,0,1,9093999
2825,4,4,2,8,8,0,0,11253401
545,1,1,4,11,10,1,1,4366215
1128,3,1,9,5,5,0,1,7132266
2428,5,3,2,4,8,1,1,11279452
924,1,1,3,6,2,0,1,4687087
1181,3,1,7,2,1,1,0,7190605
1753,3,2,8,8,10,1,1,9438946
1379,2,2,6,8,4,0,0,6796651
2680,5,3,2,6,6,1,0,11298328
574,2,1,1,6,8,0,0,3797046
2256,5,3,2,17,4,1,0,9830093
1051,2,1,2,8,10,0,0,5066432
1593,2,1,2,5,7,0,2,6831650
2094,3,1,1,16,7,1,1,8217725
2477,3,3,10,0,6,1,1,11514842
2726,3,2,7,4,9,1,0,11217960
2477,5,1,7,5,1,1,0,10752679
2734,5,4,9,1,10,1,0,13207262
2852,3,1,4,5,6,1,2,10994709
2140,4,4,8,9,1,0,1,10380011
1444,4,1,7,8,9,0,2,8442171
2492,5,1,4,9,2,1,2,11197879
2941,4,1,2,17,1,1,2,11008910
1269,3,3,3,18,6,1,0,6872646
1217,2,2,4,2,9,0,2,6952568
1067,3,1,7,0,2,0,0,6495840
602,2,2,5,16,0,0,0,4377903
2007,5,2,9,9,3,0,0,10090300
2337,3,2,2,15,4,1,1,9187128
1391,4,3,2,0,2,0,1,7524064
862,1,1,4,2,9,1,1,5317314
2887,5,4,10,18,0,0,1,13178690
2969,4,1,8,15,1,1,2,11877778
633,2,2,9,14,0,1,0,5534754
2064,3,2,2,12,4,0,2,8619775
2919,4,2,4,14,6,1,0,11419958
2357,4,4,8,13,0,0,1,10900459
1770,3,3,10,14,10,0,0,9261950
2435,3,1,4,7,2,1,2,10083734
2348,4,4,5,10,1,0,1,10582822
2684,3,3,5,14,3,0,2,10596336
1910,4,1,6,9,2,1,0,8918894
2890,4,3,8,13,1,0,0,11511762
2859,4,4,5,14,5,1,2,12537208
2213,4,4,3,16,9,1,0,9858973
2861,3,2,9,10,4,0,0,11331528
2993,5,3,7,16,5,1,0,12885365
2052,5,2,7,2,3,0,1,10455058
2451,3,3,8,14,7,1,2,11176871
667,1,1,3,12,3,1,1,4284838
2318,3,3,2,1,7,0,1,9392843
2768,5,4,3,5,10,0,1,12031999
1187,3,1,3,7,3,0,0,6024257
1383,4,2,5,8,6,0,1,7942116
612,2,2,4,0,6,1,0,5108563
2292,5,4,6,4,9,1,0,11296706
1907,3,2,1,1,6,1,1,8444895
2776,4,3,9,15,5,0,0,11507401
2870,5,1,5,5,5,1,1,12179454
2668,3,2,4,14,6,1,0,10154277
622,2,2,9,16,10,1,1,5919540
1239,2,1,10,4,2,0,0,7057818
2468,3,1,10,10,8,1,1,11153954
2924,5,2,9,15,9,1,0,12953840
2627,4,2,2,8,2,1,2,10690681
2174,3,3,2,15,10,1,1,9209768
2249,3,1,4,5,8,0,1,8867326
1827,3,3,1,5,8,1,1,8421235
824,1,1,3,5,10,0,0,4441612
2503,4,3,6,8,1,1,1,11228921
1063,4,1,1,8,6,1,0,6245990
1808,5,1,2,11,2,1,2,8954310
2332,4,3,3,1,3,1,0,10227220
1899,4,2,4,0,9,1,2,9973178
1080,2,1,7,17,10,0,1,5988829
860,2,2,8,19,2,0,0,5551478
809,2,2,9,3,9,1,0,6428943
681,1,1,8,19,7,0,0,4550963
1935,3,3,3,1,1,0,2,9033981
1945,3,1,4,4,9,1,0,8654035
2856,5,2,8,18,5,0,2,12571634
1907,5,3,6,3,1,1,0,10259449
2317,3,2,10,5,0,1,1,10964029
2382,4,1,5,5,4,1,0,10083385
1149,3,1,6,19,1,0,0,5940340
2855,4,4,4,20,6,1,1,11628032
1556,3,1,5,6,10,1,1,8033358
2394,5,4,3,19,6,1,1,10796069
2163,5,3,4,16,10,0,0,9967388
2840,3,1,5,17,10,0,2,10582395
1700,3,3,7,1,10,0,2,9105338
1675,2,1,7,11,7,0,1,7597649
1679,2,2,7,4,2,1,1,8378754
635,1,1,10,7,0,0,1,5257889
740,1,1,3,14,3,0,0,3838793
1255,2,2,5,2,4,1,1,7034142
552,1,1,9,8,2,0,0,4653623
2660,5,3,8,9,2,0,2,12322801
1492,4,3,10,13,10,1,2,9846585
2452,3,2,4,19,0,0,0,9048601
1169,4,3,8,7,6,1,0,8081496
1330,2,1,10,1,10,0,1,7590566
2356,4,1,5,9,2,1,2,10323663
1830,4,3,1,9,2,0,0,8056739
2518,5,2,1,13,7,1,1,10757914
1420,4,2,5,7,10,1,2,8425474
1808,3,3,10,5,5,0,2,9873778
1411,3,2,4,7,8,0,0,6991563
2471,3,2,6,7,10,0,0,9875230
1442,3,2,2,5,2,1,1,7453901
588,2,1,8,5,0,0,0,4888476
1827,3,2,1,4,3,0,1,7583394
616,2,1,6,11,5,1,0,5033760
1592,4,1,5,4,2,1,1,8326130
791,1,1,6,11,1,0,1,4665175
645,2,1,10,2,3,1,0,5878370
1414,4,3,10,8,1,1,0,8992960
2536,4,3,8,3,6,1,0,11461295
2609,5,2,5,13,3,0,1,10802559
2181,3,1,9,11,6,0,1,9451942
503,2,2,2,10,0,1,0,4074425
2986,5,4,9,11,10,1,2,14023008
816,2,1,4,13,0,0,0,4464451
822,2,2,2,1,3,0,1,5217762
2648,5,1,9,19,3,0,1,11545400
2100,5,1,7,7,8,0,1,10361360
2437,5,3,2,16,10,1,1,11041710
687,2,1,10,12,5,1,0,5788914
1221,4,1,1,15,2,1,0,6336451
2769,3,3,5,14,2,0,1,10590207
2220,4,1,8,16,3,0,2,9903375
2139,5,4,9,19,9,1,0,11383597
1919,4,2,7,14,1,1,1,9531444
2811,3,2,7,16,8,1,1,11284046
2798,4,4,2,2,6,1,1,11734639
1938,5,3,7,6,4,0,0,10013092
2297,3,3,3,0,0,0,1,9566773
1917,4,3,4,7,7,1,1,9762515
575,1,1,7,15,8,1,0,4585976
1158,3,1,6,9,8,1,0,6667656
923,1,1,1,4,5,1,1,4727567
736,2,2,10,1,8,0,0,6262629
2531,4,4,4,16,8,1,0,10840350
898,2,1,1,6,4,0,0,4546298
743,1,1,10,2,4,0,1,5536701
1758,4,2,1,15,4,0,1,7965285
2819,5,4,6,8,6,1,0,12603147
2533,5,2,6,3,8,1,0,11280512
1135,3,2,7,1,0,0,0,6822573
1031,2,2,1,11,6,1,1,5728791
918,1,1,2,11,8,0,1,4398950
2615,5,2,9,0,5,0,1,12061939
677,1,1,4,18,2,1,1,4353064
2490,5,1,10,17,6,0,1,11065317
1075,3,2,10,10,8,1,1,7802355
560,1,1,5,17,2,1,1,4153900
788,1,1,4,14,1,1,1,4529928
801,1,1,3,12,10,1,0,4607179
997,1,1,1,12,1,0,1,4287959
878,1,1,10,19,2,1,1,5965294
2954,3,2,8,13,8,0,1,11351267
685,1,1,2,8,1,0,0,3581803
954,1,1,1,10,1,0,0,3957623
974,2,1,5,9,7,0,1,5613379
2845,5,3,1,12,7,0,1,11373592
2561,4,2,2,0,3,0,1,10389640
1948,4,3,6,15,2,0,1,9299588
2434,5,3,1,14,4,0,0,9780116
2342,4,3,10,20,9,1,0,11254168
1440,2,1,4,12,9,1,0,6546521
2156,4,1,1,12,0,0,0,8124485
2346,4,2,2,20,8,0,1,9335221
2124,3,1,1,2,0,1,2,8654414
2167,3,1,6,7,6,0,1,9353117
587,1,1,8,9,8,1,1,5199525
2799,4,3,9,8,8,0,1,11987855
1509,3,1,1,1,7,1,0,7039709
2320,4,2,8,10,9,1,2,11062973
1327,2,2,9,3,1,0,1,7357187
2233,3,1,5,19,0,0,0,8336385
1703,2,2,6,18,6,1,1,7858627
1455,4,3,10,13,5,1,0,9018040
946,2,1,4,7,5,0,0,5237151
726,2,1,7,20,6,1,0,5259454
957,2,2,4,3,7,0,1,5944050
1133,3,3,8,4,3,1,1,8127046
1497,4,2,8,12,8,1,2,8995696
820,1,1,10,6,1,1,1,5975117
636,2,1,6,11,8,0,1,5074231
1808,4,2,2,3,6,0,1,8223914
2906,5,2,6,8,6,1,1,12272956
2927,5,4,1,3,4,1,1,12271203
1445,4,2,5,4,7,0,2,8360105
2118,4,2,6,10,2,0,1,9384336
1211,3,1,1,1,10,0,0,6011243
726,1,1,7,2,6,0,1,5023958
1556,3,3,10,20,8,0,0,8674263
1446,2,1,9,16,2,0,2,7571981
2037,5,1,9,12,7,0,0,10020151
1393,2,1,5,8,8,0,1,6752190
2409,5,2,7,11,5,1,0,11150334
1017,2,1,3,0,6,0,0,5337801
2128,4,1,8,12,1,0,0,9210783
2193,4,1,7,19,3,1,2,9916700
2996,5,1,7,14,6,1,0,12354891
1103,2,1,10,7,10,0,1,6846670
2685,3,3,7,14,1,0,1,11090087
1484,3,3,5,19,9,1,0,7982003
1782,2,2,5,8,4,1,0,8046270
2258,5,4,9,3,1,0,1,11854691
1411,2,1,7,8,0,0,1,6917754
2461,3,2,6,11,9,0,2,10599241
1183,3,3,8,19,0,0,1,7332367
1122,2,2,7,7,7,0,0,6424555
2125,4,1,4,4,3,1,2,9646068
2692,3,1,10,10,5,1,1,11539258
2365,5,2,10,11,7,1,1,11570233
1098,3,3,8,8,10,0,0,7214565
1387,3,2,1,6,8,1,0,7016998
2109,5,4,7,3,1,0,1,11217404
1694,4,2,4,6,0,0,2,8340545
2129,3,1,9,4,9,0,2,9880917
2788,3,3,8,7,2,0,0,11474556
2636,5,2,2,5,10,1,0,11130471
1946,4,3,3,5,0,1,0,8910023
2339,3,3,5,4,8,1,1,10636042
784,2,1,8,19,6,0,1,5399282
1143,4,3,6,10,1,0,0,7464962
830,1,1,10,9,8,1,0,5758115
1208,2,1,1,6,6,0,1,5428193
1485,3,1,3,20,8,0,0,6520279
1279,4,3,3,20,4,0,1,7099064
1338,4,1,7,18,2,0,2,7522324
2202,5,4,4,3,6,1,2,11314655
2786,4,3,1,7,3,0,1,10648789
1535,2,1,7,3,6,1,1,7850387
517,1,1,5,10,8,0,0,3808000
889,2,2,5,4,9,1,0,6013324
2901,3,2,2,3,5,0,1,10740562
2997,4,4,2,6,1,1,0,11900494
2025,3,3,4,5,2,0,1,9006447
2745,3,2,8,20,4,0,1,11056056
734,2,2,7,5,5,0,1,5640794
936,1,1,6,5,5,1,1,5771429
2396,4,2,7,1,3,0,1,10590637
2906,3,1,1,8,5,0,2,10361989
2428,3,3,7,2,4,0,0,10443889
1401,3,3,6,9,10,1,2,8729872
685,2,2,10,13,7,1,1,6392698
2987,3,1,4,14,9,0,0,10522437
1857,4,4,3,14,4,1,2,9406822
2093,3,3,10,11,8,1,0,10502384
946,2,1,3,3,3,0,1,5315455
2937,4,1,1,16,3,1,1,10568078
788,1,1,1,15,4,1,0,3943046
1509,4,4,10,19,2,1,0,9408942
1844,5,4,1,7,3,1,2,9825703
2626,5,3,3,16,5,1,2,11655289
2736,4,2,10,14,6,0,0,11688867
2828,3,3,1,15,3,1,2,10651220
2885,5,3,5,10,7,1,1,12359702
677,2,2,10,5,6,0,1,6243275
1906,4,2,5,14,5,0,2,9099536
1561,2,2,10,20,8,0,2,8252883
2825,5,1,8,19,9,1,1,12123806
1787,3,3,4,15,5,1,2,9074167
2761,3,2,8,16,4,0,1,11063557
2502,5,2,1,14,10,0,2,10612294
2407,4,1,4,10,10,0,2,10160620
2514,5,2,7,18,2,0,0,10581034
2552,4,3,1,7,3,1,2,10802050
1892,3,3,6,1,2,0,0,9013660
1066,4,4,6,6,2,1,0,7814866
1855,3,2,10,14,2,1,2,9844630
1271,2,1,4,8,7,1,0,6229934
1850,3,3,4,11,5,1,1,8946323
671,1,1,1,13,1,1,1,3758531
2212,4,3,6,18,4,1,1,10137792
1155,2,1,10,2,10,0,1,7285914
558,2,2,1,14,6,0,0,3755966
1112,4,2,1,11,6,1,1,6696652
1944,3,3,1,8,5,1,1,8754770
1893,5,3,1,4,6,0,2,9344437
527,2,2,8,17,9,1,0,5283069
1060,3,2,4,18,9,0,1,6294643
2183,3,1,9,5,3,1,2,10245814
1082,3,3,1,5,10,0,0,6017097
2319,4,3,1,12,1,1,2,9788687
2393,3,3,2,10,10,0,0,9137456
1348,4,2,5,9,9,0,1,7760453
2448,3,1,7,5,1,0,2,10051607
1447,4,1,10,5,9,1,2,9373795
960,1,1,4,0,7,0,0,4868168
2211,3,1,9,4,2,0,2,10008003
1645,2,2,1,10,4,1,1,7161286
2693,4,2,9,4,0,1,0,11528295
2623,5,1,2,5,6,0,1,10353750
2216,4,3,3,8,7,1,0,10053711
2207,5,1,7,8,7,0,2,10649326
1903,3,2,8,6,7,1,2,9709597
2526,5,3,1,14,0,1,1,10545597
2417,4,1,7,2,2,1,0,10534846
1135,3,3,1,19,2,0,1,6034908
791,2,2,2,14,0,0,1,4587564
2518,3,3,9,13,0,1,1,11316101
2129,5,1,4,2,10,1,1,10080662
2433,5,3,2,4,7,0,0,10622320
1575,2,2,4,11,10,1,0,7448959
573,1,1,10,17,10,1,0,5105886
511,1,1,1,16,10,1,1,3673519
920,2,1,1,15,7,0,0,4381703
1668,2,2,4,7,6,1,2,8025116
2053,4,2,5,13,1,0,1,9394904
875,1,1,1,15,0,0,1,3915790
1983,3,3,3,0,5,0,0,8608283
1683,4,4,3,20,3,0,0,7983740
1205,4,4,6,19,9,1,1,8383758
1867,5,2,10,13,5,1,2,10677969
1184,3,1,7,19,4,0,0,6306866
2156,4,1,6,6,7,1,0,9944010
2000,3,1,4,14,9,0,1,8415034
2119,5,4,7,17,1,1,0,10926922
1811,4,4,2,14,4,0,1,8715526
2101,5,1,5,8,9,0,2,9796172
1882,5,4,3,9,0,1,1,9760991
1854,3,3,10,18,8,1,0,9447282
2031,3,2,3,14,9,0,0,8404749
870,1,1,2,17,4,1,1,4561804
2997,5,3,10,7,2,0,0,12924701
2862,4,1,9,6,0,1,2,12408275
1626,4,1,1,4,2,1,1,7598964
2528,5,2,1,10,5,1,2,10998728
2852,5,4,9,3,9,0,0,13295958
1654,3,3,5,19,8,1,1,8362286
520,2,1,10,7,7,0,1,5558768
1532,4,4,3,2,4,1,0,8598710
2544,4,1,5,11,2,0,1,10103255
2252,5,4,10,17,8,1,1,11927934
1641,3,3,5,14,4,0,0,7751251
973,1,1,7,0,5,1,0,5877057
1863,5,1,10,6,4,1,0,10129262
611,1,1,5,16,4,1,1,4439374
2228,5,3,7,3,1,1,1,11337946
2146,3,3,3,7,0,1,0,9187061
1873,5,3,9,0,5,0,0,10327219
1037,4,2,8,20,4,0,0,6773892
2302,5,2,8,2,8,1,2,11902643
1664,3,2,6,13,3,0,0,7629812
813,1,1,8,17,2,1,0,5220102
2204,3,2,5,11,9,1,2,9890568
1448,3,2,6,9,1,0,0,7352128
2756,5,2,6,4,1,0,2,11983351
2713,4,4,10,1,5,1,1,13069315
2981,5,3,3,17,8,0,2,12325853
1673,3,1,6,4,0,0,0,7710126
1186,4,4,2,5,3,0,0,7051912
2271,4,4,5,4,7,1,2,11212934
2250,5,3,3,15,2,1,2,10550631
619,1,1,1,16,7,1,0,3599225
2292,3,3,1,13,2,0,0,8554510
1921,5,3,8,7,5,1,0,10339155
1028,3,2,1,1,4,1,0,5973920
1960,5,4,4,1,2,1,0,10374788
1018,2,2,8,0,4,0,1,6578929
1124,3,2,6,9,6,0,1,7038019
2376,5,1,5,3,1,1,1,10954476
2701,3,2,10,13,10,1,1,11974585
2385,3,3,7,10,6,0,1,10624861
1640,4,3,7,15,3,0,0,8686978
788,1,1,9,19,5,1,1,5626389
2292,3,1,7,5,3,1,1,10001979
2928,5,3,3,13,4,0,1,11690876
2773,5,3,4,1,1,0,2,11752949
1503,4,1,2,7,8,1,0,7578818
2039,3,3,4,7,5,1,2,9723782
1812,5,1,1,17,10,0,0,7850835
1394,2,2,5,6,5,1,1,7145336
2342,4,2,9,14,1,1,1,10842563
2267,5,3,8,18,10,1,1,11694116
1895,5,3,10,18,5,1,0,10728741
1827,5,2,7,4,9,0,1,9679675
2605,4,3,2,17,3,1,0,10409798
1036,4,3,3,1,7,0,0,6840079
1783,2,1,10,20,2,0,1,8213407
2032,4,3,5,10,2,0,0,9063601
1055,3,3,7,19,4,1,0,6850600
2740,3,2,1,6,5,0,0,9789182
875,1,1,5,0,2,0,1,4982722
590,2,1,3,2,8,0,1,4605758
1174,3,2,10,10,9,0,0,7460504
2459,5,3,2,4,10,0,0,10469143
2165,3,1,9,19,1,0,0,9151202
1455,3,3,6,15,1,0,0,7509668
2271,5,2,8,13,8,1,0,10793046
1479,3,1,2,3,2,0,0,6573561
1334,4,1,4,1,1,1,2,8013012
2795,3,1,10,16,9,0,2,11508857
2663,5,1,10,12,10,1,1,12481449
1146,2,1,10,3,10,0,0,6776540
1388,2,2,7,17,3,0,1,7151683
1456,3,3,7,15,0,1,2,8640506
783,2,1,1,20,3,0,0,3908555
2462,4,1,6,0,1,0,2,10457748
1150,2,1,5,8,9,1,1,6331895
2519,3,2,9,15,6,1,0,10915873
2531,4,3,3,11,10,1,0,10493691
2045,5,2,2,12,0,0,2,9316819
2563,5,1,2,20,10,0,1,10197299
2300,3,1,10,19,6,0,0,9608603
2390,3,1,6,19,9,1,1,10019189
2125,4,2,3,7,3,1,0,9071350
942,2,1,1,18,7,0,1,4651795
2791,4,2,4,5,3,1,0,11309847
2163,4,4,5,9,8,0,2,10764459
1200,2,2,6,19,0,1,0,6221649
1831,5,2,6,17,5,1,1,9536032
961,1,1,10,13,0,0,1,5787002
1176,2,2,8,17,8,0,1,6684046
2804,5,2,3,7,8,0,0,11009805
1464,3,2,8,11,8,1,1,8395346
1620,4,4,8,8,1,1,0,9498769
861,1,1,7,7,1,1,1,5483628
1190,4,4,8,12,0,0,1,8187598
1736,2,1,2,8,4,0,1,6855569
2728,3,3,5,6,6,0,0,10651241
2061,3,1,5,12,0,0,1,8267391
2615,5,2,7,0,5,1,1,12237727
1604,3,2,5,5,6,0,1,7977214
1546,2,2,8,2,4,0,0,7619572
1616,4,3,5,10,9,1,2,9261661
2236,3,1,4,0,1,0,2,9472226
1063,2,2,3,7,8,1,1,6342729
1014,4,1,8,6,6,0,1,7280709
726,2,2,1,18,3,1,0,4459159
2976,5,1,7,11,0,0,0,11495803
1563,2,1,5,16,10,1,2,7465121
2440,4,1,1,13,2,1,2,9628806
2860,4,1,5,5,9,1,1,11439736
2085,4,3,5,4,1,1,2,10481837
1948,4,2,8,10,2,0,0,9134600
773,2,1,5,9,7,1,1,5528617
1459,3,3,2,13,3,0,0,6835033
2606,5,4,2,1,0,0,1,11014368
2778,3,1,10,9,10,1,1,11686446
806,1,1,5,18,4,1,0,4629980
1681,2,1,6,11,2,0,2,7480594
1192,4,4,6,12,10,1,0,8306538
697,1,1,6,12,4,1,1,4803729
839,2,1,2,16,7,0,1,4500417
508,2,1,2,13,1,0,1,3809941
1555,3,2,2,3,9,0,0,7284866
2373,4,3,3,9,7,0,2,10547901
2614,5,3,3,7,7,1,1,11598040
2529,4,1,1,15,8,0,2,9503859
1492,2,2,2,5,1,0,2,7001186
1179,3,2,10,18,0,1,1,7695565
579,1,1,6,6,8,0,1,4510420
2178,4,4,9,4,1,0,0,10604645
2434,3,3,10,0,7,0,0,11059639
748,2,2,10,7,2,0,1,6313673
643,1,1,9,8,9,0,1,5186049
1747,4,4,7,5,9,1,1,9929066
2444,4,3,6,12,5,1,0,10781143
2118,4,3,2,19,8,0,2,9182224
2900,4,4,8,18,5,0,0,11890151
1867,3,1,1,5,6,0,1,7628074
1424,2,1,3,12,10,1,1,6597539
2020,4,2,4,0,9,0,1,9562683
1556,2,2,4,10,1,1,2,7519838
1108,3,2,7,15,5,0,0,6567107
2785,3,2,10,18,0,0,2,11655429
1359,3,3,7,19,3,0,0,7368861
1444,2,2,3,4,8,1,2,7418415
2628,3,2,3,7,7,0,0,9717362
2874,3,1,1,7,3,1,2,10581831
717,1,1,3,20,3,1,0,3877632
2325,3,2,4,6,3,0,2,9493009
2701,5,2,9,8,5,1,2,12896702
837,1,1,8,17,10,0,1,5264503
2301,3,3,9,20,10,1,2,11089974
2455,4,4,9,0,10,1,1,12281356
1960,4,3,3,3,5,1,2,9940829
1411,3,3,3,13,4,0,1,7095633
1095,4,4,4,20,9,1,1,7717787
1577,4,2,9,17,3,0,0,8498439
2987,4,2,4,2,5,0,0,11173446
2932,5,3,10,13,5,1,0,13255645
622,1,1,1,12,6,1,1,3899502
650,2,2,4,9,7,1,1,5221700
1719,4,4,4,4,8,1,2,9852237
503,1,1,3,9,2,1,1,3857268
922,2,2,10,12,3,1,1,6786515
2198,3,3,10,8,9,1,2,11082055
1323,4,3,6,9,6,1,1,8598369
2007,3,1,8,1,8,1,0,9210772
1112,4,1,1,4,7,0,1,6327591
1407,4,2,6,12,10,1,0,8246449
1261,2,1,5,16,7,1,2,6654797
767,2,2,1,3,9,0,0,4694903
1738,4,4,7,0,7,0,2,9931491
1767,3,2,9,18,10,0,2,9096692
1963,5,3,5,2,7,1,0,10383034
595,1,1,2,13,4,1,0,3574077
1933,4,2,5,13,6,1,1,9558116
1374,4,2,9,14,8,0,2,8785042
1833,3,3,10,0,10,1,1,10266626
859,1,1,9,9,7,1,0,5758370
2710,5,2,8,8,3,1,1,11988897
2151,5,3,10,6,8,0,1,11217102
1824,3,1,4,1,8,1,1,8477124
2991,5,2,5,7,4,0,1,11952795
2161,5,3,3,3,2,0,2,10276699
631,1,1,2,0,8,0,0,3791916
1771,3,3,5,12,6,0,1,8537549
740,1,1,7,8,7,1,1,5342321
2887,3,3,2,13,1,0,0,10042109
1884,3,1,10,12,5,1,2,9785825
2559,5,1,10,20,0,0,1,11029485
2634,5,2,4,6,5,0,2,11318852
2142,3,1,4,16,5,1,2,8858803
606,1,1,8,6,8,0,0,4809769
627,1,1,5,11,7,0,0,4138170
2789,3,2,2,19,4,0,0,9827597
2030,3,2,6,3,9,0,2,9701478
2929,3,3,7,17,7,0,2,11750164
2517,3,2,1,17,0,1,2,9810707
2947,3,3,3,17,5,0,1,11039008
915,2,1,3,18,3,0,0,4463903
1297,3,3,6,5,2,0,2,8013957
1586,2,1,4,15,10,0,1,6850039
2638,5,3,7,4,7,1,2,12353919
2136,3,1,3,13,2,0,2,8425901
743,2,2,2,13,5,1,0,4713638
982,2,1,2,17,1,0,0,4598888
1442,4,2,4,1,2,1,1,8240148
2580,4,2,1,13,2,0,0,9635044
1896,5,4,9,16,9,0,0,10644631
2084,5,1,10,12,8,0,1,10427727
1908,3,1,2,4,0,0,1,7547998
1001,3,2,2,17,0,1,1,5960153
2167,3,3,2,19,7,0,1,8558488
2760,3,2,7,18,5,1,1,11145681
1943,3,2,1,18,10,1,2,8246783
1039,4,4,5,10,6,1,0,7714019
2737,4,1,8,8,2,1,0,11198567
565,2,2,8,20,7,1,0,5272099
1280,4,3,8,12,6,0,2,8693179
1299,2,1,7,9,7,0,2,7196406
2141,3,2,5,12,8,1,2,9936399
1051,4,4,3,19,7,1,0,6977606
2098,4,2,9,12,6,0,0,9810329
2638,3,2,7,17,9,1,1,11023514
1011,3,2,7,5,7,1,1,7120564
757,2,2,3,6,1,0,1,4894111
1234,2,2,3,10,6,0,0,5907796
2640,5,3,10,12,1,1,0,12118725
731,2,1,1,20,5,0,1,3949103
859,1,1,9,8,5,1,0,5657920
1441,3,3,3,7,2,0,2,7706429
1006,2,1,3,18,4,1,0,5212525
1635,4,1,5,0,8,1,2,8849462
1306,4,4,8,18,8,0,2,8989359
684,1,1,2,13,8,0,0,3552750
2515,5,1,9,3,10,0,0,11554001
2821,4,2,5,5,6,1,1,11706696
2282,3,3,6,11,8,1,1,10575839
1920,3,2,4,9,8,0,0,8355743
2523,5,2,6,9,4,0,0,10935892
1329,3,1,2,14,8,0,2,6394127
688,1,1,6,11,3,0,1,4453907
1573,3,2,8,13,6,1,2,8638759
1026,4,4,5,10,8,1,0,7747820
1029,2,2,6,6,1,0,1,6191717
2974,3,1,6,4,6,0,0,11003121
641,2,2,2,8,4,0,0,4327536
998,1,1,2,8,4,1,0,4776807
2947,4,3,6,14,4,1,0,11781597
2937,5,4,2,3,10,1,0,12214812
1495,3,3,8,5,9,1,2,9212960
877,1,1,4,20,4,0,1,4380891
2956,4,3,9,11,8,1,2,12905050
2673,5,1,8,16,6,0,2,11944234
1035,2,2,10,18,2,1,1,6885299
2290,3,3,3,15,4,0,0,8882317
1156,2,1,4,19,5,1,0,5816652
2298,3,2,8,6,10,0,1,10374076
2651,3,2,9,14,4,1,1,11408230
2533,4,1,8,0,3,1,1,11244015
1946,4,1,1,14,6,0,0,7887894
2751,3,1,3,20,8,0,0,9530857
1370,4,4,9,5,7,1,1,9382928
1570,4,2,10,6,3,0,1,9244451
1975,5,4,10,5,10,0,1,11308679
2126,3,2,9,11,3,0,0,9331444
1583,2,2,9,8,9,0,0,8129532
1766,3,2,2,4,4,0,0,7370669
2092,5,2,8,17,10,0,1,10519331
577,2,1,7,8,10,0,0,4941128
1884,5,3,6,17,10,1,2,10651841
1183,2,1,8,18,3,0,0,6184489
2179,3,3,7,10,9,1,0,10058995
2389,4,4,8,15,5,0,1,11334674
2241,3,1,5,2,7,1,2,9691950
1917,3,3,1,17,10,1,0,8178046
2512,3,1,4,19,9,0,2,9799037
2163,3,2,1,1,1,0,0,8206345
935,2,2,9,0,4,1,0,6898965
2190,4,4,10,5,1,1,2,11867219
856,1,1,2,12,4,1,0,4273816
2969,5,1,6,15,3,0,1,11678788
2844,4,4,4,12,7,0,0,11468585
2115,3,1,3,6,7,0,1,8457962
1210,2,2,9,12,9,1,0,7443449
1987,5,4,2,20,5,1,2,10025615
1300,2,2,8,0,1,0,2,7522668
892,2,2,4,20,2,1,0,5344224
2901,4,3,7,16,8,1,0,11791677
2645,4,4,4,11,8,1,1,11802828
2921,4,2,4,13,4,1,1,11247139
2067,3,1,8,12,7,1,1,9570822
1580,4,3,9,14,10,1,1,9669201
2889,5,3,8,2,5,1,2,13656480
1477,3,2,5,10,10,0,2,7949481
1537,2,2,4,14,7,0,2,7287132
2790,5,3,9,19,6,1,0,12579487
1559,3,1,4,14,5,1,2,7878527
633,2,1,6,7,8,0,0,4879532
2023,4,2,3,19,1,0,1,8638535
1740,4,1,5,0,7,0,1,8475870
1625,2,2,1,12,3,0,2,6771907
620,2,1,1,4,6,1,0,4346819
2351,5,4,4,6,4,1,1,11238058
2249,4,4,7,1,3,0,0,10923587
1305,4,4,5,3,5,0,0,8166340
2857,4,1,1,2,0,0,2,10581101
683,2,1,10,10,1,1,1,6157564
1574,4,4,8,18,10,1,0,9376203
1466,2,2,2,8,4,0,1,6511161
2020,4,4,9,18,3,1,0,10675793
1908,5,2,7,1,2,1,0,10178025
2662,4,3,7,15,0,1,0,11401089
2719,5,1,3,19,2,0,2,10636681
888,1,1,3,6,7,1,1,5011865
2909,5,3,2,6,3,1,1,12278065
2326,3,2,9,0,7,0,0,10393479
2156,5,3,2,0,6,1,0,10182342
2363,5,2,9,20,4,1,2,11724934
2598,3,1,4,8,8,1,1,10058790
1845,5,3,1,9,4,0,1,8742961
736,1,1,2,14,8,0,1,4036759
1549,2,1,7,15,8,1,2,7901354
1593,3,2,1,17,8,1,2,7611401
598,1,1,1,14,10,1,1,3769552
1901,3,2,10,19,0,0,2,9272787
1346,4,1,3,19,9,1,1,7110590
587,1,1,6,12,5,1,0,4519393
620,2,1,6,8,0,0,1,4747773
1169,2,1,3,20,9,1,0,5506339
1836,3,1,5,4,3,0,2,8619998
1073,4,1,7,16,2,0,1,6844887
1009,4,1,10,7,0,1,1,7758485
2336,3,3,6,14,7,1,0,10155340
2652,5,2,5,10,10,1,0,11479857
929,2,1,9,5,7,0,0,6180324
1065,3,2,3,18,5,0,1,5876858
1984,4,4,7,16,8,0,1,10275682
2923,3,1,1,16,1,1,2,10437189
1844,4,3,9,14,6,0,2,10195885
561,2,2,10,3,5,0,0,5740378
1680,3,3,5,1,3,1,0,8557808
2191,5,3,6,11,9,0,1,10881295
2582,5,1,1,16,2,0,1,9796652
1850,4,4,8,20,7,1,1,10090061
1236,3,2,2,4,3,1,0,6717428
2903,3,2,10,15,9,0,0,11563418
1667,3,2,10,9,8,1,2,9665807
2204,4,3,2,13,6,0,0,9256136
1896,4,4,2,4,5,1,2,9648893
622,1,1,7,14,4,0,1,4458026
1134,2,2,3,15,6,1,0,5976449
1659,3,1,4,8,1,1,2,8154674
728,2,2,6,10,8,0,1,5486629
1877,4,4,3,3,6,0,0,9061895
2481,5,4,7,16,0,1,0,11499140
2877,3,1,9,13,0,1,0,10964301
863,2,2,8,17,5,0,0,5747108
2871,4,2,4,12,8,1,0,11417165
1493,2,2,1,16,9,1,2,7000372
860,1,1,6,17,3,0,0,4454944
1338,2,1,3,12,4,0,0,5783144
1277,4,2,4,18,6,0,1,7165991
1257,2,1,9,17,10,1,2,7387690
757,1,1,5,14,8,0,1,4629119
2270,4,2,5,4,0,0,1,9904188
879,1,1,3,12,6,1,1,4795793
2191,4,3,1,8,7,0,2,9740769
2527,5,4,7,7,7,1,2,12367838
2751,4,4,5,8,9,0,1,11711547
2326,5,1,5,8,6,0,2,10543514
1871,3,1,6,10,6,1,1,8787370
1302,4,3,1,4,10,1,2,8108463
2775,5,4,5,18,6,1,1,12413202
2627,3,1,9,5,2,0,0,10586417
1058,3,2,9,15,2,0,0,6691446
1351,2,2,9,8,0,1,2,8097451
1334,4,4,8,9,8,1,1,9217265
710,2,2,6,18,6,1,1,5629395
2023,4,4,9,0,0,1,1,10835480
1039,3,3,8,20,6,1,1,7597376
1581,2,2,4,5,7,0,1,7281883
1545,3,2,4,8,4,0,0,7118413
1118,2,2,8,8,7,0,1,6724004
1522,3,1,10,2,9,1,2,9330462
588,2,2,6,20,1,0,0,4474787
2741,4,1,9,2,10,1,0,12092738
1261,4,4,7,13,3,0,1,8357504
695,2,1,4,6,8,0,0,4615323
2570,5,1,8,1,0,1,0,11268791
833,2,2,8,20,4,1,1,6175462
585,2,1,8,0,2,1,1,5578891
963,2,1,6,16,3,0,1,5638156
525,2,2,6,3,3,0,1,4982299
2938,3,1,2,12,8,1,1,10476263
1323,3,1,5,14,3,0,0,6380351
838,1,1,5,7,1,0,1,4743342
1939,4,1,3,7,3,1,0,8716320
1957,4,1,7,4,4,1,1,9575566
1113,3,2,3,1,10,0,1,6679022
2437,5,1,3,14,5,0,0,9474697
1959,5,4,9,15,0,1,2,10966976
2393,3,1,3,2,8,0,1,9311566
2952,3,1,4,11,3,0,2,10980136
568,2,2,9,9,9,1,0,5941368
2214,4,4,1,14,9,1,0,9546232
943,1,1,3,8,2,1,1,4981253
2664,4,3,2,18,0,0,2,10259140
781,1,1,5,17,8,0,1,4458077
2985,3,1,5,12,5,0,0,10792210
1331,2,1,6,15,5,1,0,6563047
716,1,1,2,12,4,0,1,3961606
635,1,1,8,0,4,1,0,5063643
1253,3,3,10,5,8,0,0,8303149
2815,5,4,2,14,10,1,1,12083607
2359,4,4,6,1,5,0,1,11342181
1469,4,2,1,2,0,1,2,7851480
2915,3,2,10,17,3,0,2,11985493
2499,5,2,7,9,10,1,0,11493584
1555,4,3,1,12,5,1,1,8168820
1868,5,2,6,14,0,1,1,9839555
527,2,2,3,0,7,1,1,4990194
1246,3,1,10,5,6,0,0,7643895
2068,5,1,2,17,6,0,2,8924216
2983,3,2,1,18,10,0,2,10471839
2841,3,3,2,20,7,0,0,10291503
1056,3,3,7,5,8,0,1,7527498
2645,4,4,8,15,0,0,1,11762732
2401,3,3,7,16,2,0,0,9953738
2248,5,4,5,13,0,1,1,10856154
1802,5,3,7,18,10,0,2,10194070
1111,2,2,2,6,5,1,0,5955403
2830,5,4,5,16,10,0,1,11963424
2531,4,1,7,14,4,1,2,11019440
1987,5,1,9,4,1,1,2,10711999
2587,4,3,8,14,9,0,1,11682230
1864,5,3,4,17,3,1,1,9643683
2917,4,1,3,11,2,0,0,10473937
752,2,2,7,20,9,0,0,5258465
2510,3,3,2,18,6,0,0,9273125
653,1,1,4,17,7,0,0,3753293
2111,5,2,9,15,5,0,0,10198670
1857,3,2,3,1,2,1,2,9022983
1538,3,3,2,3,2,0,1,7560402
2913,3,2,6,3,7,0,2,11896363
1022,2,1,2,14,10,1,1,5467498
533,1,1,8,11,10,0,1,4653280
2475,5,4,8,18,1,1,1,11827230
1014,4,3,4,9,10,1,0,7174293
2559,5,1,2,10,7,1,0,10510954
1076,3,1,1,19,4,0,0,5007311
2028,4,3,7,5,9,1,0,10122769
911,2,2,8,0,8,1,1,6758980
2845,4,2,10,20,4,1,0,11714750
776,1,1,3,15,9,1,1,4630528
1928,4,2,2,0,1,0,2,8932563
2202,5,1,4,4,10,0,1,9929066
1814,3,3,5,16,10,0,0,8181998
2545,3,1,5,14,5,1,0,9852961
2187,4,2,7,5,4,1,1,10370488
1166,2,1,2,7,5,1,1,5944731
1194,2,1,10,9,0,1,0,7078244
1508,4,3,4,8,6,1,0,8513625
1894,4,4,1,1,6,0,0,9039267
2652,3,1,8,18,5,0,1,10218854
1046,2,2,2,5,0,0,0,5190603
937,2,2,7,2,6,0,1,6338491
851,2,2,2,6,3,0,1,5049999
550,1,1,10,2,5,1,1,5559396
2299,5,1,6,15,8,0,2,10241965
1848,3,3,5,18,2,0,0,8313887
975,1,1,3,18,9,1,0,4705119
1664,2,1,4,16,5,1,2,7518959
2877,3,2,3,13,5,0,0,10401634
1164,4,1,2,14,4,0,0,5869012
2572,5,3,5,13,9,1,1,11643078
1717,4,1,9,4,7,0,2,9239077
2079,4,3,10,3,6,1,1,11272812
2862,3,2,4,4,1,0,0,10253674
752,2,1,4,3,5,1,0,5224019
1465,3,1,9,8,0,0,0,7730668
1531,3,1,7,15,1,0,0,7057168
1071,3,1,5,5,3,1,1,6770403
2335,4,4,1,9,2,0,2,10358113
2916,5,4,7,12,7,1,0,13238202
2544,4,2,2,1,7,1,0,10517710
712,1,1,4,1,5,0,0,4319004
2950,5,4,3,9,7,0,1,12132889
2270,4,3,2,13,10,0,2,9773021
2279,5,2,10,17,5,0,0,10849652
923,1,1,7,20,3,0,1,5062643
2246,5,1,8,1,4,0,2,11161582
1942,4,2,2,16,9,1,2,8975402
830,2,1,2,20,3,1,0,4435020
2415,5,1,6,0,7,0,1,10839871
525,2,2,10,19,9,1,0,5739873
2368,4,4,7,4,1,0,2,11615096
1832,5,3,2,19,4,1,2,9315657
1201,2,2,10,10,5,0,0,7169306
1273,4,1,6,19,1,1,1,7236118
2193,3,3,6,3,1,0,2,9998368
1764,3,1,4,13,3,1,1,8046710
540,2,1,5,2,7,0,1,4862341
1083,2,1,5,4,6,1,1,6466144
661,1,1,4,20,8,0,0,3759396
2307,3,3,10,20,9,0,1,10796553
1758,4,4,6,4,1,0,0,9197098
1799,4,4,4,15,3,0,0,8652764
1343,2,1,1,17,8,1,0,5863955
720,2,2,10,8,10,0,0,5997429
2681,3,3,1,7,6,1,2,10930892
879,1,1,3,2,8,0,1,4697802
1535,2,1,8,1,2,1,1,7775188
2753,4,4,4,5,1,1,2,12141560
2458,3,1,3,0,4,0,2,9597825
2529,4,2,4,9,4,0,0,9834819
1979,3,1,1,9,6,0,0,7321483
1697,2,1,2,7,5,1,1,7348019
2364,5,3,3,1,7,0,2,11113250
1450,4,3,7,14,2,0,1,8338726
814,2,2,8,13,7,1,1,6459297
1391,4,4,8,2,2,0,2,9295585
2683,5,2,10,14,10,0,0,11855962
2451,3,1,5,11,1,1,1,9704915
2553,4,1,8,7,4,0,2,11122992
625,2,2,5,1,3,0,1,5297856
1806,5,3,10,6,9,0,2,10934090
1476,4,4,3,1,5,1,1,8826729
1464,4,2,8,2,10,1,1,8938993
2181,3,3,6,13,7,0,0,9638990
2417,5,1,6,6,7,1,0,10565463
1918,4,3,6,7,10,1,1,9948775
647,2,2,8,14,8,0,0,5469679
933,1,1,8,4,10,0,1,5689785
1771,3,1,2,5,4,1,0,7656734
2003,5,4,9,0,4,0,0,11225594
1772,4,4,7,15,1,1,1,9982968
1110,3,1,5,9,7,0,1,6434188
2197,4,1,2,0,1,1,1,9488148
1445,2,1,6,14,0,1,2,7173258
619,2,1,3,9,6,1,1,4787955
1550,4,1,4,20,0,1,0,7394961
914,2,2,10,19,8,0,1,6437533
2849,3,2,8,0,4,0,0,11570628
1284,2,1,9,13,4,0,0,6592295
1582,3,3,7,11,1,0,0,8042184
2935,3,2,1,0,3,1,0,10812849
2385,4,2,3,11,6,1,1,9899890
1854,3,2,3,10,1,0,0,7569362
1878,4,1,2,3,9,0,2,8461017
2053,3,2,2,7,6,0,0,8328837
1976,3,1,2,9,4,0,2,8275566
2292,5,2,6,6,8,1,2,11124630
2238,3,1,7,3,10,1,2,10442472
2838,5,3,5,4,6,0,2,12271706
1849,4,2,8,10,8,0,1,9491801
2010,3,3,2,8,9,1,0,8669366
1284,2,1,6,17,5,0,1,6315126
1344,4,3,3,16,8,0,1,7338239
2530,4,1,8,16,1,1,0,10513269
1707,2,2,3,8,7,1,1,7705023
1668,3,3,7,8,9,0,0,8455431
1656,2,1,7,0,6,0,1,7755137
2279,3,3,8,11,5,0,1,10240434
1433,4,3,5,20,6,0,2,8025693
996,1,1,1,14,2,1,1,4691976
1950,5,2,10,13,0,0,1,10029619
1411,2,2,8,0,7,0,1,7926658
1976,5,1,8,9,3,0,2,10029086
732,1,1,6,1,10,0,1,4997649
2947,5,3,5,4,7,1,0,12664293
1494,3,1,8,18,4,1,2,8078541
1754,4,3,10,11,7,0,0,9584916
1290,4,1,8,9,10,0,1,8001718
2667,3,1,3,8,0,0,0,9437613
1354,3,3,3,15,6,0,1,7032335
1608,4,1,5,1,4,1,1,8604086
906,1,1,9,12,3,0,0,5443029
1934,3,1,3,17,9,0,0,7622758
1695,4,3,10,11,2,0,1,9727227
2220,4,4,5,5,3,0,1,10531869
1388,2,2,4,4,7,0,2,7097065
2869,3,1,6,3,0,0,0,10477017
2505,4,2,2,8,3,1,2,10508507
2831,5,4,6,6,7,0,1,12853028
2451,3,1,1,11,2,0,2,9017864
1296,2,2,4,0,10,1,0,6922191
1358,2,2,8,7,1,0,2,7540268
1289,3,1,5,16,5,0,0,6427306
2359,5,3,10,20,0,0,1,11386658
575,1,1,8,4,2,0,1,4671116
1141,2,2,6,5,3,1,1,6961956
1038,2,1,2,10,9,1,1,5517893
1977,4,1,4,5,3,0,2,9026417
732,2,1,10,9,1,1,1,6006509
1645,2,1,1,1,7,1,1,7130952
2612,5,4,6,10,10,1,0,12202073
2855,3,2,6,1,4,1,0,11533850
2100,4,3,7,4,7,0,2,10537591
1889,3,3,2,9,2,0,1,8339096
1425,4,3,6,1,10,1,1,8865365
2494,4,3,4,9,9,0,2,11126030
936,2,2,8,8,0,1,1,6607357
1974,5,3,8,8,9,0,0,10122049
2288,4,2,7,9,1,1,2,10658706
2871,4,3,4,14,7,0,0,11395420
1641,4,2,2,13,4,1,2,8394146
2636,3,2,4,14,8,0,1,10066311
1699,2,2,10,6,6,1,0,8859299
2331,4,4,10,5,6,0,0,11609920
1403,4,2,8,6,5,1,0,8379040
2094,4,2,2,4,3,0,0,8783625
1898,4,3,10,3,5,0,0,10209101
1243,3,2,7,0,0,0,1,7598343
2702,3,2,10,1,3,0,0,11511553
1600,2,1,7,10,10,0,0,7332231
1823,4,3,10,19,7,1,0,10042499
678,2,1,1,15,4,1,0,4149875
1481,2,2,1,1,4,0,2,6934585
2499,4,3,4,12,8,1,0,10753110
2062,3,3,8,13,2,0,1,9802247
2506,4,1,6,8,5,1,1,10516771
1111,3,3,8,9,1,1,0,7502284
1980,3,3,2,8,1,1,0,8502112
1557,4,2,2,20,2,0,0,7122115
2860,5,2,2,10,9,0,0,11027469
1003,2,1,1,9,4,1,1,5241128
2478,3,2,5,3,7,1,1,10238479
1792,3,3,10,7,9,0,0,9354675
1770,3,2,7,15,10,1,1,9126048
2440,5,4,7,12,4,1,1,11694892
1945,3,1,9,10,10,0,2,9407700
1849,4,2,2,15,5,0,1,8227614
2700,5,4,9,4,9,1,0,13004173
1725,4,3,3,5,0,1,0,8685430
2769,4,1,7,19,2,1,2,11277522
2655,4,3,1,1,6,1,0,10622568
2268,3,3,1,7,2,0,1,8884451
1294,2,1,10,7,3,0,0,6868464
958,2,1,7,11,4,1,1,6191333
1809,4,2,5,11,2,1,0,8698047
1632,2,2,10,14,4,1,1,8655685
2643,3,2,2,14,9,0,2,10029037
864,1,1,6,12,6,1,0,5143676
1332,4,3,9,13,10,1,0,8775964
2686,3,2,7,1,1,0,2,11118561
1580,3,3,5,20,7,1,2,8657074
2924,3,2,9,9,2,1,2,12483330
978,2,2,4,13,7,0,0,5501885
516,1,1,2,19,0,1,0,3277663
1269,4,4,3,3,2,0,1,7864079
2843,3,3,5,11,6,0,1,11273279
1608,3,3,3,4,0,0,1,7735474
2171,3,3,4,19,3,1,0,9140408
1679,2,1,7,4,5,0,2,8030012
1632,2,1,1,20,7,1,1,6717825
2938,5,3,2,8,2,0,0,11630378
2667,4,2,6,1,7,1,1,11348453
2958,3,3,4,5,8,0,2,11725506
2814,5,4,1,4,4,1,0,11617602
1328,2,1,10,0,7,1,0,7777473
1212,2,2,4,4,7,1,2,7104259
2505,4,3,6,8,7,1,0,11082299
2317,4,4,4,10,5,1,2,11240637
1680,3,1,3,12,6,1,0,7362471
1511,4,2,10,4,9,1,0,9284040
708,1,1,6,1,10,0,0,4845647
1411,4,2,10,1,6,0,1,9014599
2710,5,3,9,5,4,1,1,12649162
2814,3,1,10,19,0,0,1,11208579
2959,3,1,8,11,9,0,2,11756163
1985,4,4,2,9,2,0,2,9255094
1265,2,1,7,20,10,1,2,6950122
515,2,2,4,12,4,0,1,4453516
1528,2,1,10,13,9,0,1,7679365
530,1,1,3,5,7,1,0,3926172
2391,5,1,9,14,8,1,2,11598187
730,1,1,9,11,3,0,0,4809680
677,1,1,4,20,2,1,1,4275657
2449,4,3,5,12,5,1,0,10641647
2764,5,3,8,20,0,0,1,11838429
2225,5,2,4,5,4,1,1,10562854
2192,5,3,2,10,4,1,2,10314103
995,2,2,8,6,5,0,1,6424636
2546,4,4,6,18,5,1,1,11631114
551,1,1,4,14,5,0,0,3579773
2118,5,3,9,8,10,0,0,10635366
1154,2,1,6,2,4,1,1,6692887
2907,5,3,4,14,10,0,0,11737798
2192,3,2,2,9,2,1,1,8867162
1257,4,4,1,17,1,0,1,6925333
2918,5,2,2,0,9,0,1,11769067
1108,3,3,4,19,2,0,1,6303475
1751,4,4,3,17,4,0,1,8799690
2923,4,2,10,1,8,1,2,13527401
1704,3,2,8,19,0,0,1,8256985
1772,3,2,7,12,6,1,2,9191208
2267,5,1,10,20,4,0,2,10840961
1150,4,3,1,16,5,1,0,6659332
2249,3,3,8,5,6,1,2,11100060
1099,2,1,6,14,2,1,0,6006988
1745,4,4,9,19,2,1,0,9843788
1607,3,1,4,7,4,1,1,7719316
931,1,1,2,9,9,1,0,4705395
2050,5,4,3,16,8,1,2,10689998
2637,4,2,5,8,9,1,0,11143499
1975,3,3,7,19,5,1,0,9124916
1727,3,1,9,17,3,0,0,8082729
2730,3,1,7,18,3,1,1,10644695
779,1,1,8,15,9,0,0,4809214
1146,2,1,2,12,3,0,1,5250136
524,1,1,10,3,5,0,0,4753938
1298,2,2,4,2,4,0,2,6903553
825,1,1,1,5,3,0,1,4106693
643,1,1,10,11,9,0,0,4941752
2369,4,3,7,18,0,0,2,10431260
930,1,1,7,10,3,0,1,5410030
2669,3,2,4,16,7,0,1,10309250
1780,3,3,8,9,6,0,0,8871535
739,2,1,3,15,2,0,0,4260594
718,1,1,9,0,8,0,1,5578426
2826,5,1,3,6,2,0,1,11113922
551,1,1,10,6,2,1,0,5134279
1068,4,3,3,14,6,0,1,6732432
675,1,1,4,3,1,1,1,4654847
1688,2,1,3,12,7,0,0,6749294
841,2,2,9,3,1,1,1,6786942
2699,4,2,10,0,2,1,0,11976809
2577,4,3,3,13,7,0,0,10105591
667,2,1,8,10,3,0,1,5434189
548,2,1,2,19,8,1,0,3863424
1903,3,2,6,10,0,1,2,9114384
2743,4,4,8,14,0,0,1,11925708
2286,4,4,1,0,8,0,0,9940601
2108,4,3,1,10,8,0,1,9060454
531,1,1,3,14,2,1,1,3814622
1063,4,2,10,0,1,0,0,7586027
942,1,1,2,6,4,0,1,4661162
2070,5,1,2,19,9,0,1,8669132
1740,2,2,6,2,1,1,2,8672497
1618,3,1,2,14,0,1,1,7157761
2301,5,4,9,17,6,0,2,11910381
1169,3,1,8,19,0,1,1,7035702
828,1,1,10,1,1,0,1,5880068
1873,5,4,8,12,7,1,1,11078554
2893,4,2,5,18,6,0,0,10934413
2827,3,1,8,13,4,1,0,11237388
2479,4,1,3,4,10,0,2,9985759
1933,3,2,8,16,2,1,1,9352096
1821,3,3,3,1,9,1,2,9250951
1247,4,3,9,18,8,1,0,8354231
2556,4,2,8,5,9,0,0,11145619
1890,5,4,1,5,4,0,2,9516959
2560,4,4,4,19,8,1,1,11069380
1671,3,1,8,7,9,0,1,8493995
2109,5,3,3,7,9,0,2,10421635
2205,5,4,7,5,2,1,0,11183114
1424,2,2,1,12,10,0,0,6154067
2183,4,2,4,8,0,0,1,9499131
1045,2,2,7,6,4,1,0,6723100
2202,3,2,3,16,8,1,0,9097447
1298,3,2,1,9,4,1,1,6674191
980,2,1,5,9,2,0,0,5172846
1890,4,3,5,18,5,1,2,9558989
831,2,1,5,12,3,0,1,5010509
955,1,1,5,15,10,0,1,5107694
1680,2,2,3,8,7,0,1,7192802
2663,4,3,10,3,5,0,0,11679184
1794,2,2,6,20,1,0,1,7652981
2829,3,3,4,1,5,1,2,11517280
1828,5,2,2,0,8,0,0,8687673
1728,2,2,9,20,10,1,0,8287101
694,1,1,7,0,6,1,1,5320949
608,2,2,4,14,4,0,0,4495412
761,2,1,7,10,0,1,0,5480528
1590,3,1,6,18,0,0,0,7238059
1804,3,1,4,2,6,0,0,7959403
715,1,1,3,17,9,1,0,4184857
962,1,1,9,12,1,1,1,5896035
650,2,2,7,19,9,1,1,5574724
752,1,1,2,8,4,0,1,4042903
2448,3,2,3,7,8,1,0,9846564
1949,5,3,3,16,5,1,1,9922937
2427,5,4,4,15,9,0,2,11191431
1892,4,4,8,18,7,0,1,9927714
564,2,2,2,1,5,0,1,4616027
2693,3,2,1,8,3,0,0,9392928
2276,5,1,3,16,5,1,2,10194607
2069,4,1,10,13,3,1,1,10305759
2108,3,2,6,2,2,0,0,8902237
1691,2,2,3,4,6,1,2,7912703
925,1,1,5,11,9,1,0,5170441
2984,5,2,6,12,5,0,1,11958234
1632,4,2,8,14,9,1,0,9126836
2209,5,3,6,14,3,1,1,10889240
1944,5,2,6,2,2,0,1,10061322
2756,4,4,8,18,10,0,0,11949040
1829,3,1,8,18,10,0,2,8680282
2253,4,2,4,19,6,1,1,9889755
2895,5,1,3,1,3,1,1,11418035
503,1,1,2,10,9,0,0,3256458
2199,5,3,8,10,3,1,0,11156982
1326,4,4,7,7,5,0,2,8796505
788,2,1,7,5,0,1,0,5579300
1076,2,2,4,6,4,1,0,5970878
2952,4,4,4,14,2,0,2,11934211
1930,5,2,4,16,0,1,0,9248964
770,2,1,7,1,3,0,0,5240434
2030,4,3,2,16,10,1,0,9095308
2260,3,3,3,0,10,0,0,9332696
2766,5,1,3,2,0,0,1,10920490
2192,4,4,8,14,3,1,1,11172026
2368,4,3,6,11,4,1,2,11352958
1352,3,3,2,19,5,1,0,6806210
954,1,1,3,12,9,0,1,4724044
1462,2,1,4,7,3,0,0,6286152
786,2,2,6,0,7,0,0,5606569
571,2,1,7,0,6,1,1,5641031
1810,5,1,5,9,8,1,1,9208410
2220,4,2,5,4,7,1,0,9829086
2888,4,1,7,18,5,1,0,11228430
637,1,1,6,16,9,0,1,4425398
957,1,1,9,5,8,1,0,6119743
2914,4,3,2,12,10,1,2,11902423
2891,4,3,7,9,4,1,1,12538866
1091,2,1,1,8,1,1,0,5122484
1139,4,4,8,17,5,1,1,8470936
538,1,1,8,19,10,1,0,4519819
1733,3,2,1,19,10,0,1,7310577
1907,3,3,3,16,0,0,2,8386191
814,2,2,1,20,7,0,1,4604426
2234,3,3,4,3,6,0,0,9483556
551,2,1,2,12,4,1,1,4244633
1226,3,2,5,20,2,0,0,6424940
2136,4,3,2,11,10,0,1,9603048
2102,5,1,6,11,7,0,2,9986697
2203,5,4,2,13,6,1,0,10305930
2222,5,2,7,8,6,0,1,10679344
2017,4,1,7,3,1,0,0,9190611
2201,3,1,3,8,5,0,2,8741069
2117,5,4,2,18,2,0,0,9557823
2259,5,4,5,17,6,1,2,11235502
2473,5,4,4,2,9,1,0,11373438
1163,3,3,1,8,3,1,0,6343200
1923,5,1,7,8,2,0,0,9479853
1049,3,2,7,18,0,0,1,6491847
942,1,1,4,14,10,0,1,4921641
1426,3,1,7,4,2,0,0,7250805
1926,4,4,4,20,5,1,1,9506989
1685,2,2,2,0,4,0,2,7329658
1152,3,1,1,6,2,1,0,5906009
1747,4,4,4,10,2,0,1,9114743
831,1,1,1,7,8,0,1,4274348
2886,4,4,3,2,8,1,0,12216784
762,1,1,3,16,1,1,1,4407907
622,1,1,7,12,6,0,1,4637535
1744,3,1,9,2,10,0,0,8618445
1836,5,3,6,0,3,0,2,10206977
701,1,1,1,7,7,1,0,3931699
1310,4,1,4,4,4,1,0,7440321
2335,5,3,7,14,1,1,0,11211921
1522,2,2,7,16,7,0,1,7545531
1015,4,4,6,4,4,1,0,7866195
1155,4,2,9,16,2,0,0,7378002
1632,4,4,8,15,6,1,2,9776801
2138,5,1,7,11,7,1,1,10252040
1182,2,2,2,18,10,1,1,6160339
2808,5,1,3,18,4,1,2,11487070
1277,4,3,6,14,7,1,1,8094822
1473,4,4,6,20,5,0,2,8939745
639,1,1,10,11,6,1,0,5213483
1353,4,3,10,6,6,0,0,8781827
1666,2,1,8,0,6,1,0,8163596
1840,5,2,7,1,8,1,2,10309165
2295,3,1,3,0,3,0,2,9476921
910,1,1,1,18,9,1,1,4568102
2255,3,2,3,0,3,1,0,9231510
1524,4,2,7,11,6,1,0,8525516
912,1,1,7,10,7,1,0,5498145
2503,4,1,6,8,6,1,0,10540179
810,2,2,10,0,9,1,1,7241389
2751,5,4,4,1,5,1,2,12483545
1158,3,1,2,4,9,0,1,6268720
2218,3,2,5,15,8,0,2,9276259
1842,5,1,5,0,1,1,1,9316401
1792,4,4,1,1,0,0,2,9032606
643,2,1,9,16,5,1,1,5671428
1449,4,3,8,9,3,1,2,9192734
2850,5,1,9,19,4,0,0,11406555
2675,4,4,8,2,8,0,0,11775331
554,2,2,3,17,10,1,0,4512439
777,1,1,10,20,0,0,1,5190924
558,2,1,10,9,1,0,1,5406638
2915,3,3,4,4,3,1,2,11743092
2417,4,4,1,20,6,0,2,10142748
1811,3,1,5,0,10,0,2,8694774
2426,5,2,9,14,4,1,2,12011158
1296,2,1,9,6,6,0,0,6996440
2828,5,2,10,14,0,0,1,12492716
1492,4,2,1,15,1,1,1,7432750
2756,4,1,4,7,1,0,1,10539327
731,2,2,8,12,7,1,0,5946900
2788,5,2,1,7,0,0,2,11305853
2318,4,4,5,1,5,0,0,10658044
552,1,1,1,12,7,1,1,3657212
1195,3,3,8,5,6,1,1,8285553
2406,3,1,7,9,9,1,1,10514783
1988,3,3,5,10,3,1,1,9470278
1955,4,3,5,16,8,0,1,9173609
2217,5,1,2,16,5,0,0,9098615
1788,4,4,8,7,3,1,0,9891253
2252,4,4,8,1,10,1,0,11511740
2679,3,3,9,6,8,0,0,11553598
1414,3,2,6,1,2,1,1,8052280
2254,3,1,5,11,6,0,2,9213738
1346,4,2,4,9,9,1,0,7615271
1814,4,1,6,2,5,1,2,9444653
2672,5,2,7,6,8,0,2,11893236
1180,3,3,3,14,1,1,0,6701868
2096,3,3,9,20,6,1,2,10270883
2211,5,2,4,20,7,0,0,9639525
1911,5,3,8,17,7,0,1,10189939
2837,3,1,10,4,2,1,0,11715937
1219,4,2,3,16,0,1,0,6763978
2874,4,1,9,11,4,1,1,11909051
2708,5,2,6,17,8,0,0,11070467
514,1,1,6,12,3,0,0,3916250
1149,4,2,7,15,3,1,1,7860791
537,2,2,10,17,6,1,1,5795602
2563,5,4,3,2,3,0,2,11837550
744,2,1,9,13,8,1,1,6017415
1361,3,2,7,1,10,0,0,7516677
1196,3,3,8,5,8,1,1,8221742
1374,3,1,2,12,3,0,0,6189632
1702,3,1,2,15,2,1,0,7124837
558,1,1,7,9,9,0,1,4664253
2546,4,1,2,13,3,1,2,10275848
641,1,1,1,3,6,1,0,3945689
2267,3,1,9,8,5,1,1,10016944
510,2,2,10,12,2,0,1,5406879
926,1,1,9,13,1,0,1,5606446
2198,5,1,1,5,6,0,1,9242541
572,1,1,5,19,10,1,0,4150104
933,2,1,5,8,1,0,1,5384114
2513,5,3,6,15,3,0,0,10923151
729,1,1,3,6,8,0,1,4288844
1541,2,2,2,2,10,0,2,7245355
1202,4,3,1,5,3,0,1,7013098
624,2,2,8,3,4,1,0,5937597
1315,2,2,2,8,7,1,1,6510415
770,1,1,5,18,2,0,0,4163709
1236,4,1,6,20,2,0,2,7227527
1950,3,1,8,12,8,0,0,8874694
1146,3,3,7,5,5,0,1,7607751
2454,5,2,3,8,9,0,0,10504200
1709,2,1,4,5,5,0,2,7617750
2492,4,4,3,7,8,0,2,11300009
1711,2,1,8,20,6,1,1,7880647
2892,5,3,3,17,5,0,0,11174869
607,2,2,2,9,8,1,0,4718270
2919,5,1,9,10,0,1,0,12431468
1615,4,4,2,10,9,0,1,8299361
1013,2,2,8,5,1,0,0,6265965
1683,3,2,10,7,9,0,2,9139212
1011,3,2,1,0,3,1,1,6198525
2564,5,3,9,12,5,1,0,12085814
1639,4,4,7,12,0,1,0,9113784
2050,5,1,5,15,4,0,0,8870663
932,1,1,7,16,9,0,0,5035180
1043,4,3,1,9,3,0,1,6359036
574,1,1,10,10,7,1,1,5352381
2263,4,3,9,1,3,0,1,10883387
2424,5,1,8,10,2,1,2,11488235
1517,3,1,8,12,4,0,2,8163293
2610,3,3,4,0,3,1,0,10711983
1055,4,4,1,16,10,1,0,6801699
2789,4,2,5,0,1,0,1,11335874
2967,4,3,8,10,4,1,0,12567939
2341,4,1,5,18,9,0,2,10132291
2379,5,1,10,9,5,1,1,11602927
2346,3,3,7,3,0,0,2,10433765
1905,4,2,7,17,9,0,0,9040530
582,2,1,8,10,6,1,0,5163009
1161,2,2,8,2,10,1,0,7235364
2573,4,2,4,13,3,1,0,10197024
1580,4,3,8,17,6,1,0,9205554
2077,4,4,3,17,1,0,2,9788453
1180,3,3,10,20,8,1,0,7836124
2885,3,3,7,0,10,1,0,12165797
1924,5,3,6,6,7,0,0,9974365
1639,2,2,7,6,1,1,1,8195346
2523,3,2,2,13,9,1,1,9888598
891,2,2,1,0,0,1,0,5241880
2013,4,1,3,7,1,0,2,8787155
665,2,2,3,18,6,0,0,4386509
2561,5,3,5,4,7,0,2,11634486
2911,5,4,10,19,2,1,0,13356821
2943,4,2,7,13,10,1,1,12214736
2000,5,4,9,7,10,1,0,11526693
1821,3,3,3,11,10,0,1,8466403
2529,4,1,9,10,3,1,0,11111443
937,2,2,4,0,4,0,0,5527089
741,1,1,2,6,1,1,1,4439044
2404,4,2,8,0,7,0,0,10990233
2857,5,4,2,14,6,0,2,12240531
537,2,2,3,14,2,0,1,4216899
2743,5,1,8,13,7,1,0,12028044
1187,3,1,3,11,4,0,0,5833387
1450,4,1,6,16,4,1,1,8113544
1016,3,2,1,9,6,1,0,5983957
683,1,1,10,0,6,0,1,5647894
1937,3,3,3,12,1,0,1,8215871
2430,3,1,3,4,10,0,2,9639096
2298,4,4,6,9,10,0,1,10725796
1232,3,1,2,13,9,1,0,6165493
1182,4,4,2,14,8,0,1,7316508
777,1,1,6,14,3,0,0,4358714
2316,5,4,5,11,5,1,0,11057725
1791,2,1,8,0,5,1,1,8450454
1140,4,3,1,17,6,1,1,6867875
1018,2,2,10,18,8,1,0,6991279
1802,5,4,10,4,6,0,1,10837220
643,2,1,6,11,1,1,0,4918910
2905,4,3,2,18,3,1,2,11363430
1870,3,1,3,14,3,1,1,8125939
1869,5,1,2,19,7,1,2,8793303
1308,3,2,2,12,4,1,0,6539756
2267,4,2,3,4,2,1,1,9701958
2589,3,1,2,8,8,0,0,9261812
2313,3,3,9,17,4,0,2,10649758
1528,2,2,5,17,10,0,0,7028059
2610,3,2,10,7,0,0,2,11538383
1825,5,1,6,20,8,0,2,9035350
565,1,1,5,0,5,0,0,4171252
697,2,2,4,10,10,1,0,5278126
932,1,1,2,13,6,1,1,4657764
1061,4,1,3,9,6,1,1,6803943
1090,4,1,3,11,9,0,1,6545520
711,2,2,10,16,8,1,1,6438053
1205,3,1,10,4,0,0,0,7089569
1563,4,4,6,13,10,1,1,9456982
991,2,2,6,15,8,0,0,5645380
2853,5,3,1,9,3,1,1,11713965
2129,4,3,1,16,6,0,2,9334972
2808,4,2,3,4,3,0,1,11174719
1610,4,4,7,8,1,0,1,9014440
1391,4,3,6,15,4,1,2,8648569
2564,5,1,6,16,3,0,1,10914479
648,1,1,5,20,4,0,1,4058232
1945,5,1,10,5,0,1,2,10680194
2060,5,2,3,11,10,1,0,9877231
2284,5,2,3,7,6,0,0,9997351
2425,4,2,5,3,8,0,2,10873687
1910,4,4,9,1,2,0,2,10470296
2361,4,1,1,13,2,1,1,9441783
572,1,1,10,9,4,1,0,5219082
1374,3,1,5,7,9,0,0,6981400
1262,2,1,9,13,10,1,1,7505328
704,2,2,8,8,7,1,0,6029376
899,1,1,5,0,8,0,1,5191065
2418,5,2,7,0,1,1,1,11660256
1916,5,2,4,9,2,0,1,9110177
1425,4,2,3,8,2,1,1,7800977
1243,3,2,5,11,7,1,0,6964506
936,2,1,2,3,4,1,1,5565903
1430,4,4,4,16,3,1,2,8792344
2503,5,3,3,0,10,1,1,11449757
2907,5,2,6,16,9,1,1,12487684
729,2,1,10,5,8,1,0,6060618
723,1,1,5,13,1,1,1,4706764
1687,3,3,8,20,7,0,2,9133821
2832,5,4,4,13,1,0,2,12060687
1690,4,3,10,4,1,0,2,10011080
2294,3,1,6,20,0,0,2,9134371
1375,3,2,10,13,2,1,2,8494203
2889,4,3,5,18,9,1,2,12137181
851,2,1,3,0,0,0,0,4851504
899,2,1,9,13,10,1,0,6219809
1809,3,2,8,10,9,1,0,8944914
2886,3,3,7,14,1,0,2,11617933
506,2,2,9,15,2,1,0,5401995
2481,5,3,10,12,6,1,2,12704749
1718,4,2,1,11,1,1,0,7836880
1136,4,3,2,5,10,0,1,7056010
1462,3,1,7,14,5,1,2,8037390
2319,3,2,3,12,5,1,1,9266381
785,1,1,10,14,9,0,1,5420306
2455,3,3,3,16,0,1,0,9844082
2861,5,1,8,8,6,1,2,12959740
2974,4,3,8,4,1,1,0,12709946
1197,3,1,6,12,6,0,0,6361824
1926,3,2,10,11,2,1,1,9763005
2055,4,2,6,0,7,0,2,9862760
2544,3,3,4,20,9,1,1,10578001
1597,4,4,2,5,10,1,0,8563920
2988,3,3,7,7,1,1,0,12095437
2307,4,4,5,8,3,0,2,10713610
2978,4,4,7,6,0,0,2,12689502
2097,3,3,2,1,5,0,1,8884427
2324,5,4,1,9,8,0,0,10032143
1990,3,3,8,20,10,0,2,9675007
1155,3,3,3,19,5,1,1,6798653
750,2,2,5,16,9,0,1,5166645
1246,4,4,10,19,1,1,1,9031504
1249,3,1,1,4,9,0,0,6034725
929,1,1,7,16,9,0,1,5398403
2223,3,1,2,7,6,1,0,8609382
2474,3,3,3,19,1,1,0,9724061
2033,3,3,10,11,6,0,1,10021893
1993,4,2,3,7,5,1,0,9109282
1823,5,4,1,13,3,0,2,9093864
1105,4,2,10,7,3,1,0,8119487
2297,5,4,2,11,3,1,2,11054502
1730,3,1,7,16,10,1,2,8761491
2189,4,3,6,1,7,0,2,10547593
540,1,1,1,16,8,0,1,3245876
1771,3,1,6,17,1,0,1,7842059
945,1,1,8,19,7,1,1,5757870
825,1,1,9,17,6,1,0,5514533
1711,3,2,4,7,3,1,1,8252683
2851,4,2,4,15,9,0,0,10970917
2262,3,3,2,19,1,1,0,8796369
2486,4,2,9,20,7,0,1,11177061
705,2,1,2,19,4,0,1,4211249
515,2,2,3,13,0,1,1,4474509
811,2,2,10,15,7,0,1,6257882
2843,5,3,10,3,9,0,1,13338771
2485,5,2,7,13,5,0,2,11340573
2665,5,3,9,14,4,1,2,13003506
2354,3,1,2,20,9,1,1,8878558
2961,4,1,7,7,9,1,0,11770845
1527,3,2,8,8,3,1,2,8629583
1080,2,2,9,14,7,1,1,7280619
797,1,1,6,11,7,0,0,4696301
2935,3,3,1,1,5,0,1,10708537
964,2,1,7,10,8,1,1,6175760
2823,3,3,4,8,4,0,1,10845491
2422,3,1,4,19,3,0,0,8903465
2164,4,2,4,11,3,1,2,10185234
1785,4,1,10,12,2,0,2,9530191
2934,4,1,9,15,8,1,2,12327915
2427,5,2,8,6,7,1,0,11229788
2420,4,2,10,20,8,0,1,11147323
2187,3,3,8,18,7,1,1,10508120
726,2,2,6,1,7,0,1,5624284
2997,5,1,2,0,7,0,2,11590514
1104,3,2,3,14,8,0,1,6173975
1473,2,2,10,9,10,0,2,8298013
2547,3,1,8,14,5,0,2,10504594
2311,3,2,6,17,1,1,2,9792935
2572,5,3,1,15,5,1,0,10703888
509,2,1,7,10,9,1,0,4990925
1388,4,3,1,14,0,1,0,7318468
686,2,2,8,5,1,0,0,5436357
2742,3,3,8,0,2,1,2,12436652
1419,3,3,9,4,1,1,2,9083863
1770,2,1,8,3,7,0,0,8136095
2245,5,2,10,1,8,1,2,11891556
2171,5,3,9,6,6,0,1,11198419
1314,4,4,7,10,10,1,0,8953904
2444,4,3,6,18,5,1,0,10795986
1839,4,1,1,10,10,1,1,8459556
1035,3,1,5,1,2,1,0,6257040
2714,4,3,9,14,2,0,1,11774427
1695,3,2,3,1,8,0,0,7651081
967,1,1,2,11,0,1,1,4774788
978,2,2,1,16,10,0,1,5195526
969,1,1,6,20,6,1,0,5086247
1665,2,2,8,20,5,0,0,7387639
1777,3,3,5,1,10,0,0,8694314
594,2,1,7,9,9,1,0,5191630
1926,5,1,4,20,6,0,2,8914692
1699,3,1,3,9,5,1,2,8184488
898,2,1,9,7,3,1,0,6313083
1715,4,2,5,8,10,1,1,9157724
2988,3,1,1,8,5,0,2,10638467
2747,3,2,9,17,6,1,2,11541613
1795,2,2,1,18,6,0,2,7165549
2812,5,4,4,2,7,0,2,12544480
973,2,2,9,17,1,0,0,5973402
2734,4,4,10,3,10,0,2,12773216
723,1,1,5,10,4,1,1,4954950
2014,4,2,2,4,5,0,1,8694778
2307,4,4,7,5,2,1,1,11486973
2893,4,4,5,11,0,0,2,12106859
2570,5,4,2,14,3,0,0,10841306
2531,3,2,1,8,2,1,0,9293925
1534,3,1,7,10,0,1,1,8047247
2015,3,2,5,9,5,0,2,9269049
2196,5,3,6,8,1,0,0,10548442
2396,5,1,5,19,8,1,1,10333331
2969,3,3,4,14,3,1,1,11555330
1779,2,2,7,0,7,1,2,9134223
1773,3,2,5,0,2,1,2,8835891
1943,3,2,3,10,5,1,1,8449732
1308,2,2,3,2,3,1,0,6673187
1974,4,1,1,18,10,1,1,8598466
1982,3,2,6,0,5,1,2,9763419
752,2,1,1,14,2,1,0,4160966
1270,2,2,1,5,10,0,1,6112001
931,1,1,7,15,2,1,0,5201911
2177,3,2,8,13,7,1,1,10257082
1875,5,1,10,20,4,1,2,10541808
2375,4,2,10,9,4,0,0,10614051
2502,4,4,3,12,6,1,2,11421896
518,2,1,7,20,6,1,0,4765107
630,1,1,7,3,3,0,1,4760115
560,2,1,5,1,3,0,0,4426524
1806,5,1,9,0,1,1,1,10017748
546,1,1,7,4,8,0,0,4502465
1409,4,3,4,2,1,1,1,8491733
1487,4,4,9,3,5,1,0,9473778
854,2,1,1,12,6,0,1,4607969
1465,4,4,6,1,4,1,0,9224231
2180,5,2,3,9,7,0,0,9779281
1879,3,3,9,4,6,0,0,9352915
2203,3,1,1,16,4,0,0,7748049
2466,5,4,1,12,2,0,0,10331525
2456,5,3,3,13,8,1,1,11298713
703,1,1,9,2,6,0,0,5103285
2312,3,2,4,1,8,1,0,9950139
1309,4,1,4,19,0,0,0,6620681
1897,5,4,3,12,0,1,0,9656348
1665,3,2,9,10,10,1,2,9427033
2688,5,2,2,7,2,1,0,10904134
1852,3,1,10,6,2,0,2,9273197
1215,3,2,1,3,4,0,2,6631431
1711,3,2,5,7,10,0,2,8547185
1775,3,3,5,14,8,0,0,8249903
2851,3,3,5,13,3,1,1,11618581
2643,3,2,6,11,10,1,2,10927802
1877,5,2,9,15,5,0,0,9906898
2547,5,4,1,19,9,0,2,10821469
2317,3,1,2,7,5,0,1,8636145
1468,2,2,7,18,6,1,0,7192231
841,2,2,1,2,9,0,0,4831215
529,2,1,3,12,0,0,0,3800428
1631,2,2,7,7,3,0,1,7665757
714,1,1,2,0,1,1,0,4238717
995,2,2,8,8,0,1,0,6511595
2845,4,1,9,2,9,0,0,11923173
1862,4,4,4,20,5,0,1,9289372
1994,5,3,2,15,6,0,1,9172458
948,1,1,3,5,8,1,1,5369697
722,2,2,6,13,0,0,1,5259044
1291,3,2,8,14,4,0,2,7661409
679,2,2,2,15,5,0,0,4160851
2531,5,4,6,5,6,0,1,11895391
2640,5,1,7,17,3,0,1,11306025
1799,2,1,2,8,2,1,0,6956295
2551,4,3,5,13,7,0,0,10791939
1335,3,1,8,8,1,0,2,7584664
2945,4,3,6,20,0,1,1,12091541
520,1,1,1,3,10,0,1,3585583
865,2,1,7,3,3,0,0,5426257
1014,3,1,9,7,1,0,1,6688733
1501,3,2,10,12,5,1,1,8563326
760,1,1,5,4,6,0,1,4786640
1108,3,1,2,13,4,0,1,5768879
1206,3,3,2,3,4,1,1,7264020
2121,4,2,5,16,2,0,0,9244863
755,2,2,3,2,1,1,1,5399955
1418,4,3,2,20,5,0,0,7009903
2230,4,3,3,2,7,1,1,10191711
1271,2,1,7,8,9,1,0,6861353
1825,5,3,2,3,3,1,2,9547258
1416,4,3,7,7,10,0,2,8715373
2533,5,1,8,17,6,1,1,11535312
719,1,1,1,8,1,1,1,4108904
2500,4,4,4,7,4,0,1,11159601
2993,4,2,7,19,7,0,0,11638346
2556,4,2,6,7,1,1,1,10814777
516,1,1,1,2,1,1,1,3754070
2333,4,1,10,11,2,0,1,10642207
1951,3,3,6,15,9,0,2,9159902
1593,3,3,3,12,6,0,1,7885330
2983,5,2,5,2,6,0,0,12067340
1603,2,2,3,15,8,0,2,7384237
720,2,1,2,3,2,0,1,4611507
1860,5,2,9,4,2,0,0,10109143
1259,3,2,8,15,2,1,0,7557282
1377,4,3,7,3,6,0,2,8822339
975,2,1,4,8,2,1,1,5621104
1325,3,3,8,7,7,1,0,8387770
914,2,1,1,19,4,0,0,4185855
1476,3,2,2,11,10,1,0,7219607
1677,2,2,1,10,9,0,2,7344667
1851,3,3,1,18,5,1,2,8543676
2742,4,4,10,19,3,1,1,12688621
1246,3,1,8,18,5,1,0,7006823
907,2,1,3,18,2,0,0,4476289
917,1,1,4,1,1,0,1,4878524
2027,5,1,3,8,6,1,2,9916868
1681,4,1,3,6,2,0,0,7471444
1196,2,2,4,16,5,1,0,6301386
2857,4,2,10,3,3,1,0,12707032
1946,5,4,9,6,7,0,0,10617479
957,2,1,3,12,10,0,0,5016040
2941,3,2,2,11,1,0,0,10333622
2725,4,3,10,17,8,0,2,12009043
2319,5,3,8,7,8,0,0,11025935
1355,3,1,5,18,4,1,0,6736089
2000,4,3,1,14,7,0,0,8428827
1452,3,2,9,16,2,0,1,7975390
914,1,1,9,5,9,0,1,5782898
1058,4,3,8,15,9,0,1,7785207
1950,3,2,2,11,6,1,0,8141529
1461,2,1,8,0,6,1,1,7967887
2521,3,3,7,6,3,0,0,10523708
782,2,1,2,18,5,1,0,4355958
1503,3,1,2,6,4,0,0,6563151
816,2,1,4,15,9,0,0,4708108
2705,5,2,1,0,4,1,2,11259534
2453,3,1,7,5,4,1,2,10515218
1722,3,3,5,15,3,0,1,8388843
1815,3,2,6,4,9,0,1,8855839
1396,3,2,10,20,1,0,0,7745288
1150,4,1,10,11,7,0,0,7489608
1814,3,3,2,18,9,1,2,8743065
1577,3,2,7,10,7,0,2,8397599
1705,2,1,6,8,0,1,0,7700175
2015,5,3,7,15,4,0,2,10621292
698,1,1,8,10,9,0,0,4942995
598,1,1,5,20,1,1,0,3930324
2707,3,2,8,0,9,0,1,11522812
1613,3,2,5,16,4,0,0,7240699
1703,2,1,5,13,4,1,1,7608809
2077,5,2,5,17,7,1,0,9766587
577,2,1,5,12,6,0,1,4571845
747,1,1,9,1,7,1,0,5546480
2577,3,1,2,12,5,0,2,9594947
745,1,1,10,10,9,0,1,5490755
1885,3,2,2,15,4,0,2,8031937
1624,3,2,7,6,1,0,2,8678726
1436,2,1,2,18,7,1,1,6191448
1983,4,4,2,13,8,1,1,9487735
2931,4,3,6,20,8,0,1,11872152
844,1,1,9,2,1,0,1,5657896
1613,4,3,8,19,2,1,2,9538601
2853,3,3,5,9,8,1,0,11542456
2852,5,3,7,10,8,1,1,12634898
2875,3,3,5,17,8,1,2,11393799
2452,3,2,7,20,10,1,1,10602937
2843,4,2,8,16,0,1,0,11482079
1106,3,1,10,3,8,1,0,7550392
2704,5,4,5,14,6,1,1,12193765
2139,3,3,10,2,9,0,2,10690144
1994,3,2,5,4,5,0,0,8638223
2873,4,1,9,11,6,1,1,12135636
607,2,2,4,18,10,1,1,4961661
1741,3,2,8,15,1,1,0,8506467
2344,4,1,3,11,0,0,1,9179856
1655,3,3,5,1,10,1,1,9086681
1041,3,2,4,15,4,1,1,6446952
1879,5,4,7,13,3,0,1,10316608
1252,2,2,1,18,5,0,0,5409599
1157,3,3,8,4,8,0,1,7773446
1839,5,4,1,17,9,1,0,9301799
2246,4,1,4,13,6,0,2,9386362
2403,4,3,5,17,2,1,0,10441466
689,1,1,10,12,1,1,1,5452288
2530,4,3,3,8,7,0,1,10797132
2811,3,3,2,12,3,1,2,10890075
2428,3,2,10,5,5,0,0,10518072
802,2,2,10,15,8,0,1,6339136
1081,2,1,8,1,0,0,0,6121152
1761,4,1,3,6,7,1,0,8108652
2270,5,2,5,19,4,0,2,10066877
2053,5,3,10,19,1,0,2,11033338
2844,4,4,5,1,3,0,0,11800564
2766,4,1,5,13,5,1,0,11045856
1094,2,1,4,18,0,1,1,5833394
2272,5,3,3,6,9,1,0,10598248
1351,4,4,6,9,2,1,1,8634706
2463,3,2,9,20,5,0,2,10470250
1234,3,2,3,2,7,0,0,6544057
1965,3,2,6,6,2,1,1,9300269
1096,3,3,5,16,3,1,0,6769528
2787,5,4,8,18,3,1,2,12779187
1202,4,4,8,5,8,1,1,8890503
2705,4,1,1,9,0,1,1,10250986
1177,4,4,10,12,5,0,1,8525949
1797,3,1,2,16,0,0,0,6848609
1580,2,1,8,3,9,0,0,7618068
1646,2,1,8,1,2,1,1,8189852
908,2,2,4,11,5,0,0,5270837
2015,3,1,2,0,1,1,2,8634725
2120,4,2,2,7,7,0,2,9135951
768,2,2,10,6,1,1,1,6590024
613,2,1,1,5,1,1,0,4091592
1466,4,4,1,2,0,0,2,8303682
1685,4,2,7,5,1,0,0,8797287
1569,2,1,7,2,3,1,1,7760289
2931,4,4,1,5,10,1,0,11967519
1609,2,2,9,1,4,1,0,8223397
2781,5,1,1,9,5,0,0,10507492
1492,2,1,10,10,9,1,0,8036454
1118,3,2,10,6,4,1,1,8025890
2208,3,2,5,16,5,1,0,9139718
1933,3,2,3,5,4,1,1,8816101
2084,5,3,9,13,1,1,1,11266866
933,1,1,8,3,1,1,0,5695594
2011,5,1,2,18,7,1,1,9247379
672,1,1,8,17,6,1,0,4819914
1686,2,2,5,4,9,1,0,8019910
2522,5,1,9,17,0,1,0,10905223
1007,2,2,9,13,2,1,1,6991407
2319,3,2,3,8,1,1,2,9761465
2568,3,2,3,0,7,1,2,10699008
2298,5,1,1,13,8,0,1,9239000
1974,5,4,3,7,9,1,1,10331481
929,1,1,5,3,7,0,1,5108734
2524,4,1,2,14,5,0,2,9911378
524,1,1,8,17,4,0,1,4476212
1985,4,4,2,16,10,1,1,9565489
687,2,2,8,4,1,0,0,5528476
1452,3,3,2,8,3,0,2,7504112
1118,2,2,3,14,2,1,1,6033661
1303,3,2,5,1,8,0,0,7219063
684,2,2,5,14,10,1,0,5183283
1176,3,2,3,1,8,0,1,6601317
559,1,1,6,15,10,0,0,4117395
1189,4,1,7,7,7,0,0,7358423
1880,5,3,10,3,5,0,1,10728698
2051,3,2,7,4,9,1,1,9877946
2124,5,2,7,1,2,1,0,10837014
2038,5,4,4,4,0,0,0,9874651
1630,3,1,9,0,6,1,0,8730850
2790,4,2,9,15,1,0,2,12096662
980,1,1,1,13,6,1,1,4710594
1486,4,2,1,0,4,1,0,7492005
1782,4,4,1,17,9,1,0,8556801
2815,5,2,8,11,9,0,1,12112919
708,2,1,1,8,7,0,0,4051884
2669,5,1,3,14,6,1,1,10685088
1270,2,1,6,20,0,0,2,6342370
1842,4,3,5,15,3,0,2,9120639
2485,4,1,7,5,8,0,2,10803908
510,2,1,6,10,3,0,0,4300960
1073,4,3,2,10,5,0,0,6408814
1143,3,2,2,2,7,1,1,6613307
1980,3,1,10,3,8,1,0,9683232
1969,5,1,5,3,2,0,2,9861138
513,2,2,1,8,5,0,1,4071454
2972,3,1,3,15,6,0,1,10379751
2891,4,4,4,16,7,0,0,11471902
1117,4,3,3,6,9,0,1,7419250
2003,4,2,7,1,7,0,0,9521831
1004,2,2,4,19,4,0,0,5292743
2692,3,3,4,13,6,1,0,10569040
1350,3,2,4,2,10,1,2,8146553
2941,4,3,7,17,1,1,0,12120486
2890,4,1,5,12,3,0,2,11181710
2755,5,4,7,7,3,0,0,12037739
1651,2,1,4,7,8,0,0,6963147
2083,3,1,6,0,9,0,1,8981530
523,1,1,4,17,6,1,1,4053257
2414,3,2,3,12,0,0,1,9147949
2573,5,4,7,6,6,0,1,11956303
2488,3,3,1,17,8,0,0,9033927
676,2,1,2,19,9,0,1,4174902
706,2,2,2,16,6,0,0,4197475
2576,5,4,4,12,7,0,2,11814720
778,2,2,1,0,6,1,0,5141896
1153,3,3,1,9,2,1,0,6386313
1590,3,2,9,0,6,0,2,9013224
1049,2,2,2,19,9,1,1,5586813
1005,2,1,9,6,4,0,1,6555826
1558,3,3,8,17,9,0,1,8647673
2687,3,1,5,13,5,1,2,10626369
1054,3,1,3,3,3,0,0,5697396
2230,5,4,5,1,5,1,2,11759053
1411,4,1,9,15,8,0,2,8309840
2646,3,3,6,7,7,0,0,10636754
2654,5,4,1,9,1,1,1,11391969
903,1,1,4,2,4,0,0,4767053
1885,4,2,5,15,9,1,2,9405918
1304,2,2,9,5,7,0,2,7919401
1941,5,4,7,13,2,0,2,10492185
557,2,2,7,8,0,0,1,5131931
1705,3,2,3,3,9,1,2,8651601
2250,4,2,6,10,10,1,0,10108807
2802,4,4,8,5,9,0,2,12833156
2397,3,1,7,15,9,1,0,9829984
596,1,1,5,3,3,0,1,4377443
1455,4,4,9,16,3,0,2,9117494
1331,4,4,3,4,5,1,1,8421754
2225,3,3,7,13,1,0,0,9483343
2027,4,3,9,1,8,1,0,10704774
824,2,1,7,4,7,0,1,5619707
2133,3,1,2,4,6,1,1,8935185
648,2,1,5,19,0,0,0,4085510
935,2,2,6,18,5,1,1,6234021
1518,2,1,2,15,8,1,1,6505676
2510,5,3,3,0,10,1,0,11495784
1034,3,3,9,18,8,1,0,7286361
1312,2,1,7,12,5,1,2,7424606
687,2,1,9,12,1,0,1,5333075
1535,2,1,6,1,0,1,1,7416923
2377,4,3,4,9,9,1,2,10927553
1074,3,3,6,1,5,0,1,7257269
2508,5,3,2,2,6,0,0,10633635
2847,4,2,9,17,7,1,1,12263512
2797,4,3,10,5,0,1,2,12659478
1910,4,2,9,5,3,0,0,9505928
1621,4,2,1,7,10,0,2,8230263
2375,5,3,5,20,4,0,0,10492677
1095,4,3,6,14,8,1,1,7933919
1656,4,1,5,15,7,0,1,8079082
2111,5,3,10,15,2,0,2,11344472
920,1,1,8,20,10,0,0,5027587
2844,4,3,5,5,9,0,2,12067640
770,2,2,3,3,2,0,1,5076058
1928,5,4,1,5,4,0,0,9159445
1989,4,1,6,16,4,0,1,8983085
1936,4,3,2,20,2,0,1,8380750
1586,3,1,8,0,8,0,1,8493847
1386,2,1,10,10,9,1,0,7583562
2342,5,3,6,19,0,1,0,10992236
1005,2,1,2,20,1,0,0,4473043
1123,2,1,6,8,4,1,0,6308373
2366,3,2,1,11,0,1,0,8937462
581,2,1,7,6,2,1,1,5268544
1545,4,2,3,13,5,1,0,7604344
2531,5,1,5,15,0,1,2,11066227
1489,3,3,9,15,7,1,0,8679694
1281,4,4,4,12,9,0,2,8137429
1635,3,1,10,17,10,0,2,8879278
2352,5,2,9,5,6,0,2,11700731
912,2,2,2,10,9,1,0,5368876
1663,3,3,8,3,5,1,2,9448923
1338,2,2,10,7,1,0,2,7782101
2527,4,4,2,19,6,0,1,10287422
707,1,1,1,0,0,0,1,3882294
1760,4,3,9,14,0,0,1,9264859
1012,3,1,9,20,0,1,0,6416369
511,2,1,8,12,9,0,0,4846545
2415,5,2,8,9,10,1,0,11277043
2611,5,4,6,6,1,0,2,12403734
1169,4,3,4,17,7,0,0,6956234
2327,5,2,2,9,10,1,1,10500105
1596,2,2,5,10,10,1,0,7630807
1329,4,3,1,18,2,1,1,7429986
804,2,2,4,20,6,1,0,5187464
740,2,1,9,4,5,0,0,5702590
1284,2,2,8,4,0,1,1,7551329
1621,3,3,6,13,6,0,2,8506169
2148,5,4,7,0,1,1,0,11361807
1460,3,1,2,0,2,1,2,7366566
2357,4,3,8,11,6,1,1,11410471
1288,4,2,10,20,7,1,1,8387848
740,2,1,7,16,5,0,0,4896831
723,2,2,3,3,4,1,0,5243885
900,2,2,4,14,3,0,1,5275704
1713,2,1,8,16,1,1,0,7756633
755,2,1,6,1,7,0,0,5224133
998,2,1,4,13,7,0,1,5435826
1602,2,1,8,18,10,1,1,7927686
1330,2,2,7,14,0,1,2,7283843
2389,4,4,2,4,2,0,0,10050186
2507,5,3,8,14,9,0,1,11894686
2364,4,4,9,12,8,1,0,11513005
1538,4,2,4,0,0,1,0,8324171
1554,3,2,10,11,0,0,0,8349011
1385,3,2,3,2,1,1,1,7369079
2637,3,2,1,17,2,0,1,9451564
2161,4,1,4,14,1,1,1,9075324
1640,4,2,4,3,5,1,2,8837696
2706,3,1,2,20,9,0,1,9292755
805,1,1,10,0,0,1,1,6110628
1744,3,3,5,9,9,1,0,8802850
2737,3,2,2,19,3,1,0,9826104
2812,3,3,2,19,10,0,1,10534160
2690,5,1,1,19,8,1,2,10518867
2231,5,1,5,9,1,1,2,10416054
2092,3,1,8,14,10,0,2,9405376
508,2,2,1,17,0,1,1,4085275
1647,4,1,5,19,10,1,1,8415945
2914,5,3,8,5,4,0,0,12389356
1308,2,2,2,16,6,0,1,5953471
2787,5,4,3,4,10,1,2,12554389
2417,4,3,2,19,4,1,2,10559158
1241,3,1,10,18,0,0,0,6851493
2152,3,1,5,19,2,0,1,8718855
2491,5,4,1,17,5,1,2,10971734
2573,3,1,10,11,5,1,0,10930271
1548,4,2,2,7,8,0,0,7357965
1888,4,4,10,8,1,1,0,10354239
2735,4,3,4,5,3,1,1,11253681
1383,4,4,4,3,7,1,0,8623249
1112,4,2,3,8,3,1,0,6695759
1337,4,3,8,18,6,1,1,8504271
526,2,1,4,11,0,0,1,4200939
1834,4,1,5,16,2,1,0,8391458
2716,3,3,7,5,5,1,2,11843172
1236,4,2,8,0,6,0,2,8515507
2575,4,2,7,0,8,0,1,11206488
1044,4,2,7,4,3,0,1,7573006
2028,3,1,2,11,3,0,2,8357558
600,1,1,2,9,7,1,1,4152709
2731,5,4,4,15,1,0,1,11907802
2907,5,4,1,16,0,1,0,11560196
2710,5,1,3,4,10,0,2,11451386
2098,4,4,6,6,10,1,1,10690733
1680,3,1,3,20,5,1,0,7355093
1127,2,1,5,13,4,1,0,5955916
2083,3,1,9,1,7,0,2,10007370
2040,3,3,7,18,9,0,2,9728836
1892,3,1,7,16,3,0,2,8470920
2061,3,3,9,12,0,1,2,10203410
2576,4,4,2,1,3,1,2,11265416
551,2,2,10,10,10,1,0,5917448
641,2,2,2,4,3,1,0,4734527
2737,5,1,9,16,8,1,0,11903830
875,1,1,2,9,9,0,0,4252939
605,1,1,9,0,8,1,1,5554838
1614,2,2,3,3,3,0,1,7292144
2524,4,4,4,17,3,0,2,10975320
2565,3,2,4,16,4,0,0,9655143
2420,5,4,6,12,8,1,0,11366232
997,1,1,9,15,4,1,0,5866518
1435,2,1,3,12,5,1,1,6571874
1389,2,1,4,3,2,0,1,6487613
2334,3,2,3,7,2,1,1,9578980
2758,3,1,9,10,9,0,0,10817759
599,2,1,7,11,2,1,0,5117230
866,1,1,10,11,3,0,0,5297740
784,2,1,6,2,3,1,0,5441399
2725,5,1,2,6,10,1,0,10723762
2817,5,1,10,9,0,0,1,12067941
2087,3,3,4,12,0,1,1,9113093
2510,3,1,5,11,0,0,1,9661592
1338,4,3,4,7,3,1,0,7728319
2147,5,2,7,4,5,0,0,10191254
2860,4,4,2,15,3,0,1,11266488
1884,3,1,4,4,0,1,1,8266991
2902,3,2,1,15,4,0,2,10496514
1884,5,4,7,10,3,0,2,10319018
2072,3,3,9,11,7,1,0,9952150
914,2,1,1,0,8,1,0,5095894
2044,4,3,1,2,4,1,2,9560253
996,2,2,6,0,0,0,1,6303920
2016,4,3,7,9,10,0,0,9625793
932,1,1,4,5,0,0,1,4947168
930,1,1,1,19,1,1,1,4211174
1907,3,3,10,5,6,1,1,10320485
585,2,2,2,12,10,0,0,4250585
2610,5,3,4,19,10,1,1,11465828
2785,5,4,3,0,2,0,1,12180740
2776,4,1,1,7,6,1,0,10156669
2042,4,1,5,9,2,1,0,9160308
2884,4,3,6,6,1,1,1,12225591
1954,3,3,1,1,2,0,1,8486478
1933,4,4,4,10,6,1,0,9758839
1069,4,3,4,13,10,0,0,7067448
2999,3,3,9,5,4,1,0,12482432
976,2,2,5,14,0,0,0,5370384
2300,4,1,8,1,6,0,0,10018710
1195,3,2,4,2,3,1,0,6895755
1263,2,1,10,11,4,0,1,7060002
629,1,1,4,14,9,0,1,4160291
1598,4,2,9,3,7,0,2,9315342
2163,5,1,1,17,2,1,2,9471820
1949,4,1,3,1,6,1,1,8942127
2174,4,4,5,14,8,1,1,10393010
695,2,2,1,2,10,1,0,4970072
2849,5,2,6,14,0,0,2,11877039
533,1,1,6,3,4,0,0,4097475
1866,3,1,4,5,10,1,1,8716096
982,1,1,6,5,8,0,0,5353934
1887,3,1,7,15,3,0,2,8712551
1421,2,1,9,16,4,0,0,7012740
2444,4,4,10,4,1,0,2,11798841
552,2,1,10,14,0,1,1,5517167
1755,3,3,5,0,6,0,1,8651264
2362,4,4,4,17,10,1,0,10361211
1800,5,3,7,15,6,1,2,10569709
1169,4,4,3,13,3,0,1,7242189
1583,2,2,1,6,10,0,2,7138232
665,2,2,7,10,10,0,1,5483479
1456,3,1,1,14,6,0,0,6261992
2576,4,4,9,2,10,1,0,12619586
855,1,1,1,5,10,1,0,4538495
2252,5,2,8,8,10,0,1,10857027
685,1,1,2,16,4,0,1,3625304
1910,5,4,2,13,8,0,1,9340203
945,2,2,7,5,0,1,0,6176507
2706,4,2,6,9,1,1,1,11619939
2210,4,4,4,2,10,0,1,10480208
1838,5,2,7,12,3,1,2,10260929
556,2,1,9,6,0,0,1,5266749
1998,4,1,7,11,6,0,2,9544264
693,2,1,9,19,0,0,1,5201499
2147,5,2,9,16,2,1,0,10605426
1574,4,4,1,17,7,0,1,8090690
820,2,1,2,16,1,0,1,4493459
1121,4,2,9,0,4,1,0,8221575
513,1,1,10,3,10,0,1,5150554
2189,4,2,8,6,8,1,2,11163940
1333,2,2,3,5,10,1,2,7315541
922,1,1,6,6,10,0,1,5443593
2691,3,1,3,2,3,1,1,10049163
710,1,1,9,9,1,1,1,5447633
1132,4,4,5,19,0,1,0,7459450
1527,4,1,1,10,0,0,2,7046615
2469,5,1,3,16,8,0,1,10120750
1406,4,3,10,7,0,0,0,8824300
2617,3,2,7,18,5,0,2,10568049
2227,5,2,4,5,0,1,0,10206894
2595,4,1,2,10,6,0,0,9824535
2092,4,1,2,18,4,1,1,8528860
846,2,1,3,17,0,1,1,4929952
1149,2,1,7,4,4,1,1,6818892
2149,3,1,8,17,10,1,2,9709376
1406,2,2,8,13,0,1,0,7380214
1859,5,1,4,13,8,0,1,8794486
2443,4,1,7,18,8,1,2,10671299
2200,4,2,4,15,5,1,0,9692941
2577,4,3,4,10,7,1,1,11249153
2648,4,2,10,8,5,0,1,11480177
2601,5,2,8,9,4,0,0,11554888
2045,3,2,3,8,4,1,0,8510677
2097,4,1,3,3,7,0,2,9195311
2907,5,1,7,3,0,0,1,12093839
1353,2,2,1,7,8,0,1,6113469
1546,2,1,7,19,8,0,2,7480872
1805,4,1,1,16,6,0,2,7989963
2394,3,2,9,6,9,0,2,10661940
1023,4,3,1,5,10,1,1,7091283
1243,3,1,2,12,5,1,1,6374842
2444,4,4,4,20,2,0,0,10229600
2529,5,1,6,12,0,1,1,10987966
2643,5,3,2,1,9,1,0,11562167
2267,4,1,7,2,10,1,0,10600991
2304,4,4,1,5,4,1,2,10468509
2960,4,1,9,2,4,0,0,12027855
2085,5,4,6,14,5,1,1,10850746
568,2,1,5,5,6,0,1,4665790
2649,5,2,5,19,9,1,2,11649212
705,1,1,6,16,8,0,1,4482385
580,1,1,4,9,8,1,1,4400094
1065,4,4,2,18,3,1,0,7017086
1147,4,2,1,19,10,1,1,6612365
787,1,1,4,8,5,1,1,4909845
2943,3,1,8,5,5,1,1,11918709
2781,4,2,4,1,6,0,1,11084769
2658,3,2,2,20,10,1,0,10016756
715,2,1,4,12,7,1,1,5227120
2493,5,3,10,20,3,0,2,12279683
1611,4,4,8,6,7,0,2,9792899
1784,3,2,10,3,2,0,2,9414262
1581,4,1,3,17,9,1,1,7718208
2664,3,2,10,14,6,1,0,11144269
2091,4,4,5,17,8,1,2,10598402
2888,4,1,9,15,8,1,0,11864543
822,2,1,9,7,5,0,1,6025731
1652,3,2,8,8,2,1,0,8534582
1983,4,3,6,4,7,1,0,9745443
1868,4,4,3,17,7,1,0,9103300
870,1,1,5,12,0,0,1,4698814
2789,3,1,6,13,8,0,2,11016763
2793,5,3,9,15,7,1,0,12869760
2423,4,1,2,6,9,0,2,9913203
1820,4,4,10,15,4,1,0,10034038
2462,4,1,9,12,2,1,1,11105670
2660,4,1,7,7,3,1,0,11154028
988,1,1,4,4,6,0,1,5188714
2612,4,3,1,19,4,1,1,10304435
1633,4,4,8,0,5,0,1,9635371
1517,3,3,6,9,1,0,0,7830151
2057,3,1,9,20,0,0,2,9057942
2675,5,2,5,16,2,0,0,10976812
2913,3,1,6,7,6,1,0,10929572
1953,4,4,10,13,9,0,0,10609167
2962,3,1,4,2,5,0,1,10541582
1615,2,2,8,10,8,1,2,8745896
2393,4,4,2,20,2,1,1,10414263
2837,5,2,4,7,3,1,1,12139329
1772,2,1,2,17,4,1,1,7069283
2049,3,2,3,18,5,0,2,8545875
767,1,1,2,17,4,0,1,3950941
1239,4,4,6,4,3,1,2,9100193
2013,5,3,5,13,1,0,2,10232523
1402,4,3,7,14,10,0,1,8373234
712,1,1,9,19,1,1,0,5060291
1368,3,3,5,5,5,1,0,7911389
2682,5,4,1,15,8,0,0,11045467
2575,4,4,6,2,3,1,0,11613591
1619,4,1,9,10,0,1,2,9379096
1067,4,3,1,11,10,1,1,6986919
1939,3,1,1,12,9,0,2,7958951
2264,3,1,10,11,9,1,0,10254466
1137,3,1,1,7,1,1,1,5972322
1433,4,3,5,4,8,0,2,8561628
569,1,1,4,3,9,1,0,4434416
2794,4,2,1,10,10,0,2,10530506
655,1,1,4,5,9,0,1,4313425
1855,5,3,6,11,6,0,2,9957202
2539,4,4,6,14,8,0,0,11075575
2967,5,3,4,2,0,1,0,12580305
2566,5,3,8,17,7,0,2,12262508
561,2,2,3,16,3,1,0,4303788
791,2,2,10,16,4,1,0,6352304
1697,3,2,3,10,10,1,2,8399238
1356,2,2,2,17,10,1,1,6546072
1844,3,3,9,1,10,0,0,9513763
1019,2,2,7,18,0,1,1,6262859
585,2,2,9,8,7,1,0,5882303
669,1,1,5,8,0,1,0,4435437
2851,4,1,9,20,9,0,0,11043349
737,1,1,8,5,9,0,1,5340224
1534,2,2,2,20,6,1,2,7013538
2480,3,1,8,18,3,1,0,9988436
2221,4,2,1,17,3,0,2,9242101
1289,2,1,2,12,1,0,0,5268495
1148,4,1,1,15,4,0,1,6123275
1596,2,1,9,12,0,1,0,7722045
1463,2,2,8,4,3,0,1,7630905
1532,3,2,2,1,6,0,1,7200322
2360,5,2,8,14,8,0,0,10671995
2725,3,1,1,14,2,0,2,9646896
2428,5,1,2,20,1,1,0,9725071
2100,4,4,7,10,8,1,1,10989067
2342,5,1,4,7,6,1,2,10619465
2912,5,3,8,19,1,0,2,12793575
2891,5,2,8,16,4,1,1,12316818
676,1,1,6,6,3,1,0,4615079
2730,3,1,8,1,0,0,0,10560013
2419,4,3,5,14,5,0,2,10827895
2278,4,1,7,6,8,0,1,9914868
2429,3,3,4,1,3,1,2,10519769
2444,3,2,4,7,0,0,2,10066698
2766,5,1,9,16,6,0,0,11365529
2004,5,1,5,9,3,0,1,9584966
2402,4,2,2,3,2,1,0,9949464
2615,3,1,10,16,1,1,1,11170184
1454,3,1,2,10,2,1,1,6796788
2349,3,1,1,14,0,1,2,8927426
2274,4,4,5,3,4,1,0,10652062
2985,4,4,9,18,5,0,2,12937368
1260,3,1,6,14,7,1,2,7459808
2833,5,4,8,7,10,1,0,13040780
2080,3,1,3,20,3,1,2,8748460
908,2,1,10,11,10,0,1,6498989
814,2,1,10,19,6,0,0,5550812
1757,3,2,3,10,9,1,0,8112928
1980,5,3,4,7,8,1,0,9943790
2874,5,1,7,5,8,0,1,12164741
2173,4,1,4,0,9,0,1,9720207
2638,3,2,4,8,9,0,1,10147583
2282,5,1,9,15,7,0,1,10689977
1707,4,3,2,13,7,1,0,8187299
2698,4,3,4,0,9,1,1,11720069
1034,4,2,3,12,8,0,1,6578990
599,1,1,2,13,10,0,0,3482407
1927,4,2,7,4,7,1,0,9575439
1266,3,3,2,4,10,1,1,7576998
1413,3,1,5,3,9,1,2,7842853
2415,4,3,3,4,4,1,2,10832177
1856,3,2,10,5,1,1,1,9496799
927,1,1,3,20,8,1,1,4757155
2360,3,3,6,0,10,0,1,10654336
2300,4,3,9,1,7,1,1,11481288
2382,5,3,2,7,8,0,0,10087157
2284,3,2,9,7,3,1,2,10686105
1222,4,2,5,11,2,1,2,7872239
2084,3,3,4,11,3,1,0,9115764
1945,4,4,2,8,1,0,2,9477223
947,1,1,5,14,3,0,0,4724096
2574,5,2,6,16,4,1,2,11939274
533,1,1,8,15,1,0,1,4473983
930,2,2,9,10,3,0,0,6232947
1654,3,2,10,8,0,0,2,8880834
2703,5,2,3,18,10,0,1,10796853
896,2,2,9,9,0,0,0,6034695
1531,3,1,7,20,5,1,0,7568727
1190,2,2,6,13,2,1,0,6669721
2770,3,2,10,17,0,0,2,11626970
2594,3,1,4,0,0,1,0,9923752
1129,4,4,9,15,10,0,0,8020455
1280,2,2,2,1,8,0,1,6379600
1196,2,1,10,14,6,1,0,6884503
1602,2,2,2,18,8,0,1,6538055
1019,3,3,3,19,10,0,1,6369811
1133,4,4,4,10,8,0,1,7671189
2099,3,3,10,20,8,1,2,10720046
1826,4,1,1,19,2,0,0,7186542
2648,5,3,8,4,8,0,1,12233726
1382,4,1,7,2,10,0,1,8054139
2773,4,3,4,0,10,0,2,11771621
1613,4,1,10,9,1,1,1,9201603
1142,4,1,3,14,9,0,1,6449948
1578,4,1,2,17,9,0,1,7343294
2602,4,3,9,9,8,1,1,12192550
675,1,1,7,5,8,1,1,5367338
590,2,1,1,1,8,0,1,4211890
584,1,1,5,6,10,1,1,4709195
1101,4,2,6,11,5,1,0,7396430
2741,4,4,10,0,0,0,1,12751250
2802,3,1,4,12,2,1,2,10527551
1669,3,3,1,0,2,1,0,7863867
662,2,2,3,9,4,1,0,4883285
1972,4,4,3,9,8,1,1,9743830
2082,3,1,9,6,5,1,0,9673024
2970,3,3,2,1,0,1,0,10934136
2384,4,1,9,0,4,0,0,10635397
1142,2,1,6,18,7,1,1,6266222
2272,5,2,9,15,6,1,1,11218671
1963,4,2,6,16,6,1,1,9720956
1974,3,3,7,12,4,1,2,9733203
2141,4,4,2,7,0,0,0,9172246
1943,4,4,5,10,3,0,1,9611562
2587,4,2,10,8,10,1,1,12031741
1674,2,2,6,1,5,1,0,8154291
2475,3,2,10,10,10,0,0,10702066
2918,4,1,4,17,10,1,1,11335348
1926,4,3,3,5,9,0,2,9316184
1121,3,1,10,19,7,1,0,7039755
523,1,1,8,14,4,0,1,4345540
1581,4,1,10,16,5,0,1,8495736
1557,2,2,10,8,7,1,2,8731308
1752,3,2,9,17,9,0,2,9077360
833,2,1,9,15,7,1,1,6364599
1795,4,1,9,9,3,0,2,9337797
1802,3,3,2,14,9,0,2,8429513
1815,3,3,2,4,6,0,1,8191009
2507,4,1,3,20,8,1,1,10017123
2702,4,4,10,10,5,0,2,12451275
2612,3,1,1,15,8,0,1,9342056
947,1,1,10,9,1,0,0,5697280
1571,3,3,3,6,2,1,2,8317186
1241,3,2,6,15,1,0,1,7078974
2405,4,2,6,3,4,0,2,10950303
1323,2,2,1,4,3,0,1,6006154
636,1,1,1,12,0,1,1,3706143
1715,3,1,4,8,10,1,0,7760399
2037,3,1,6,12,4,0,2,8875750
1234,4,4,1,5,5,0,0,7091605
861,2,1,6,3,7,0,0,5492299
2578,4,1,5,9,8,1,0,10453574
1080,4,2,6,9,10,1,0,7587467
1550,2,2,6,7,0,1,0,7647372
1424,4,1,1,8,5,0,1,6825795
1176,2,2,1,16,7,0,1,5504968
1423,2,2,6,11,6,0,2,7322528
2772,3,3,3,17,4,0,2,10651686
2297,4,4,10,17,0,0,1,11258406
2500,5,2,4,16,0,1,2,11280949
1015,3,3,7,0,9,1,0,7447288
2367,4,1,2,14,5,0,1,9125643
2104,4,3,9,19,9,0,2,10565294
2690,4,4,3,5,3,0,1,11017806
1532,2,1,1,12,3,0,2,6206760
652,2,2,2,7,6,0,1,4671127
872,2,1,1,4,8,1,0,4832609
1091,2,1,9,13,10,0,1,6448720
1039,4,3,6,9,2,0,1,7436137
1139,2,2,4,0,2,0,0,6085848
728,1,1,2,6,2,1,0,4116353
1159,3,3,4,10,0,1,0,6924962
1455,3,1,3,19,5,1,0,6727510
2485,4,2,10,8,8,1,1,11902375
2039,4,1,9,19,7,1,2,10384119
1382,3,1,5,0,8,0,0,7116952
662,1,1,4,7,6,0,0,4030806
1268,2,2,7,15,2,1,0,6824746
1310,3,1,10,4,4,1,2,8515145
2843,4,4,8,6,8,0,2,12685533
2558,3,1,5,13,2,0,0,9266432
1157,4,2,4,16,1,0,1,6662301
1169,2,2,10,0,6,0,1,7573763
2879,5,3,1,3,4,1,0,11423988
1886,3,1,10,4,4,1,1,9549000
607,1,1,6,1,4,1,0,4757536
1274,2,2,5,3,5,0,1,6775445
1459,2,2,9,20,9,1,2,8024343
2996,3,2,4,1,9,1,1,11696193
1980,5,3,1,16,2,1,1,9158943
1245,4,2,1,0,7,0,2,7214525
786,2,2,9,9,6,1,1,6520421
1933,3,3,10,3,4,0,2,10146140
2059,4,1,9,20,6,0,2,9977602
2376,5,1,3,10,2,1,2,10530111
1582,4,1,2,1,5,1,2,8170067
1742,2,1,7,13,7,1,2,8343886
2833,4,1,6,18,6,1,1,11017186
1320,3,2,3,9,5,0,2,6936562
2261,4,3,4,4,6,0,1,10394248
1722,2,1,8,2,5,0,2,8250336
990,1,1,6,13,8,0,0,5111256
1995,3,3,2,5,2,1,0,8776047
2145,4,4,5,14,8,1,0,10214626
2061,4,3,3,16,6,0,0,8921513
622,2,1,1,2,0,0,0,3783488
1687,4,1,6,12,9,1,0,8335759
2585,4,3,10,20,0,0,1,11314363
784,1,1,8,5,3,0,1,5381648
1208,2,2,10,19,3,0,2,7466212
1684,2,2,2,4,1,0,1,6913874
1624,4,2,2,0,5,1,0,8017535
1992,5,4,9,10,0,1,1,10929416
2263,4,3,2,8,1,1,2,10027912
794,2,2,1,18,5,0,1,4560076
2375,4,1,3,2,5,0,2,9859616
928,2,1,2,2,6,0,1,5226091
1548,2,2,10,6,4,0,0,7922542
2227,4,1,5,15,2,1,1,9482935
647,2,1,8,2,2,0,0,5176888
1818,5,1,9,20,4,1,2,10106799
1731,2,2,1,19,6,0,1,6849215
1443,2,2,1,3,10,0,2,6898444
2855,3,1,10,3,4,0,0,11503325
2568,3,1,10,14,1,0,2,10896516
1256,4,4,5,2,5,1,2,8684721
1957,4,2,5,10,0,0,1,8963680
1211,3,1,9,13,10,1,1,7853208
2747,3,1,1,10,1,0,2,9765947
1055,4,4,3,8,3,0,1,7194377
2538,5,2,7,14,7,0,0,11022435
2591,5,2,5,1,8,0,2,11561030
1396,2,1,6,14,9,0,0,6525542
1519,3,2,2,12,10,0,0,6761393
1118,4,3,2,4,6,1,0,7279497
2802,4,4,2,2,0,1,0,11483510
610,1,1,7,15,3,1,0,4586097
2209,3,1,4,18,9,1,0,8748715
2156,5,4,7,0,5,1,0,11374238
608,1,1,1,19,0,0,0,2901974
1265,3,1,10,16,0,1,1,7836315
1708,3,1,10,18,4,0,0,8101322
2211,3,2,1,11,0,0,2,8720165
2893,5,1,8,12,1,0,2,12161089
1771,4,2,7,15,8,1,2,9352642
1048,2,2,8,8,9,0,0,6566653
2283,4,3,6,0,10,0,1,10591505
2522,4,2,2,10,7,1,2,10820548
1041,2,2,1,17,3,1,0,5283830
2888,3,1,7,15,4,1,1,11361789
2120,4,3,4,10,1,1,0,9516784
2522,4,2,10,4,7,0,2,11593997
732,2,1,1,6,7,0,0,4081827
1520,4,2,1,16,2,0,1,7272921
2158,3,3,10,0,9,1,1,11048157
2630,5,3,2,12,6,0,2,10903021
2123,4,3,5,19,0,1,0,9706133
1683,4,4,2,13,10,0,0,8403056
2409,5,4,3,13,1,0,1,10597534
654,1,1,1,5,8,1,1,4144481
1856,5,2,2,16,9,1,1,9108001
2141,4,2,4,18,7,1,1,9434950
2984,3,3,1,5,3,1,2,11357935
845,2,2,5,7,3,1,0,5643292
651,1,1,8,10,3,1,1,5162590
1385,2,1,5,5,9,0,0,6412586
2931,3,3,8,17,5,0,0,11307530
821,2,1,3,3,6,1,1,5448718
2642,5,4,1,2,0,1,1,11736068
2571,5,4,9,5,4,0,2,12632445
2226,4,2,10,6,8,1,1,11305692
670,2,2,6,0,3,1,0,5620579
1313,4,3,7,12,9,0,2,8373929
1554,3,3,9,12,0,0,2,8892496
1854,3,1,9,7,1,1,2,9624741
590,2,1,8,19,1,0,1,4905886
2532,5,4,1,2,5,0,2,11400702
1425,2,2,6,2,2,0,2,7684419
1530,3,2,2,16,3,0,1,6927744
942,2,2,5,4,5,0,1,6025659
1763,2,1,1,6,9,1,2,7370242
727,2,2,8,14,5,1,0,5674597
1814,3,3,6,15,10,1,2,9201446
1400,3,2,4,6,6,0,1,7163798
1537,3,2,2,11,1,1,2,7493897
1794,3,2,2,20,4,0,2,7624721
1491,3,2,9,10,1,1,2,8625114
2341,5,3,8,15,3,0,1,10917555
2101,3,1,8,8,1,1,1,9330723
746,1,1,6,13,10,0,1,4897833
2247,3,2,9,7,10,1,1,10626387
1845,4,1,3,7,4,1,0,8252529
968,1,1,5,0,2,0,1,5357162
2267,4,2,10,7,10,1,1,11237690
1232,3,2,5,10,10,1,0,7061746
1749,4,2,10,14,5,1,1,9644024
1722,4,2,3,1,9,1,1,8665899
1552,3,2,7,11,8,0,2,8427333
545,1,1,7,19,2,1,0,4194749
1483,4,3,3,16,7,0,1,7929556
2620,3,2,5,7,0,0,2,10525712
2409,5,2,9,10,4,1,0,11625163
748,1,1,9,0,4,1,1,5924616
2785,5,1,9,14,6,0,1,12164754
1213,3,1,5,14,7,0,0,6239353
2752,4,2,8,17,1,1,1,11425060
2153,3,1,8,6,6,1,0,9479687
2660,5,4,4,2,4,0,2,12188611
1382,2,1,7,13,6,0,1,6738614
2126,5,4,8,12,2,0,2,11039259
1778,3,3,3,4,4,1,1,8723104
2761,4,4,1,14,1,1,1,10855341
1596,4,3,8,19,2,1,1,9162216
1206,2,2,3,19,8,0,0,5740088
1274,3,1,4,14,3,1,1,6674738
1671,3,1,2,11,5,0,0,7024513
2782,3,3,6,2,7,0,2,11903954
2347,3,2,8,15,10,1,2,10804613
979,1,1,7,9,5,0,0,5178909
1712,2,2,6,0,3,1,0,8009568
1216,4,1,1,3,2,1,1,6840493
2347,4,1,5,18,9,1,2,10392671
2339,4,1,4,3,7,0,1,9748671
1015,3,3,4,5,0,0,1,6629491
1386,3,2,6,12,3,1,1,7776272
2611,5,2,7,16,6,0,1,11451886
1730,4,3,5,18,8,0,0,8570737
1294,2,2,8,6,9,0,2,7440419
594,2,1,10,9,2,0,0,5142853
1216,3,2,5,6,10,1,0,7193449
2479,5,2,1,18,9,0,2,10244413
986,1,1,1,6,8,0,0,4365420
2940,3,1,6,0,10,1,2,11796485
1720,3,2,2,13,8,0,2,7863029
2090,5,1,4,1,4,0,0,9531572
1838,5,3,7,16,0,0,2,10054536
985,2,1,4,13,0,1,1,5492846
1260,2,1,2,11,4,1,2,6300108
1032,4,1,8,19,1,1,0,6952168
772,1,1,5,2,7,1,1,5346539
2830,3,1,6,18,4,0,1,10174509
2834,3,1,7,16,0,0,0,10229277
1387,4,4,1,19,6,1,0,7574658
1990,5,2,5,19,7,0,0,9022485
2889,4,1,2,11,3,1,0,10703912
618,2,1,3,11,6,0,1,4386716
2796,5,1,5,19,7,0,1,11061404
2758,5,3,6,11,1,1,2,12593747
1167,4,3,1,10,10,1,1,7135091
2817,3,2,4,18,1,0,0,10012350
2872,3,3,7,12,7,1,2,11840708
1975,3,1,9,10,10,1,2,10045033
675,2,1,10,8,2,0,0,5605824
2608,5,2,6,17,10,1,1,11622284
1318,4,1,4,15,0,0,1,6848425
838,1,1,6,17,8,1,1,5221249
1340,4,1,8,8,8,1,2,8424260
1273,3,1,10,11,10,0,1,7542456
734,1,1,4,12,1,1,0,4199443
1631,4,3,5,3,2,0,2,8877409
924,1,1,6,5,5,1,0,5451499
2077,3,2,6,13,1,1,1,9129030
1136,4,4,1,2,0,0,0,6726526
1096,4,3,2,15,6,0,0,6334876
1761,4,2,3,8,0,1,2,8747098
1055,4,4,2,4,1,1,1,7601028
2808,4,1,1,0,1,0,0,10149467
1398,4,1,2,13,7,1,1,7440197
2098,5,4,4,5,3,0,1,10407770
907,2,1,5,9,6,0,0,5280335
592,2,2,10,20,0,1,0,5574264
2840,5,1,6,19,5,0,2,11748660
1607,2,1,7,17,3,1,0,7255105
2325,4,2,2,0,8,1,0,9873615
1000,2,2,10,2,5,1,0,7079802
1876,3,3,5,18,5,1,0,8730637
1548,2,2,3,4,1,1,0,6899514
1751,2,2,9,15,10,0,2,8712507
1163,2,1,10,2,10,1,0,7298606
935,1,1,3,1,4,1,1,5213087
955,1,1,5,11,6,0,1,4997870
1395,2,1,5,2,3,0,0,6348579
1363,2,2,7,9,4,0,0,6830922
2404,5,4,9,0,5,1,2,13076239
1065,4,2,8,15,0,0,1,7108521
1752,4,4,7,19,10,1,2,10132028
2622,4,2,6,12,10,1,2,11734689
818,1,1,6,0,7,1,1,5601087
2057,4,2,8,12,3,0,2,10007008
607,1,1,2,3,9,1,1,4276693
1958,5,2,3,1,1,0,0,9263875
2480,3,3,5,4,2,1,2,11024634
1464,4,2,4,17,1,1,0,7474471
2164,3,2,7,19,10,1,1,9865731
2192,5,4,1,15,1,0,2,10289817
2875,4,1,2,3,5,1,2,11486673
1025,2,1,4,15,1,1,1,5752672
2612,4,1,3,12,4,0,0,9661813
1228,4,3,6,16,8,1,2,8325399
2878,3,2,2,8,7,1,1,10988787
2626,5,1,6,20,7,0,0,10813698
2538,5,3,5,8,0,0,0,11068827
1566,4,3,3,8,4,0,1,8192169
1339,3,2,7,1,4,1,2,8455371
2378,3,1,9,16,1,1,0,9965178
2506,5,4,4,9,7,1,1,11786102
2294,5,3,6,4,7,0,2,11586393
919,1,1,7,15,5,1,0,5400508
1872,4,3,6,14,9,1,2,10151344
2385,5,1,8,14,10,0,1,10935111
2028,4,2,1,0,1,1,0,8647468
1573,2,1,8,5,5,0,0,7466481
2853,5,3,7,14,2,1,0,12225191
1900,5,2,6,3,7,1,1,10258606
1954,4,3,3,20,6,1,0,9045372
1604,2,2,5,4,8,0,0,7174559
1020,2,2,2,0,6,1,1,5919261
1163,3,2,3,1,10,0,1,6760776
2217,3,3,7,14,3,1,0,9843360
725,1,1,2,18,5,1,0,3931036
742,2,1,7,11,0,1,1,5680010
964,2,2,5,11,2,0,1,5666881
1582,2,1,1,1,10,0,0,6413889
2037,4,4,1,9,0,1,0,9076558
1263,2,2,2,14,5,0,2,6128065
2917,3,3,7,0,5,1,1,12073282
1608,4,2,5,5,2,0,1,8470384
1674,2,1,1,14,7,0,0,6111654
2411,4,3,9,18,3,1,1,11576384
1173,4,4,1,2,7,1,1,7784925
2670,4,2,9,16,0,0,0,10787447
1346,2,2,3,18,2,0,2,6282018
1173,2,1,8,15,5,0,1,6386299
2647,3,2,4,20,2,1,1,10198363
2996,4,3,7,1,4,0,2,12514996
929,2,2,6,20,4,0,1,5683806
1304,4,4,1,4,1,1,2,8036447
2079,5,1,5,15,10,1,0,9447368
2250,5,3,5,9,1,0,1,10341665
2404,3,1,10,13,7,0,1,10067085
1816,4,2,4,14,2,1,1,8851940
1833,4,1,5,17,5,0,0,8133681
628,2,2,7,7,2,0,1,5388215
791,1,1,8,16,5,0,0,4776732
1201,4,4,3,18,1,1,2,7765462
1071,2,1,10,4,5,0,1,6698460
2314,4,4,7,2,7,1,1,11642237
1162,2,2,6,16,8,0,1,6397262
2546,5,2,4,9,0,0,2,11127203
1296,3,3,4,12,10,0,1,7401692
2860,3,2,7,16,6,1,2,11684311
2720,3,2,10,11,6,1,0,11244673
702,1,1,8,11,0,0,1,4888359
564,2,2,1,19,2,0,0,3679830
2353,3,2,3,3,3,1,1,9712650
1223,3,3,4,18,2,0,2,6972850
2561,5,3,10,10,4,0,1,12393510
1015,4,2,4,12,9,0,0,6562661
621,2,1,9,2,9,1,0,5873512
2205,3,3,9,0,9,0,2,10905649
755,2,1,10,6,3,1,0,6068006
1600,3,2,3,5,7,1,2,8130826
2096,4,2,3,15,2,0,0,8473318
1791,3,1,3,10,0,0,1,7532768
2869,3,1,10,14,4,1,0,11198509
2116,4,1,7,0,8,1,0,10125697
1713,4,3,2,7,3,1,1,8807054
519,2,2,6,4,10,1,1,5643586
2461,3,3,2,16,1,0,0,9213779
2357,3,1,10,3,9,0,2,10629380
2136,4,3,1,13,3,1,2,9700091
2583,4,1,7,14,6,1,1,11024983
2877,3,3,7,13,9,1,1,11653534
1252,2,1,7,8,4,1,2,7071998
1685,2,2,1,8,3,1,0,6878384
924,2,1,7,6,1,1,1,6143179
1612,4,3,3,5,2,0,0,8105994
1037,4,1,10,15,3,0,0,7236516
1554,3,1,2,14,5,0,0,6567249
2920,4,2,9,10,0,0,0,11582657
914,1,1,6,6,5,0,0,4953070
2246,5,2,5,7,1,1,0,10394917
764,2,1,4,11,4,1,0,4978273
1566,2,1,9,5,5,1,0,7922361
2180,5,2,3,1,6,0,2,10475811
2924,5,3,6,17,0,0,2,12588268
1919,4,1,9,13,9,0,2,9805257
2606,3,2,3,11,4,0,0,9770491
1819,3,3,7,10,1,0,0,8832541
2276,3,1,7,14,4,1,0,9439757
2258,3,2,5,7,3,1,2,9778659
1470,3,2,2,4,7,1,1,7326701
2980,4,2,2,5,1,1,2,11845852
2936,4,1,7,19,7,0,2,11563564
1076,2,2,2,17,6,0,0,5055057
933,2,2,9,20,7,1,1,6697307
2512,4,1,2,19,2,1,1,9541439
994,2,2,6,0,4,1,0,6394575
1708,4,2,9,8,0,0,2,9594889
1014,3,2,6,9,5,1,1,7074503
735,2,1,5,4,5,0,1,5111331
2173,5,1,4,16,5,1,0,9563589
2641,3,1,2,6,2,1,1,9854182
1764,2,2,9,11,9,0,2,8787420
2409,4,2,9,11,8,1,2,11750737
2857,3,1,6,20,4,0,1,10537157
1303,3,2,3,16,7,0,0,6379882
974,2,2,4,20,5,1,1,5920581
2980,4,3,1,13,10,1,2,11971377
1026,4,3,9,13,3,0,1,7861732
2632,4,3,5,3,7,0,2,11708432
1725,2,1,5,18,1,1,0,7312124
1959,4,3,1,18,6,1,1,8724855
1084,4,3,8,8,0,1,0,8068559
2015,3,3,8,20,7,0,0,9140357
2391,4,4,4,1,7,1,2,11637110
2500,4,1,1,18,0,1,2,9755305
903,2,1,8,5,3,1,1,6230865
671,2,1,2,15,0,0,0,3726924
2906,3,2,2,6,9,0,0,10193306
1957,3,1,2,9,7,1,2,8646723
2325,3,3,10,1,5,1,1,11118440
2472,5,2,10,0,4,1,1,12270572
1699,3,2,9,9,4,0,1,8655000
1363,2,2,7,10,1,0,0,6878667
2799,3,1,9,4,4,0,0,10735513
2229,3,2,5,8,9,0,0,9162860
2818,3,2,2,15,10,1,2,11005582
1296,2,2,4,20,0,1,0,6194938
1122,2,1,2,12,10,0,1,5497826
2830,3,1,2,16,6,1,2,10488234
964,1,1,9,1,2,0,0,5819153
2864,5,4,1,4,10,1,1,12319860
1796,2,2,7,9,4,0,0,7987401
1275,3,2,8,5,8,1,0,7911159
2816,5,4,3,9,0,0,0,11524667
1574,4,2,1,7,1,1,2,7995156
808,2,2,1,19,0,0,0,4169500
1995,4,2,9,12,9,0,2,10151132
2860,5,1,1,12,7,0,0,10318807
2628,3,2,7,10,3,1,2,11287246
1229,4,3,10,12,6,0,0,8491671
1983,5,3,6,5,0,0,0,9953025
958,2,2,5,9,8,1,1,6303887
516,2,2,1,11,1,1,0,4113537
1051,2,1,8,14,5,0,0,5891206
1528,4,2,10,2,0,0,0,8599520
1623,2,1,4,20,7,0,2,7081750
724,1,1,3,19,5,1,1,4383161
968,1,1,4,14,0,0,1,4754829
2246,5,2,4,0,2,0,1,10056975
2085,4,4,9,19,9,0,0,10584644
2503,4,4,3,3,3,0,1,10724007
1923,5,2,10,11,6,1,1,10557412
2875,3,3,6,19,0,1,1,11113755
1722,3,2,4,14,6,0,1,7955217
1218,3,2,5,16,5,1,1,7273931
2289,4,3,6,15,7,0,1,10126219
2166,4,1,7,14,9,1,1,10216161
772,1,1,10,20,0,1,0,5350897
1857,4,4,1,9,2,1,1,9006480
3000,4,3,1,17,0,1,2,11445996
527,2,1,9,5,8,1,0,5569312
918,2,1,8,10,0,0,0,5632184
1146,2,2,3,3,2,0,0,5671585
1653,3,3,7,4,7,1,0,8823942
892,2,2,5,18,7,0,1,5562786
1038,4,3,5,11,8,0,1,7165783
1429,3,3,5,18,9,0,1,7638968
1412,3,3,10,10,2,0,2,8832958
1817,3,1,1,18,0,0,2,7092297
1736,4,4,4,2,1,0,1,9290751
2233,3,1,7,0,9,0,0,9406146
511,2,2,10,12,10,0,1,5840890
1602,2,1,6,19,7,1,2,7562724
1691,3,3,5,5,1,0,2,8522182
568,2,1,9,5,8,1,1,5791251
647,2,2,3,10,5,0,1,4673178
1870,3,3,1,18,3,1,1,8279360
2408,3,2,10,12,10,0,2,10925360
2235,5,3,2,6,5,0,0,10005178
1575,4,2,7,19,5,1,2,9087407
2704,3,2,8,1,6,0,0,10958303
952,2,2,10,8,9,0,1,6992337
2645,5,2,8,13,1,0,0,11150759
1422,3,1,3,0,9,1,1,7610781
2071,5,1,6,15,3,1,2,10029283
1297,4,3,7,6,3,1,1,8626640
2596,5,3,10,2,3,1,2,13074163
511,1,1,2,3,3,0,1,3606144
1154,2,1,2,8,3,0,1,5340473
2311,3,3,8,3,2,1,2,11053193
2964,4,2,4,16,7,0,2,11637873
1286,4,2,3,1,8,0,0,7337934
1750,3,3,5,7,5,0,2,8795956
2801,3,2,5,18,5,1,0,10758016
640,2,1,6,19,9,0,0,4612414
1263,4,3,3,4,4,0,1,7349609
1009,4,2,2,7,7,1,1,6683136
643,1,1,6,15,9,0,1,4519544
872,2,1,4,7,5,0,0,4940097
1168,2,1,2,20,5,0,1,5268652
2765,4,3,7,5,1,0,1,12012086
535,1,1,3,1,8,0,0,3809630
1597,2,2,7,13,4,1,2,8348125
2092,3,3,3,3,3,1,0,9221712
911,1,1,5,8,9,1,1,5332254
1043,4,1,9,9,8,1,1,7709136
2891,4,4,3,11,4,1,0,11745877
725,2,2,5,9,2,0,1,5302777
2187,3,3,5,18,0,1,1,9465517
1661,3,2,5,13,5,1,1,8243323
1697,4,3,3,10,2,1,1,8660047
570,1,1,5,7,1,1,1,4390985
1473,4,1,4,13,9,1,1,7761187
1396,4,2,8,15,7,0,2,8608075
2307,5,1,6,8,2,0,1,10069465
1799,2,1,9,6,4,0,0,8001861
1062,2,1,8,4,0,1,1,6827258
2954,4,3,4,15,0,0,1,11234442
1461,4,4,8,6,3,1,0,9035576
502,2,1,8,11,5,0,1,5054620
1151,2,2,6,3,0,1,0,6626588
908,2,1,9,3,7,0,1,6233297
508,2,2,4,6,10,1,1,5059048
1764,2,1,5,18,10,1,2,7823446
2940,4,2,1,8,0,0,0,10326965
1634,2,1,1,19,10,0,2,6655672
2382,3,1,7,6,3,0,1,9874305
515,2,1,5,8,7,0,0,4402132
986,1,1,3,11,7,1,0,4795970
1742,2,1,8,5,4,1,2,8699181
1222,2,2,7,18,9,0,1,6598004
2713,3,1,2,18,7,1,2,10134698
937,2,2,6,1,1,0,0,5791623
1715,2,1,8,14,6,0,0,7618476
1017,2,1,7,4,5,1,1,6392710
637,1,1,7,13,8,1,1,5104284
1479,4,4,4,17,4,1,2,8934013
873,2,2,9,2,6,0,0,6449676
938,1,1,9,5,3,1,0,6063998
2443,3,2,2,2,2,0,2,9852392
854,1,1,7,4,3,1,0,5347697
2071,4,3,9,5,10,1,0,10961206
1124,4,2,6,9,6,1,1,7700410
1411,2,2,10,2,4,1,1,8502868
719,1,1,6,7,5,1,0,4936448
1335,3,1,5,13,6,1,1,7267070
1014,2,2,8,12,1,1,1,6746835
2908,3,2,6,10,2,0,1,11183096
1199,4,1,6,19,6,1,0,7035225
2975,4,1,7,8,3,1,0,11793817
2130,3,3,4,9,8,1,0,9204324
2253,3,1,6,12,5,0,2,9510921
1258,2,1,6,8,2,1,0,6367068
593,2,1,8,19,0,1,0,4945909
2596,3,2,9,11,5,0,1,10770065
1576,4,4,6,19,7,1,1,8994264
1697,2,1,5,6,6,0,1,7358451
2609,4,4,9,10,0,1,2,12707423
2265,4,2,6,7,0,0,1,10005956
2725,4,4,9,19,4,1,0,11896863
2967,3,3,3,9,6,1,0,11267291
2804,5,2,8,10,2,0,1,12310838
583,1,1,10,11,9,1,0,5201477
2791,4,3,8,1,5,0,0,11664748
1506,3,1,4,20,0,0,1,6671018
2168,4,1,10,15,2,1,0,10208098
1365,3,2,6,16,0,1,2,7864836
1409,2,2,1,2,1,1,0,6492769
638,1,1,1,19,7,0,1,3396210
2379,5,1,9,14,7,0,1,10799125
932,2,1,8,11,9,0,1,6018927
693,1,1,1,12,10,1,1,4100123
506,2,1,2,16,3,0,1,3723394
2131,4,1,9,0,6,0,0,9997702
1887,3,2,1,0,7,0,0,7677217
1113,2,1,2,5,6,0,0,5208535
646,1,1,9,2,6,0,1,5330029
958,1,1,8,13,9,1,0,5607103
950,2,2,2,2,6,0,0,5255364
1121,3,1,10,12,4,0,1,7192869
2081,3,2,8,4,1,0,1,9329860
1138,3,2,5,19,6,1,1,6697148
1143,4,3,3,2,8,0,1,7506436
1578,4,1,6,14,5,1,0,8287576
1198,3,1,5,20,2,1,0,6244588
2035,3,1,2,14,10,1,1,8395337
2538,3,3,4,4,0,0,0,9911703
1345,4,2,1,7,1,1,1,7230896
2393,4,3,9,5,2,1,2,11548684
1299,4,1,1,9,9,1,0,6589467
2869,4,4,7,14,6,0,2,12369895
1141,4,4,5,19,9,0,0,7298638
2518,3,2,5,19,5,1,1,10213162
1584,4,3,7,11,7,1,2,9723987
1504,4,4,2,11,3,1,0,8105631
2883,3,3,3,16,7,0,0,10713428
1210,3,2,7,10,4,1,0,7313861
1749,4,3,7,9,5,1,2,9688941
623,1,1,2,9,3,1,1,4019993
2807,4,3,4,17,8,0,0,10733088
1519,3,2,4,6,5,1,1,7896397
1163,2,2,6,15,10,1,1,6882071
1109,4,1,4,19,8,0,0,6114071
2411,5,4,2,19,1,1,2,10972721
532,1,1,2,3,1,1,0,3712000
1129,2,1,6,7,9,1,0,6405195
963,2,2,7,10,0,0,1,5980737
2958,4,3,1,11,7,0,0,11081418
2018,3,1,10,17,1,0,0,8957436
1584,3,1,1,1,2,1,1,7156926
557,2,2,7,18,4,0,1,5032587
1272,4,1,9,5,6,0,0,7942579
2323,4,2,2,2,4,0,0,9500921
2379,4,2,10,16,7,0,1,10720708
1261,3,3,5,4,9,0,0,7408773
1553,4,4,2,9,3,0,2,8439840
759,2,2,5,4,8,1,1,6031763
1957,5,3,8,8,3,1,1,10964725
1047,4,4,3,20,4,1,1,7402386
2776,5,2,3,9,5,1,2,11681483
1645,2,1,1,0,1,1,2,7235972
2136,3,1,8,14,8,1,1,9604422
2817,5,1,6,14,9,1,1,12122998
2265,5,2,4,7,9,1,0,10627849
534,1,1,6,11,3,1,0,4339663
2012,4,2,8,15,10,0,0,9389053
1969,3,2,6,16,7,0,0,8411549
889,1,1,8,11,1,1,0,5468896
1994,5,2,7,4,4,0,0,9814903
1891,4,3,5,7,8,1,2,10001183
2374,3,1,6,19,3,1,2,9961089
2894,3,1,6,8,8,0,1,10889119
2482,3,3,7,8,3,0,0,10305843
1131,2,1,9,13,10,1,1,6936980
2433,4,3,2,10,3,1,2,10542340
1060,2,2,6,1,6,1,0,6659733
1026,4,3,7,16,5,1,1,7584210
1669,4,2,4,3,1,0,1,8276280
2719,4,3,1,5,6,0,0,10439934
2110,5,1,4,13,3,0,0,9167909
1001,4,3,3,4,9,0,1,7129380
2134,3,1,1,14,3,1,0,8085990
1691,4,3,6,8,4,0,0,8521678
1697,3,3,8,15,7,1,0,8978867
1702,3,3,6,3,8,0,0,8497689
1321,2,2,4,7,6,0,0,6312096
1946,4,4,7,1,7,0,0,10245360
1878,3,2,7,13,6,0,1,8825425
1962,3,3,6,4,6,0,0,9052837
2178,4,3,4,4,6,1,1,10179371
939,2,1,3,8,0,1,0,5161295
2631,4,2,6,18,6,0,0,10234846
775,1,1,9,15,1,1,0,5238149
2758,3,3,4,18,10,0,1,10416428
889,1,1,10,17,7,0,0,5410050
511,1,1,8,11,7,1,0,4573667
631,2,2,6,4,2,1,0,5342132
854,2,1,9,19,3,0,0,5580900
2153,4,3,2,15,7,0,0,8894603
2387,4,2,2,7,5,0,2,10173062
2502,5,4,3,11,5,0,1,11052126
2015,3,1,9,4,5,1,1,9792325
1882,3,2,4,19,1,1,0,8074186
1850,4,2,7,5,8,0,2,9910538
1299,3,1,4,10,0,0,0,6170001
550,2,2,10,13,10,1,1,6128364
1711,3,3,6,9,4,0,0,8317750
2500,3,3,9,5,1,0,1,11243428
2589,5,4,8,8,0,1,0,12080787
766,2,1,4,9,10,1,1,5263320
2203,4,4,10,18,6,0,2,11281776
1591,3,2,8,2,3,1,0,8439775
1476,4,2,5,2,0,1,1,8508439
1054,4,4,7,12,5,1,0,8143502
674,2,2,1,7,9,0,0,4451716
2304,5,4,8,8,4,0,0,11524674
2788,4,2,10,15,1,0,2,11852160
725,1,1,5,1,9,0,1,4897368
2593,3,2,2,15,3,0,0,9099857
544,2,2,7,9,6,1,0,5432070
2554,4,4,9,16,7,1,2,12404984
1747,3,3,8,19,5,1,2,9420788
849,1,1,10,2,7,1,1,6175944
721,2,1,4,20,9,1,0,4612168
1336,2,2,9,12,6,1,2,8215488
2983,5,3,3,0,0,0,0,12111106
1855,3,3,4,1,5,0,1,8593833
1616,2,1,8,13,5,0,0,7214480
1228,4,3,10,11,7,1,0,8587924
2833,4,1,1,17,4,0,2,10300645
720,2,2,4,16,6,1,1,5184056
2825,4,4,8,12,2,0,2,12744362
1303,3,2,6,12,1,1,2,7626532
993,2,1,9,20,3,1,1,6296887
771,1,1,1,16,5,0,1,3670478
620,1,1,2,14,0,0,1,3535846
1250,2,2,4,6,1,0,1,6445647
1110,3,1,5,20,7,0,1,6252915
2111,3,1,8,15,9,1,2,9679532
2997,3,1,1,3,7,0,1,10576283
2719,3,1,6,2,7,1,0,10855096
2508,5,4,4,2,3,0,1,11571635
1624,4,4,2,19,6,1,0,8328290
2106,3,2,2,8,5,1,0,8850666
1796,4,4,9,13,2,0,1,9911105
2337,4,1,8,3,2,0,2,10671995
1298,4,1,8,12,7,0,2,8175815
2504,5,1,1,4,2,1,2,10730265
1158,4,3,5,10,2,1,1,7953842
500,1,1,10,17,7,0,1,4865806
1674,3,2,10,9,9,0,2,9389374
2713,4,3,10,20,8,1,2,12417841
1292,4,2,1,6,9,0,0,6714620
2149,5,4,1,20,10,0,1,9722537
2511,5,3,5,10,7,1,1,11435711
2875,3,2,7,9,3,0,2,11237461
1028,2,1,6,14,5,0,1,5649837
1170,3,2,5,7,5,0,1,6974003
1791,3,3,8,7,1,1,2,9519189
2236,4,2,3,8,7,1,1,9635571
2775,3,3,9,1,7,0,0,11416591
1544,3,3,9,13,4,0,2,8832822
2906,3,3,10,12,9,1,2,12635960
1416,4,2,4,16,3,0,2,7672670
2259,5,2,9,12,8,0,1,11048625
2332,3,3,7,17,1,1,1,10142169
1081,2,2,1,15,10,0,1,5411122
2509,3,3,6,4,1,0,1,10759234
1547,4,4,1,6,3,1,0,8206292
1937,3,3,7,14,2,0,1,9182884
2277,3,3,2,1,7,1,1,9803632
2319,5,4,8,7,9,1,0,11875028
776,1,1,10,14,4,1,0,5434457
1980,3,3,8,8,0,1,0,9819602
1074,3,1,1,7,3,0,1,5692071
2434,4,2,7,11,1,1,2,10885691
2697,4,4,2,6,2,1,0,11027506
1992,4,2,5,14,6,0,2,9404595
2448,3,2,9,10,0,0,1,10257120
1724,2,2,9,0,0,1,1,9034476
2828,3,3,5,20,5,0,1,10576925
1594,4,1,5,16,7,0,1,7937284
2497,4,3,4,9,5,0,1,10742829
2815,4,1,1,15,7,1,1,10249415
1158,2,2,5,12,10,0,1,6517731
1470,2,1,3,15,0,0,1,6227517
745,2,2,10,15,6,0,0,5979415
943,2,2,4,17,6,0,0,5320344
2612,3,1,1,15,5,0,0,8638773
831,2,2,9,11,9,0,0,6175060
1558,3,2,6,13,5,0,0,7448660
892,2,2,5,2,3,1,0,6037055
2146,5,2,4,1,3,0,1,9987309
1839,5,1,8,0,5,1,2,10310793
766,1,1,4,13,1,0,0,4012187
2485,4,1,9,20,1,0,1,10630236
601,2,1,9,4,1,1,1,5681009
2305,5,4,3,16,9,0,0,10492278
1266,4,3,1,11,2,0,2,7142750
1812,4,1,9,6,1,0,0,9012046
718,2,2,9,18,6,1,1,6177988
2759,3,3,5,8,0,0,2,11317258
2252,4,3,8,2,9,0,1,11047392
710,2,2,9,14,4,1,0,5875498
2058,3,1,1,1,5,1,0,8253890
1764,3,3,7,3,5,0,0,8634669
1405,3,1,7,12,10,1,1,7805671
726,2,1,6,19,0,1,1,5197904
2253,4,4,9,18,3,1,2,11616960
1518,4,1,10,9,7,1,0,8826252
2822,5,1,4,10,2,0,2,11507690
2820,5,4,1,18,1,0,0,10948623
1614,3,1,5,5,4,0,0,7243474
804,1,1,7,20,6,0,0,4586149
1287,4,1,4,7,0,0,0,6901034
2015,3,1,8,17,0,0,1,8701066
1303,4,2,9,14,4,0,1,8113327
2152,5,4,7,17,0,1,2,11040321
703,2,2,4,17,1,1,1,5192023
717,1,1,5,7,10,1,1,5056006
2793,5,1,8,14,9,1,2,12682955
936,2,1,6,20,1,1,1,5630967
879,2,2,2,14,1,0,0,4729985
2165,4,4,3,12,6,1,2,10463803
1689,3,3,6,7,10,1,0,8807555
2532,4,4,6,19,9,1,2,11815305
1190,4,2,5,9,2,0,0,7097843
1241,2,2,7,8,8,1,2,7643881
2656,5,4,2,9,6,0,2,11619108
2154,3,3,6,17,0,1,0,9283591
1977,3,3,4,2,10,0,1,9133170
947,2,1,3,15,8,1,1,5352878
1756,3,3,4,14,2,0,0,7990767
951,2,2,2,19,6,0,0,4780365
2737,4,3,4,3,3,1,2,11946224
2529,4,1,9,14,4,1,1,10876489
2349,3,3,8,4,9,1,0,10935394
1922,4,3,8,15,9,0,1,9667915
1494,4,3,5,4,5,0,0,8213079
2946,4,3,6,10,1,0,1,11640547
1029,4,4,4,9,8,1,0,7351786
2244,3,3,8,1,10,1,1,10958830
980,2,2,6,6,3,1,1,6567785
582,1,1,7,19,1,1,1,4657228
947,2,2,2,11,7,0,0,5026552
2620,4,1,10,2,3,1,0,11637749
2575,3,1,10,0,7,0,2,11233970
918,2,2,2,9,9,1,0,5353594
1971,4,2,9,15,3,1,2,10061577
2412,3,3,7,13,1,0,2,10371367
2631,5,1,7,17,4,0,1,11167362
1300,4,1,10,19,0,1,0,8008546
2077,4,3,6,0,3,0,2,10084849
510,2,2,2,19,9,0,0,3898916
2463,3,1,1,0,2,1,2,9797453
1479,4,2,8,5,2,0,1,8445545
2247,5,3,1,8,3,0,2,10040162
683,2,1,5,14,3,1,0,4772647
1076,2,2,6,8,9,0,0,6331359
1908,3,3,8,6,4,1,0,9423145
1920,5,4,5,4,6,0,2,10444871
753,1,1,3,14,4,0,1,4013149
1492,2,2,5,2,1,0,2,7344006
2003,4,3,1,20,2,1,1,9007413
1209,3,1,1,13,2,0,0,5371843
1563,2,2,8,19,9,0,2,7999280
1807,5,3,6,17,9,0,0,9285327
2476,4,4,6,5,9,1,2,11939596
1955,4,3,6,3,2,1,1,9897224
1270,3,2,7,13,5,1,0,7300650
513,1,1,3,20,1,0,0,3068133
2612,4,3,4,20,10,1,0,10558836
1676,4,2,6,9,10,1,1,9030896
2574,5,2,10,13,8,0,2,12320436
1982,3,2,5,6,0,0,1,8789187
1891,3,1,6,2,7,0,2,9109062
2055,4,1,7,17,9,0,2,9474861
917,2,2,6,13,1,0,0,5525869
814,1,1,1,5,2,0,0,3753309
1885,4,1,3,3,6,0,0,8111720
2775,4,3,2,8,2,0,1,10992491
1045,3,3,3,3,4,1,1,6820164
2444,3,2,1,8,5,0,2,9370090
2726,4,4,9,16,0,0,2,12032271
1945,5,1,4,5,6,1,0,9171299
1216,4,4,4,10,5,1,1,8158360
666,1,1,7,18,3,0,0,4313069
1897,4,1,10,14,3,0,0,9271048
910,2,2,6,10,2,1,1,6144596
1162,4,4,1,5,3,1,1,7437666
2889,3,1,10,19,9,1,2,12047732
820,2,1,8,17,6,1,1,5953618
2985,5,2,9,3,9,0,2,13329267
2801,5,4,5,12,1,0,0,12070638
841,1,1,3,9,1,1,1,4617311
1838,5,4,4,14,3,1,0,9512661
2439,3,1,9,18,9,1,1,10741533
2554,4,3,9,8,3,0,0,11259602
774,1,1,6,2,4,1,1,5259337
2148,5,3,5,6,1,0,1,10254618
2528,3,3,1,6,10,0,2,10234794
2388,4,4,1,17,10,1,2,10524295
2348,5,2,6,16,4,0,1,10726355
1271,2,2,10,8,5,0,2,7620445
1915,5,4,1,13,2,0,2,9637836
940,1,1,1,20,9,0,1,4082801
1736,4,1,5,0,5,0,2,8724875
824,1,1,8,20,4,0,1,5120178
2198,4,1,3,5,6,1,1,9366405
1593,4,2,10,5,4,1,0,9394801
2129,3,2,3,8,0,0,1,8555828
1632,2,2,4,18,6,1,2,7566019
2271,5,2,1,18,1,0,0,8898024
2073,4,1,5,5,8,0,2,9695460
506,1,1,10,14,9,0,1,4931956
1966,3,3,6,19,1,0,1,8778311
1373,2,1,8,1,2,1,0,7214892
2951,4,1,9,12,0,1,2,12189145
2460,4,4,3,11,3,1,0,10589945
645,1,1,4,7,3,0,0,3859171
1263,3,2,10,13,4,1,1,8325931
775,1,1,2,3,5,0,1,4270673
2999,4,3,3,4,6,1,0,11593102
1739,2,1,10,19,0,0,2,8388470
1774,4,1,4,2,5,1,2,8931758
2053,4,4,2,6,6,1,1,10075881
1301,3,1,5,10,2,0,2,7061251
1055,2,1,6,6,4,1,0,6210974
2939,4,2,5,19,6,1,1,11603062
2751,3,3,4,11,2,0,2,10905663
500,2,2,1,13,4,0,0,3599495
812,2,2,1,4,4,1,1,5229593
534,2,2,1,3,6,0,0,4036086
585,1,1,10,3,4,0,0,5022755
1013,3,3,7,6,6,1,0,7278244
1125,4,1,3,12,4,1,1,6639810
2492,4,4,10,13,7,1,1,12218168
1261,3,3,9,13,3,0,0,7719392
1344,2,1,8,19,8,0,0,6699299
504,1,1,8,3,9,1,0,4849774
2969,4,1,9,11,1,1,2,12420498
2230,3,2,1,6,8,1,2,9592413
1115,3,1,7,16,2,0,1,6507504
2154,3,2,2,0,9,1,1,9104521
2009,5,2,10,6,2,1,1,10986865
688,2,1,7,18,0,0,0,4734370
1411,3,3,8,2,1,0,0,7905396
1370,2,1,4,16,10,1,2,6933311
1853,5,1,3,18,10,0,0,8322484
1102,2,1,4,7,5,0,0,5438781
2715,5,3,2,3,1,0,2,11627792
2886,4,4,4,17,10,1,2,12110294
2758,4,4,8,17,2,0,1,11640434
2758,5,3,3,4,9,1,1,11931329
1747,3,3,5,16,6,1,1,8593161
596,2,1,1,12,8,0,1,3995239
2781,5,3,10,19,10,0,2,12903101
2298,3,1,3,18,8,0,0,8331960
519,2,1,4,18,1,1,0,4106799
2751,3,1,8,18,6,0,0,10143577
1882,3,2,5,18,5,0,1,8201781
1199,3,1,10,5,9,0,0,7504163
1650,4,3,2,13,1,1,2,8447065
2173,3,2,1,16,8,1,0,8683981
2252,3,1,4,16,1,0,1,8439588
1811,4,3,2,1,3,1,1,9249844
1217,3,3,6,19,4,0,2,7311743
1975,5,2,9,11,1,1,0,10214541
2617,3,1,7,9,4,1,1,10837791
1625,3,1,4,5,10,0,0,7497069
1228,4,1,6,16,10,1,2,7678788
903,2,1,2,1,1,1,1,5206178
1283,4,3,4,10,10,1,2,8208520
2925,3,1,5,1,8,0,0,10848823
1878,4,2,2,12,7,1,1,8545092
2355,3,2,9,18,2,1,2,10883367
2772,5,3,8,16,10,1,0,12470971
1314,4,2,5,15,10,1,2,7992824
863,1,1,8,7,0,0,0,5212811
1174,2,1,2,2,4,0,1,5714240
878,2,1,1,8,4,1,1,5003928
2681,5,3,3,10,9,1,0,11335091
564,1,1,10,14,6,0,0,4651099
529,1,1,2,19,5,0,0,2983870
679,1,1,8,12,6,0,1,4797633
935,2,2,9,8,6,1,0,6762598
626,2,1,9,9,8,0,0,5306552
2851,4,2,4,8,4,1,0,11115171
2301,3,2,8,14,2,0,0,9747224
2179,3,3,7,4,0,0,1,9646123
1616,4,3,2,15,2,0,0,7763489
617,1,1,1,12,6,1,0,3668166
1049,2,2,9,18,3,1,1,6940369
708,2,2,1,11,7,0,0,4350170
1801,4,3,7,8,1,1,1,9656457
2218,4,1,6,14,1,0,0,9013153
2524,3,1,9,0,5,0,1,10739886
2509,5,2,7,5,5,1,0,11392730
2224,3,2,1,7,3,1,2,9354987
2602,5,3,9,1,8,1,0,12542295
2615,5,2,1,8,3,1,0,10352527
2969,5,4,9,11,3,0,0,13119668
513,1,1,4,18,8,0,0,3462433
1649,2,1,4,15,6,1,2,7431055
2823,5,1,2,9,0,1,1,10967753
501,1,1,8,17,7,0,0,4165326
3000,3,1,8,19,9,0,1,11228419
2117,5,1,10,18,1,0,2,10463764
1592,4,2,7,4,6,1,0,8842176
1294,3,2,8,2,7,1,1,8091215
2183,5,3,3,12,9,0,1,10283351
2712,5,4,9,17,1,1,0,12647922
1556,3,1,8,15,0,1,0,7913501
2435,4,3,1,10,6,0,1,9772936
2688,3,3,9,17,10,1,1,11755946
2923,5,3,1,3,3,0,2,11668056
2389,3,2,5,2,4,0,0,9441522
1632,4,3,4,17,2,0,1,8013342
2099,3,2,8,17,6,0,1,9562766
1257,2,2,3,15,3,0,0,5757246
2836,3,1,5,10,4,1,1,10890313
1660,2,1,2,1,9,1,1,7512292
2085,5,4,2,15,7,0,0,9749470
2434,5,1,10,19,1,1,1,11310930
779,2,1,10,18,5,0,0,5614560
1382,4,3,7,5,5,1,2,9080179
782,1,1,3,16,0,1,1,4423154
2918,5,3,6,0,0,0,1,12357005
801,2,2,7,7,0,1,1,6228319
2535,4,4,3,5,0,0,0,10473279
2714,5,2,9,6,9,0,1,12120208
619,1,1,8,12,0,1,0,4608597
1386,2,2,9,19,3,0,0,7098561
2472,4,4,8,15,9,1,1,11756574
2733,4,2,3,8,1,1,2,11052915
2214,5,1,8,14,5,1,2,11166470
2290,4,3,8,17,5,1,1,10863105
2882,3,2,3,14,9,0,1,10471727
1021,4,3,2,12,5,0,0,6388308
2509,3,2,2,2,8,1,1,10096871
1485,3,3,2,8,4,1,2,7918145
1731,3,2,4,18,7,0,0,7433618
2645,5,4,3,15,7,1,0,11703334
2709,5,4,8,9,2,0,1,12582569
624,2,2,9,9,6,0,0,5632092
2159,3,2,7,10,1,1,1,9899376
1917,3,1,3,2,4,0,2,8490372
2635,3,3,10,16,10,1,2,11800462
2261,5,4,6,3,10,1,1,11929730
717,1,1,1,11,9,0,1,3843698
938,2,2,3,5,6,1,0,5733617
1577,3,2,6,4,10,1,2,8808770
2352,3,2,2,12,8,0,0,8635947
1236,2,2,2,2,3,0,2,6208555
1086,2,2,10,16,0,0,1,6737092
1790,3,2,8,15,3,1,2,9303050
1113,4,2,4,19,1,0,0,6497906
771,1,1,7,18,4,0,1,4781255
540,2,2,10,16,7,0,0,5391847
2356,4,3,6,13,2,1,0,10719961
1276,3,1,3,8,4,1,2,7011230
1924,5,1,10,1,6,1,0,10481064
2414,5,2,1,13,2,1,1,10100640
1858,5,4,3,8,4,1,1,10152124
1493,2,1,9,8,2,0,2,7926425
2378,4,2,10,1,9,0,2,11363439
1066,2,1,2,10,10,0,0,5155618
2579,4,1,4,12,8,1,0,10169678
943,2,2,3,7,7,0,0,5373838
2351,4,4,6,2,9,0,0,10737014
1148,4,4,1,15,3,1,1,7238628
1675,2,1,7,14,4,1,1,7740803
1397,2,1,4,4,3,0,2,6893448
1949,4,2,8,13,7,0,0,9483284
2744,4,2,2,19,6,1,1,10675038
2218,5,2,3,8,3,0,0,9674661
827,1,1,6,16,8,0,0,4658484
585,2,1,5,3,2,1,1,4957292
2189,4,1,8,15,9,0,1,9771740
1907,4,4,6,20,9,1,0,9538675
951,2,2,9,15,3,0,0,5989664
1144,3,2,6,19,6,0,1,6856858
2664,4,3,9,6,1,0,2,11795188
1918,5,3,9,15,2,1,0,10492439
2439,4,1,3,15,10,0,2,9698177
1752,2,1,1,5,3,1,0,7032598
2614,5,1,8,7,6,1,2,12324841
1759,4,4,1,12,10,1,2,9298405
510,1,1,5,7,10,0,1,4180955
1273,4,3,1,5,1,0,0,6965981
2583,4,1,1,0,0,0,0,9302806
725,2,1,3,5,0,0,1,4578172
701,1,1,7,12,1,1,0,4847443
563,1,1,8,17,2,1,1,4843517
2815,5,1,2,15,3,0,1,10572854
738,2,2,8,13,0,0,1,5762493
1306,2,2,1,7,5,0,0,5818792
1893,3,2,4,4,7,0,2,8873883
1931,3,2,2,13,9,1,2,8800114
2266,4,4,9,13,6,1,1,11640291
1541,3,3,2,8,2,1,0,7327203
555,1,1,8,8,3,1,1,4994278
899,1,1,4,16,2,0,0,4202159
2720,5,2,4,15,6,0,2,11503969
1356,4,2,5,10,0,0,1,7469770
2428,4,4,6,14,8,1,1,11117852
706,1,1,6,19,1,0,1,4251465
1598,3,3,4,19,3,0,1,7658339
2867,3,2,1,4,6,1,0,10195399
1810,5,3,6,16,0,0,2,9664770
2540,4,4,6,3,3,0,2,11926435
1414,4,2,4,15,0,1,1,7644236
2695,5,3,1,3,10,0,2,11496906
1501,4,3,5,3,8,1,0,8727788
1158,3,3,5,10,7,0,0,6843897
2338,3,1,8,1,1,0,1,9882215
2145,3,2,5,18,7,0,0,8711216
1454,2,1,9,4,6,0,2,7917770
2416,4,4,10,19,9,0,1,11711592
1731,2,2,10,12,0,1,1,8711910
910,1,1,9,18,2,0,0,5279500
1782,4,4,5,7,5,0,0,9165662
1817,3,1,7,6,1,1,2,9159908
1051,4,4,10,3,8,1,0,8867456
1809,5,4,9,13,3,1,1,10847468
2922,4,3,3,5,0,1,2,12211884
2848,5,2,6,10,8,0,0,11428672
1932,5,1,9,14,5,1,2,10685208
1506,3,3,5,19,1,0,2,7821328
1452,3,3,9,7,1,0,1,8549811
1170,3,2,9,6,4,0,1,7609428
1269,2,1,9,2,6,1,0,7461401
2511,4,1,2,0,3,1,0,9750096
2512,3,2,2,15,4,1,1,9787911
1571,2,2,10,2,8,1,2,9083309
573,1,1,1,2,3,0,0,3385733
1190,4,1,5,17,9,0,1,7049544
826,1,1,10,5,1,1,0,5805593
2409,4,2,5,9,3,1,2,10738747
1683,3,2,2,16,4,1,2,7928193
904,2,1,4,12,5,1,1,5511123
682,1,1,9,14,1,0,0,4767408
1418,2,1,7,11,6,0,2,7227382
2878,4,1,3,12,6,1,2,11312979
984,2,1,8,14,10,0,1,6211895
2043,4,4,5,17,6,1,2,10352213
1809,5,4,8,13,7,0,2,10669097
2576,3,1,8,10,0,1,2,10672950
1516,3,1,4,18,3,1,1,7331892
882,1,1,8,17,8,1,1,5667254
2329,3,3,9,11,4,1,0,10764278
1972,3,1,8,6,2,0,0,8599746
1860,5,4,9,18,2,0,0,10378829
1140,4,3,6,15,6,0,0,7295399
2701,3,2,1,14,9,0,2,10073445
541,2,1,4,20,1,1,1,4283646
1755,3,3,2,18,7,1,1,7944569
2736,4,4,8,3,1,1,0,12179119
2664,5,3,10,12,3,1,0,12420281
692,2,1,7,4,10,1,1,5776427
544,2,1,9,15,0,0,0,4665726
913,2,2,7,14,0,0,0,5604227
986,2,1,1,8,5,0,0,4665871
821,1,1,3,2,3,0,1,4429353
643,1,1,7,3,10,0,1,4912967
868,2,2,2,8,6,1,1,5438277
851,1,1,4,10,5,0,1,4705526
1735,4,1,6,20,6,1,0,8145207
1304,3,1,4,16,6,1,2,7063966
578,1,1,5,8,3,1,0,4347295
1798,4,1,2,18,1,1,1,7843271
1563,3,1,7,20,6,1,2,8275349
2465,4,1,4,8,1,1,1,9983033
1628,4,4,5,18,1,1,0,8665006
600,1,1,4,11,1,1,0,4099727
2050,3,3,3,19,4,1,1,8755553
1337,2,2,2,1,0,1,2,6947395
924,1,1,5,7,8,1,1,5550636
2998,5,1,10,5,10,0,1,12628656
2980,3,2,4,7,9,0,2,11226368
2101,3,2,10,7,2,1,1,10262060
990,1,1,5,18,1,0,0,4486574
608,2,1,4,17,1,0,0,3933092
974,2,2,10,2,7,1,1,7223575
2847,4,1,8,19,1,0,1,10972050
1111,2,1,6,18,1,0,0,5483131
837,2,1,6,13,2,1,0,5422361
1950,5,1,5,0,9,1,0,9591675
2328,5,4,2,13,8,0,2,10861712
2704,3,1,9,20,2,1,1,10847506
1159,2,2,4,12,2,1,0,6013717
2266,5,3,8,7,2,0,0,11124855
1065,3,1,7,6,7,0,1,6745194
821,1,1,5,3,4,1,0,5103766
2487,5,3,8,11,9,0,1,11616616
1659,4,1,8,13,4,0,1,8447824
514,2,2,10,9,10,0,1,5864187
1247,3,1,3,18,3,0,1,5996891
1600,4,2,5,11,1,1,1,8667893
2753,5,4,8,10,4,1,0,12834963
995,2,2,1,13,6,0,1,5218011
502,1,1,3,5,0,1,0,3749442
2337,4,1,5,19,4,1,0,9479218
1525,4,2,7,3,5,0,2,9034760
1473,2,2,7,17,2,0,2,7552032
2583,3,1,8,20,8,0,2,10490005
1247,2,1,10,4,5,0,2,7373090
2930,4,2,4,20,5,1,1,11413919
1366,2,1,8,18,2,0,0,6458153
593,1,1,3,15,9,0,1,3877552
2843,5,2,6,19,10,1,0,11681520
639,1,1,3,9,0,0,1,3843522
631,1,1,8,17,1,1,0,4721183
701,2,2,3,9,6,0,1,4976208
1162,4,1,9,10,1,1,0,7740951
1074,4,4,7,1,0,1,1,8445345
948,1,1,2,11,9,0,0,4314772
2551,5,4,4,15,2,1,2,11919713
587,1,1,6,19,9,1,1,4593649
1334,3,1,3,18,10,1,2,7189858
2246,5,4,2,10,4,0,2,10720162
1891,5,3,8,2,9,1,1,10996896
2534,3,1,8,2,9,0,2,10924809
692,1,1,4,7,6,0,1,4382821
968,2,1,4,8,0,1,0,5358914
2683,5,4,7,7,1,1,2,12670113
2409,3,2,2,2,5,1,0,9687069
974,1,1,10,8,9,0,0,5979178
2082,4,3,2,15,3,0,1,9076237
2232,4,1,5,7,1,0,1,9646537
595,1,1,10,17,0,0,0,4440268
2178,3,3,3,5,4,1,0,9182875
1922,4,3,2,16,9,0,2,9033464
2550,5,3,6,2,7,0,1,11598956
1476,3,3,9,1,10,0,1,8828382
1550,4,2,1,9,9,1,0,7659375
2991,3,1,1,13,9,1,1,10567890
882,1,1,4,2,6,1,0,5008936
2076,4,1,4,1,7,1,0,9226480
2853,5,1,7,8,0,0,0,11385885
951,1,1,8,19,6,1,0,5364819
1835,5,2,1,17,6,1,0,8604438
1684,4,3,6,11,8,0,2,9102451
2651,4,4,7,10,4,0,1,11967787
2589,3,1,7,16,8,0,0,9908200
2785,4,2,3,1,1,1,0,11044331
1392,2,2,9,3,7,1,0,7811750
1207,3,2,9,17,1,0,2,7657834
976,1,1,8,13,1,1,0,5595105
2342,5,3,5,4,4,1,1,11234022
579,1,1,3,11,9,1,1,4190597
878,1,1,5,9,5,1,1,5275121
1945,3,3,7,2,4,0,0,9452406
1583,2,1,6,9,10,1,1,7841337
2231,3,3,6,4,1,1,1,10079825
2370,5,2,10,1,7,1,1,12234890
2490,4,2,5,20,4,0,0,10106784
1485,2,2,8,18,9,1,0,7592527
1921,5,1,2,4,4,1,0,9001550
2292,5,2,7,7,5,0,2,11225290
2226,5,1,2,18,2,0,1,8929347
2213,4,2,4,19,10,0,1,9305001
2218,3,1,8,20,7,0,1,9265041
2568,3,1,3,13,1,0,1,9375618
1564,2,2,1,2,10,0,0,6534844
1043,4,1,1,5,5,0,0,5718258
2134,4,3,1,14,1,1,0,8905847
817,2,2,5,16,3,1,1,5544981
2775,4,3,4,3,8,1,2,12316370
1469,2,2,5,18,2,0,1,6657065
2904,4,3,6,16,7,0,1,11706307
1357,4,1,4,4,2,0,1,7370728
2761,5,1,8,0,1,0,0,11834541
1869,4,4,5,2,2,1,0,9579049
2731,5,2,4,9,0,0,1,11191234
796,2,2,6,20,5,1,1,5783090
2883,5,4,3,11,3,1,1,12514324
919,2,1,3,1,3,1,1,5648748
2464,5,3,2,20,7,1,1,10615424
1207,2,1,1,4,2,1,0,5473369
2343,3,2,7,9,3,0,2,10300407
1956,3,3,10,19,7,0,0,9239486
1797,2,1,8,0,9,0,2,8484957
2429,4,3,3,1,10,0,2,10941999
2542,5,2,2,1,1,0,2,11009936
626,2,2,1,1,5,0,0,4242005
1894,4,4,9,12,5,0,0,9840859
2946,4,2,8,20,2,0,1,11869965
2668,3,3,3,19,0,0,1,10112358
1242,3,2,9,17,8,0,1,7679191
2176,5,4,6,14,7,1,1,11072259
2842,4,2,9,18,1,1,1,11857212
798,1,1,6,7,4,1,1,5291798
769,1,1,1,16,4,1,0,3836697
1093,2,1,5,8,10,1,1,6358574
1737,4,3,9,11,10,1,2,10463897
1771,3,2,2,8,2,0,2,7858184
1075,4,1,5,4,6,0,1,6730091
1331,4,1,5,7,8,0,1,7433256
1653,4,4,2,4,3,1,1,8797124
1103,3,3,10,3,3,1,0,8183545
542,2,2,8,20,10,0,0,5101548
2387,5,1,4,19,9,0,1,9948973
2118,3,1,8,10,3,0,2,9302163
2884,3,3,3,16,10,0,2,11249956
1363,4,3,1,14,3,1,2,7779728
1818,4,1,6,1,6,0,1,8737127
854,2,2,3,14,8,1,1,5614262
2166,3,1,8,12,2,1,2,9728778
1442,4,1,5,8,5,1,1,7819410
1599,4,4,6,6,10,0,0,8925645
2076,5,2,4,17,4,1,1,9721224
513,1,1,3,4,1,1,0,3740107
1024,2,2,10,7,0,0,0,6746242
1122,4,2,3,1,2,1,0,7116215
2247,4,4,1,12,8,0,2,9996478
2763,3,2,7,14,4,0,2,11329813
529,2,2,4,10,4,1,0,4658027
2948,4,1,2,4,1,0,1,10620458
1273,2,1,3,10,3,1,2,6630619
2268,5,3,7,13,9,0,1,10761975
2447,5,3,7,9,4,0,0,11230233
1597,4,2,3,3,1,1,1,8511095
2522,3,1,6,11,5,0,0,9440542
2759,4,3,6,0,2,1,2,12169445
2004,3,2,9,6,6,0,1,9465406
2795,5,3,10,18,3,0,2,12991589
2789,5,4,7,16,9,0,0,11941927
1894,5,2,9,11,4,1,2,10527926
1786,2,1,7,3,4,0,1,8153338
1456,4,4,1,14,10,0,1,7985663
1070,2,1,6,1,2,1,0,6343270
2312,5,2,10,14,7,0,0,11261388
2580,4,1,6,19,0,1,1,10324145
1712,4,4,9,9,10,0,1,9806100
1758,3,1,5,0,10,1,1,8754867
1930,3,2,7,19,9,0,0,8631323
1317,3,3,10,1,10,0,1,8709544
1654,4,1,5,15,6,0,0,7555426
2883,4,4,10,3,4,0,1,13094561
2861,3,3,5,4,7,1,1,11879290
2370,4,1,7,10,3,1,1,10691694
2036,4,3,7,6,10,1,0,10233547
1468,3,1,2,3,6,1,2,7574123
1066,3,1,8,3,6,1,1,7319991
1171,3,2,4,8,3,0,1,6469264
1002,2,1,3,17,8,0,0,4989894
2841,5,1,5,2,0,0,0,11353877
686,1,1,5,14,4,0,1,4336473
2829,4,1,10,8,2,0,2,11772619
777,1,1,6,17,2,1,1,4981182
2584,3,3,8,1,9,0,1,11351466
1986,4,3,4,13,4,0,1,9107547
1768,4,4,1,5,6,0,2,8866953
1696,3,2,7,19,10,0,0,8048872
1213,4,4,3,4,3,0,2,8097422
2292,3,3,7,7,3,1,2,10640625
1444,4,4,6,1,8,0,2,9402048
583,1,1,7,19,8,0,0,4146008
1640,2,1,8,16,3,1,2,7951893
2050,5,3,10,9,1,1,1,11326049
1581,3,2,6,2,5,0,1,8203585
1182,3,3,1,13,0,0,0,5996303
1100,2,1,1,20,2,1,0,4900627
2473,5,2,5,13,5,1,0,10566903
1103,2,1,3,3,2,0,1,5646835
1338,3,3,4,5,2,0,0,7104383
1423,3,2,3,8,1,1,0,7085775
2778,5,1,5,17,9,1,2,12024676
1183,4,2,4,6,2,0,1,7082531
2118,3,3,10,18,7,0,0,9862299
884,2,1,3,3,3,0,1,5223230
1802,5,2,2,8,5,1,1,8949885
1037,2,2,1,1,4,1,1,5923355
1177,2,2,10,14,3,0,0,6846930
2609,4,1,9,6,7,1,0,11155054
706,1,1,1,20,8,0,0,3347514
2362,4,2,7,12,7,1,2,10974063
2625,4,4,2,10,7,0,0,10443486
1410,4,2,8,18,0,0,0,7787280
2925,4,1,6,13,9,1,2,12148105
2055,3,3,3,14,8,0,0,8676207
679,2,2,3,8,8,0,1,4835542
1573,4,2,8,10,6,0,1,8860139
2329,3,1,2,15,0,0,0,8202480
1852,4,4,8,14,4,1,0,9919087
676,2,2,5,9,4,0,1,5263009
2132,4,4,9,16,0,0,0,10497069
1672,4,2,4,0,0,0,0,8052548
2684,4,1,6,10,10,0,0,10683751
1295,2,1,9,0,3,1,1,7491159
1521,3,3,4,3,2,1,2,8246443
1608,4,1,10,17,7,1,2,9521936
2818,4,2,3,5,10,0,1,11092149
2918,3,3,4,18,8,1,0,11280392
885,1,1,3,0,4,1,1,5129800
1304,2,1,9,2,6,0,2,7645691
2733,4,4,1,14,10,1,2,11553727
2702,5,4,5,8,4,0,0,11761618
835,1,1,6,8,10,0,1,5205414
1217,3,2,8,7,0,0,2,7730061
2652,4,2,6,16,4,0,0,10289880
1160,4,4,3,15,5,0,0,7140228
1188,3,3,3,7,1,0,1,6647365
777,2,2,4,17,2,1,1,5293639
1996,5,4,3,14,7,1,0,10031801
2584,5,3,7,0,5,0,2,12496537
2114,5,3,8,9,0,1,2,11137484
2687,4,4,2,13,4,1,0,10996258
2813,3,2,8,6,6,0,1,11243931
2945,3,3,2,2,0,0,0,10618506
2428,5,2,2,16,2,1,0,10025457
1524,2,2,1,6,2,0,1,6343754
2610,3,3,4,7,9,0,0,10271012
1557,4,3,6,8,10,1,2,9637192
1659,3,1,8,16,7,0,1,8008627
2293,5,4,2,14,4,0,1,10532565
2785,4,4,10,18,4,0,0,12243834
2039,3,1,8,13,9,0,0,8862566
849,1,1,10,6,0,1,1,6056836
2958,3,1,9,2,2,0,0,11595607
1389,3,3,9,3,5,1,1,8665446
1208,3,1,3,10,1,0,0,5810520
1034,4,3,5,7,7,0,0,7217338
2548,4,1,2,5,5,0,0,9356469
1505,2,1,10,2,8,0,2,8370199
982,1,1,8,19,6,1,1,5941640
2410,5,2,1,6,1,1,0,10087558
1591,2,1,8,11,1,0,1,7427027
2691,4,1,5,20,1,1,1,10616928
908,2,2,2,19,2,0,1,4983832
2247,4,2,9,10,1,1,0,10470996
2151,5,3,6,20,9,0,2,10485841
906,1,1,6,5,8,1,1,5584155
1891,4,3,1,4,2,1,2,9102477
981,1,1,8,5,5,1,1,6198915
2835,4,3,1,7,10,0,1,11051148
2735,3,2,5,13,7,1,0,10474808
2036,4,4,9,6,9,0,1,10733561
829,2,1,9,0,6,1,0,6279422
2477,5,3,1,19,9,0,1,10125109
1057,2,1,8,12,4,0,0,5946906
1670,4,3,5,8,0,0,2,8720860
1983,4,3,1,10,8,1,2,9345164
1611,4,2,3,17,3,1,2,8265510
1047,2,1,6,2,1,1,1,6488198
2593,5,4,4,13,9,0,2,11931927
1934,5,3,7,1,7,0,2,10940055
1576,2,2,2,15,5,0,0,6372435
2228,3,1,9,8,5,1,0,10102056
812,2,2,10,12,1,0,1,6172686
2660,5,4,6,10,8,1,0,12450775
2918,5,4,9,16,1,1,2,13493500
676,2,2,2,3,9,1,1,5270054
2444,3,1,2,15,10,1,2,9727669
1701,3,2,5,15,10,1,0,8115319
2633,5,3,6,17,8,0,1,11597518
2028,4,3,4,5,7,1,1,9729662
790,2,2,6,4,7,1,0,6023020
1910,4,2,7,12,9,0,2,9454754
2005,3,2,10,4,0,0,2,9875198
2130,3,1,7,8,6,0,1,9441230
2145,5,3,10,6,2,0,1,11155053
2706,3,3,9,6,3,0,2,11547068
2881,3,3,3,11,4,1,2,11485106
2554,5,2,1,12,6,1,1,10454510
2547,5,4,2,1,9,0,0,10929072
2699,3,1,1,0,3,0,2,9842148
2176,3,2,9,0,8,1,1,10490947
2877,3,2,3,15,7,1,1,10526829
2994,4,2,6,1,1,0,0,11848157
2850,3,2,4,11,3,1,1,11175518
1140,3,1,10,14,6,1,0,7290504
1682,2,1,4,16,0,0,2,6897476
2443,5,1,2,14,7,1,1,10145294
2708,3,2,9,12,4,0,1,11254501
539,2,1,2,4,3,0,0,3896901
1426,3,3,8,12,2,0,1,8025890
622,1,1,6,3,4,0,1,4547270
2172,5,4,9,18,8,0,0,11093227
2359,5,2,3,14,8,1,0,10076996
2653,4,4,4,11,5,1,2,11885269
568,1,1,2,19,10,0,1,3572433
2925,5,3,3,10,3,1,2,12301604
530,1,1,6,8,9,1,0,4440454
1687,3,2,10,18,1,1,1,8815778
788,1,1,1,20,3,1,0,3770846
798,1,1,1,9,2,0,0,3753918
906,1,1,5,13,8,1,1,5260628
831,1,1,9,9,8,1,1,5879883
1921,5,3,7,16,6,0,0,9606940
725,2,2,5,3,7,0,0,5199965
2067,4,2,10,4,9,0,2,10983982
2185,5,1,8,0,6,1,2,11243184
2517,3,3,4,10,8,0,2,10530212
2858,5,3,2,14,5,0,0,11035080
2478,3,1,5,16,3,0,2,9889416
2100,3,2,4,5,5,1,0,9080912
2384,5,3,4,17,3,0,2,10912934
1160,2,2,1,13,3,1,0,5551610
1060,2,1,2,8,6,1,1,5649123
622,1,1,10,10,4,0,1,5192975
752,1,1,2,1,1,0,1,4218029
1386,2,1,6,1,9,0,2,7338349
1488,3,1,10,13,0,0,2,8208093
2469,4,3,9,12,5,1,2,12022319
1136,2,2,3,14,7,1,1,6181358
2000,5,4,5,9,2,0,1,10221778
594,1,1,3,11,2,1,1,4052177
1644,2,1,3,2,6,1,0,7175956
1955,3,1,9,3,4,1,0,9425257
1243,4,1,4,10,7,1,1,7373202
992,1,1,1,9,9,0,1,4608961
1373,3,1,4,2,7,1,2,7583363
1393,4,4,4,20,4,1,1,8325247
1391,2,2,6,17,5,0,1,6999751
2265,4,3,7,19,9,0,1,10487412
2770,5,4,4,20,0,0,2,11813049
2589,4,1,5,20,4,0,2,10325985
1316,3,3,8,13,1,0,1,7725580
1797,3,1,2,11,5,1,0,7351043
1724,4,1,9,16,6,1,0,8772355
2772,5,1,2,15,1,1,0,10611751
532,1,1,7,16,3,0,1,4266201
1190,4,3,3,1,6,0,1,7522924
783,1,1,10,15,6,0,1,5390295
1866,3,2,9,4,1,1,2,9797616
2883,5,1,3,7,2,1,2,11502665
2440,3,1,6,14,5,0,0,9566160
1483,2,1,5,16,9,0,1,6703800
1529,2,1,8,4,1,0,2,7794171
2118,3,1,2,16,6,1,0,8255447
2819,5,4,9,6,5,0,2,13190447
1709,3,3,4,3,8,0,0,8390222
1108,3,2,8,0,9,1,0,7531151
923,1,1,1,10,4,0,1,4329767
2186,4,4,2,20,8,1,2,9968454
2905,4,2,7,17,1,0,0,11117197
1864,3,3,5,17,10,0,1,8842411
592,2,2,6,16,4,1,1,5182638
1041,2,2,8,12,10,0,0,6259292
722,2,2,8,4,5,0,1,5974751
1662,3,2,6,3,9,0,1,8393567
1717,4,2,2,0,8,0,0,8046814
1633,3,1,8,3,0,1,0,8214482
1916,4,2,4,14,3,1,0,8876208
2816,4,2,5,16,6,0,0,10625369
1861,3,2,1,5,2,1,1,8024576
2120,5,1,4,7,8,1,1,10169849
1399,3,1,6,16,7,1,2,7648959
1166,2,1,3,1,0,1,0,5902654
1379,4,3,3,1,3,0,2,8232246
2460,5,2,9,9,5,0,1,11717394
722,1,1,6,13,3,0,1,4534872
2817,4,2,7,10,8,1,2,12295845
1745,4,1,10,18,7,1,2,9476607
1400,4,3,5,10,5,0,2,8193977
2096,4,4,4,15,5,1,0,9870900
863,2,1,7,13,6,0,0,5440166
1256,4,1,10,2,1,1,1,8587718
2052,5,2,5,19,7,1,0,9849362
1561,4,1,2,8,0,1,1,7660785
2523,4,3,2,5,6,1,2,11067413
1620,4,1,8,11,3,1,0,8449461
1516,3,2,7,5,9,0,0,7869703
2960,4,4,6,3,5,0,0,12359369
1375,2,2,8,12,0,1,2,7761530
2172,5,3,7,2,2,1,2,11711062
1394,2,2,5,3,4,1,1,7480715
2074,5,2,9,18,2,1,2,10715070
913,2,1,8,6,5,0,0,5811787
1420,2,1,7,16,6,1,2,7379851
1579,3,3,7,16,7,0,0,7874047
759,1,1,7,19,4,1,0,4845813
1086,3,3,8,2,8,1,0,7879628
1904,3,3,10,17,10,1,1,10271788
585,2,2,2,18,1,1,1,4473765
997,1,1,5,5,6,0,1,5219697
2318,4,1,5,11,1,0,0,9324307
1847,5,2,8,0,8,0,0,10043505
1915,4,3,4,2,8,0,0,8950408
2885,3,2,7,1,1,0,2,11707696
1563,4,4,3,12,3,0,2,8495506
2597,3,1,9,13,6,1,0,10554234
1029,4,3,8,19,0,0,1,7302890
688,2,2,3,20,8,0,0,4468542
2828,5,3,9,16,7,1,2,13289522
2702,5,4,5,16,4,0,0,11292846
1474,3,3,7,1,5,0,1,8205442
2105,3,2,3,7,5,0,1,8641626
1359,3,1,2,7,8,1,0,6715531
2422,3,2,3,19,8,1,1,9739872
1738,4,4,1,1,9,1,1,9110871
1593,3,3,10,8,8,0,2,9546690
1943,4,1,2,13,6,1,2,8982080
2194,4,4,9,19,5,0,2,10835378
2345,4,2,10,6,0,0,2,11116935
810,1,1,7,0,3,1,0,5414603
2295,5,3,3,6,6,0,1,10571548
535,1,1,2,14,1,1,1,3675999
2730,3,2,5,12,1,0,0,10001090
2194,4,3,6,12,5,1,1,10324579
2078,5,2,7,6,8,0,0,10358483
1085,4,2,3,6,0,1,0,6608055
1445,3,3,10,17,2,0,1,8452873
2326,5,2,8,1,1,0,0,10709795
2332,5,2,8,20,7,1,2,11130408
1232,4,2,10,19,2,0,0,7564766
1356,3,1,5,10,7,1,2,7392585
2762,4,1,8,9,9,0,0,11437950
2973,3,3,3,6,6,1,2,11664599
1481,4,2,7,17,3,0,0,7883595
578,1,1,9,6,3,1,1,5347483
1313,4,4,2,9,0,1,1,7954503
813,2,2,7,2,10,1,0,6262804
806,1,1,10,19,4,0,0,5023596
1466,2,2,9,18,5,0,2,7871820
671,1,1,9,19,8,0,0,4700878
1440,2,1,8,9,7,0,0,6901787
1765,3,1,1,16,8,0,1,7209095
1603,3,1,6,7,7,1,0,7834736
1729,2,2,9,10,8,1,1,8929292
677,1,1,10,4,8,0,0,5157512
769,2,2,2,19,1,0,1,4537417
2927,4,2,4,9,1,0,2,11586399
1124,3,1,6,1,5,1,0,6742244
2042,3,2,9,9,4,0,2,9830317
2417,4,4,2,15,6,1,2,10616987
2208,3,3,1,9,2,1,1,9288351
2736,5,1,1,2,4,0,0,10461453
2659,5,2,6,18,10,0,0,10860109
1911,3,1,8,13,8,0,1,8975709
1810,3,3,9,0,0,1,2,10270022
600,2,2,7,18,0,1,0,5101526
2903,5,3,2,15,0,1,0,11628160
1658,3,1,1,16,7,1,1,7338174
2083,3,1,3,16,4,1,0,8129179
1286,3,3,1,5,10,0,0,6547028
2452,3,1,3,7,3,1,2,9647657
1854,3,2,3,14,4,0,2,8317095
2015,4,1,9,16,3,0,2,9971976
646,2,1,7,3,4,0,1,5375046
1400,4,3,10,3,10,0,1,9435731
1791,3,3,5,20,6,1,2,8828770
1444,2,2,1,6,0,1,2,6940560
2551,3,2,9,11,3,1,0,11034652
2260,3,3,3,11,8,0,2,9759076
2945,4,1,10,20,4,0,1,12074910
1475,2,1,3,19,3,1,2,6851101
1945,4,4,9,10,10,0,0,10489356
539,1,1,4,17,4,1,0,3779112
2013,3,1,3,8,6,1,0,8340400
2014,5,1,5,13,1,0,0,8810369
1586,2,2,10,16,3,1,0,7930368
2321,3,3,7,20,0,0,2,9844103
1402,2,2,4,9,9,1,0,6822145
2007,4,2,4,19,7,1,0,8807842
1840,3,3,7,3,2,0,1,9379395
692,1,1,6,18,3,1,1,4799876
842,1,1,1,20,0,0,0,3461262
1595,2,2,6,20,7,1,0,7587338
1918,3,3,9,1,2,1,1,9937259
1735,4,2,9,16,4,0,1,9235363
1640,3,2,8,20,9,0,1,8360180
2204,5,2,10,4,0,1,1,11627606
2002,5,4,1,8,5,0,2,9977994
545,2,1,5,19,4,0,1,4369557
2803,5,2,7,16,7,1,1,12041529
2517,3,1,5,20,0,0,2,9361145
582,1,1,1,7,9,0,0,3311993
1727,2,2,6,11,9,1,2,8649537
1189,2,2,4,8,8,1,1,6584934
743,2,1,5,8,10,1,1,5641785
586,1,1,9,4,8,0,1,5018793
2372,5,1,10,10,10,0,1,11137940
1087,3,1,5,12,3,1,1,6466574
2687,4,4,9,13,3,1,0,11896568
1183,2,1,3,4,7,0,1,5936553
1479,2,2,5,0,2,1,1,7539888
1825,5,2,5,11,8,0,0,8935307
1515,2,1,9,3,8,1,2,8338007
2696,5,1,6,2,4,0,2,11659839
1220,3,1,8,20,4,0,2,7144055
1647,3,1,9,20,1,0,0,7668846
656,2,1,2,9,6,0,0,4001881
1567,3,1,4,15,0,0,1,6943475
2100,3,2,9,3,4,0,2,10060761
2361,5,1,9,1,7,1,2,11620396
1272,4,4,7,11,2,1,2,8761315
1560,2,1,9,5,7,1,1,8278763
1627,3,2,6,18,10,0,1,7792287
2258,3,1,8,7,6,1,0,9772131
1444,3,1,3,3,4,1,0,6873480
745,1,1,9,6,0,1,0,5430729
2708,4,2,3,7,1,0,0,10239603
1809,4,3,8,8,10,1,2,10225922
2111,4,2,6,4,1,1,0,9831369
1720,2,1,9,18,7,1,0,8070202
2896,3,2,10,12,4,1,2,12620260
1990,3,3,6,12,2,0,2,9273976
1112,4,4,3,13,7,0,0,7210494
2456,3,1,4,13,1,0,1,9162536
1396,2,1,2,20,7,1,1,6213144
774,2,2,8,15,2,0,1,5677287
1416,3,3,7,18,7,0,2,8107046
2384,4,2,5,7,9,1,2,11143052
2142,3,1,1,14,9,0,0,7927657
2775,5,1,8,16,7,0,2,12000894
2215,3,3,3,2,1,1,2,10128526
923,2,1,7,20,9,1,1,5916161
979,1,1,10,14,3,1,1,6311983
2187,5,3,1,1,9,1,1,10439325
1569,3,3,10,5,9,0,2,9367899
906,2,2,3,19,0,1,0,5107087
2710,4,2,7,15,7,1,0,11383868
2079,3,2,3,15,3,1,0,8324237
2354,4,3,1,8,0,1,0,9780916
2590,3,3,10,1,1,0,1,11410846
1111,4,2,1,20,7,0,1,6166268
2878,5,4,2,16,2,1,1,12090590
2196,4,3,1,5,8,0,0,9405416
2797,3,1,3,5,10,1,1,10808978
2274,3,3,7,10,1,1,2,10766100
2800,4,4,7,5,6,1,1,12803123
1723,2,1,4,18,2,0,2,7237505
1585,2,1,3,12,9,0,1,6687160
1543,4,3,8,14,4,0,1,8714835
1790,4,3,1,14,0,1,1,8412718
696,1,1,5,12,5,0,1,4386458
2933,4,4,2,16,9,0,2,11682823
2714,3,2,4,3,0,0,0,10319676
2830,4,4,7,12,10,0,0,11809318
556,1,1,7,9,2,0,0,4093621
1907,4,2,3,0,9,1,0,8939601
1564,3,3,7,5,10,0,0,8489602
594,1,1,5,20,0,1,0,3843108
1274,4,4,6,8,5,0,1,8393456
899,2,2,6,13,9,0,1,5829663
2965,4,1,10,20,2,1,0,11922693
2474,4,4,3,1,10,0,2,11426269
1674,4,2,1,12,1,1,0,7792186
2589,5,3,9,18,9,1,1,12073792
2887,3,2,10,18,8,0,2,11968252
1413,3,1,1,8,4,0,1,6242555
928,1,1,5,13,8,0,1,5054777
2661,4,3,9,0,3,0,0,11866493
2386,4,1,6,6,10,1,1,10381467
2576,5,3,4,8,2,1,2,12017984
1441,4,4,8,6,3,0,0,8714337
870,2,1,3,20,6,1,1,4982323
532,2,1,4,4,0,0,1,4317301
2036,3,3,4,7,4,1,2,9422865
1438,3,1,2,2,4,1,2,7281207
2419,4,4,4,5,5,0,2,11096202
946,2,2,2,14,3,0,0,4801949
1112,2,2,10,4,4,1,1,7754494
2394,4,1,4,10,10,0,2,9832798
1860,4,3,2,14,2,1,0,8475838
2101,5,4,6,8,1,0,0,10337036
522,1,1,1,17,10,0,0,3024843
1327,2,1,3,2,3,0,1,6054270
1818,5,1,4,20,8,1,0,8681565
1723,2,1,7,4,8,1,0,8154430
1872,3,1,10,11,1,1,2,9630654
1097,4,3,6,17,6,1,0,7345332
662,1,1,9,13,3,1,1,5392461
1981,5,4,2,4,8,0,1,9967021
1927,4,2,2,3,0,1,0,8477548
950,2,2,7,15,8,1,1,6547233
1364,3,1,2,4,9,0,2,6921173
2628,3,1,5,5,3,1,2,10487177
2347,5,4,6,11,4,1,0,11511295
1825,4,3,9,16,5,0,1,9710669
1753,2,2,9,16,8,1,2,9040260
2731,4,3,1,12,0,0,1,10425825
643,2,2,1,11,10,0,0,4298100
2656,5,1,3,0,7,1,1,11067435
2683,5,1,6,7,0,0,2,11234915
1330,3,2,8,1,5,0,2,8179212
1059,3,1,9,9,1,0,1,6891770
925,1,1,6,7,3,0,1,5205216
2796,5,3,1,9,1,1,0,11182691
1226,2,1,3,3,1,1,1,6279570
1769,4,3,1,4,10,1,1,8963529
574,1,1,9,2,0,1,0,4983698
2474,4,4,4,0,9,1,0,11348047
2112,3,2,4,15,2,0,1,8464414
1229,4,3,1,9,4,0,0,6590020
2322,5,3,7,20,3,1,0,10853225
1621,3,2,1,2,2,0,1,7175457
1153,4,4,9,13,6,1,1,8744010
1702,3,3,9,6,6,0,0,9072839
1117,2,2,9,3,6,1,0,7076007
2885,5,1,9,15,0,0,1,11897429
2610,4,1,3,15,3,0,1,10001415
2390,5,2,2,9,6,1,0,10136090
618,1,1,3,8,10,0,1,4141274
2268,5,3,8,15,3,0,0,10728948
1547,4,2,10,5,10,0,0,8916022
1752,2,2,2,16,6,1,1,7236879
2122,5,2,8,8,5,0,1,10674679
2165,5,3,9,5,6,0,1,11374058
888,1,1,4,20,8,0,0,4358159
2795,3,1,6,12,2,0,2,10657243
2446,4,1,5,9,0,1,0,9878628
1682,2,2,6,12,2,1,0,7859892
724,2,2,5,7,0,0,1,5124039
2396,4,4,1,11,3,0,0,9787189
2468,5,2,8,9,7,1,1,11935666
2970,3,2,8,15,2,1,2,11848050
1552,2,2,9,9,1,0,2,8212854
2188,3,1,9,4,6,0,0,9465720
2888,5,4,8,19,9,1,2,13750441
2568,3,3,5,1,6,0,0,10619245
1921,4,1,1,9,0,1,1,8403125
1268,2,2,9,12,8,1,2,7743749
2050,3,2,8,2,6,1,1,10067892
2693,5,4,6,2,2,0,1,12098018
1953,3,3,1,15,8,1,1,8527068
2480,3,1,7,18,6,0,0,9746040
1118,4,2,4,12,2,1,0,6868693
1499,4,1,4,15,8,1,1,7916928
1326,3,2,4,11,10,0,0,6857572
578,2,2,9,18,6,0,1,5549679
1990,3,2,1,10,0,0,1,8035522
859,1,1,7,13,0,1,0,5116645
2829,3,3,5,6,9,0,1,11543095
2594,3,1,3,11,7,0,0,9134288
2186,5,4,7,1,2,0,2,11698766
883,2,2,6,13,10,0,1,5889452
1998,4,2,7,2,1,1,0,9808425
1411,3,2,5,9,9,0,1,7473796
1654,2,1,4,9,10,0,1,7323160
2407,5,3,6,12,6,0,0,11001980
1934,4,1,7,0,9,1,1,9910991
2015,4,4,7,13,0,0,1,10237755
1145,4,4,2,9,10,1,0,7302304
1697,4,1,3,14,9,1,2,8527507
1048,3,1,1,3,9,1,1,6063282
2027,3,1,8,9,5,1,1,9481220
2736,5,3,4,17,6,1,1,11962855
2783,3,3,7,16,4,0,1,11068946
2857,4,3,8,6,8,0,1,12378732
2351,5,4,3,16,1,1,1,10631492
587,1,1,3,15,6,0,0,3455440
1663,4,4,4,18,7,1,2,9269405
2070,4,4,5,15,1,0,2,10235715
1959,3,2,1,18,6,0,2,8061423
2307,5,3,2,2,7,1,1,11014498
1659,3,1,7,1,2,0,0,7951562
2068,3,2,10,13,9,1,1,10040883
2363,5,2,4,5,2,1,0,10766023
1316,2,2,9,5,4,0,1,7534007
792,1,1,1,13,7,1,0,4015101
993,2,2,10,2,10,1,1,7597604
560,1,1,10,17,3,1,1,5090676
2064,4,4,1,15,10,0,1,9046659
2267,5,4,6,5,8,1,0,11139439
1566,3,2,8,20,8,1,2,8856123
1874,5,2,3,4,2,0,0,8956581
1919,5,4,8,9,10,0,1,10647891
730,1,1,4,9,2,0,1,4404332
2750,4,2,2,15,0,1,2,10796567
2650,4,1,9,3,7,1,0,11313454
2276,4,1,3,7,0,1,1,9620991
2578,3,2,6,19,9,0,2,10594402
893,2,2,6,17,10,0,0,5526541
2169,5,2,3,4,0,1,0,9936601
1070,2,1,1,11,0,1,0,5048687
1565,3,3,4,9,8,0,2,8105090
525,1,1,8,9,0,1,1,4927644
1772,3,2,2,14,5,1,1,8075833
865,2,1,2,7,2,0,0,4538190
540,1,1,7,2,0,0,0,4320464
2105,4,1,9,14,2,1,2,10309605
638,2,1,2,19,3,0,0,3710154
1608,3,3,9,2,6,1,0,9225545
837,1,1,5,4,0,0,1,4829408
1932,3,2,4,3,1,1,1,8790852
2183,4,2,3,8,1,0,2,9451725
1873,5,1,4,16,4,0,0,8294176
2822,4,2,3,5,4,0,2,11397802
1543,3,1,7,13,1,1,2,8216076
1024,2,1,10,15,6,1,1,6684287
1270,4,2,6,10,9,0,1,7644217
804,1,1,3,8,5,1,0,4557502
815,1,1,9,20,0,1,0,5255662
2350,5,1,9,15,1,0,1,10562181
2622,5,3,8,6,2,1,0,12379223
1966,4,1,4,13,5,1,2,9044510
2458,3,2,3,15,10,0,2,9520992
1572,4,4,10,19,8,0,0,9404027
1087,2,1,8,1,2,1,0,6585023
878,2,2,3,15,0,0,0,4827226
824,1,1,7,5,1,0,0,4768652
1345,2,1,10,2,4,0,2,7631038
2864,3,3,5,2,5,0,0,11196999
2614,5,2,4,1,7,0,0,10845386
2395,3,3,9,16,7,0,2,10865999
2389,3,1,1,9,2,0,2,8874837
2134,5,1,10,0,0,1,2,11456519
2248,4,2,8,14,0,1,2,10887069
1111,3,1,10,19,1,0,1,7037978
778,1,1,8,20,10,1,1,5417248
1872,5,1,10,11,4,1,0,10103501
1340,3,2,1,5,5,1,1,7089914
538,1,1,8,3,0,1,1,5015068
1496,2,2,10,20,9,1,1,8286965
2125,5,1,9,14,10,0,1,10290215
2531,4,3,4,16,8,0,2,10767386
2281,5,2,6,6,2,1,1,10917510
958,1,1,7,4,1,1,1,5916148
1667,3,3,4,2,6,0,2,8504359
800,2,2,10,3,9,0,1,6470110
1609,3,2,2,19,6,1,2,7839900
1477,4,1,7,13,1,0,0,7596736
1612,4,3,3,10,2,1,1,8654853
2400,3,3,4,1,6,1,1,10670565
2875,3,3,8,11,3,1,2,12334204
2793,3,1,5,6,5,1,0,10438420
1427,2,2,10,11,4,0,0,7453427
1629,3,3,4,11,5,0,1,8026333
2759,5,2,8,15,7,0,0,11599180
2804,4,1,9,16,8,1,0,11579520
955,2,2,6,13,4,1,1,6320026
2953,3,3,5,0,3,1,1,11872052
2948,4,3,6,8,4,0,1,11941007
2933,5,3,3,10,3,0,2,11866651
2883,3,1,9,0,1,0,2,11812927
2715,4,2,2,20,3,0,2,10101068
1173,2,1,6,13,10,1,1,6748028
1173,4,2,9,13,10,0,1,8103782
812,2,1,10,3,3,1,1,6704678
2192,5,3,9,1,5,0,2,11816333
690,2,2,8,7,5,0,0,5631263
2599,5,3,10,14,4,0,1,12019233
1175,4,3,6,13,3,0,1,7564899
520,1,1,6,4,1,1,0,4461767
932,1,1,9,18,1,0,0,5262814
1821,3,1,3,14,1,0,1,7635250
2633,3,2,8,20,9,1,2,11031029
1863,4,2,4,6,0,1,1,9075871
2344,4,3,5,6,4,1,1,10681235
1137,4,3,5,12,3,1,0,7359993
540,1,1,1,8,7,0,1,3479922
1120,2,2,3,11,3,0,0,5641000
2655,5,1,10,9,0,0,0,11261180
2907,4,2,1,15,10,0,2,10929090
1696,2,2,7,11,6,1,2,8442643
681,2,1,5,7,10,1,0,5227882
2367,5,3,2,8,3,1,0,10603307
1939,5,3,7,5,2,0,2,10507178
1730,3,2,7,1,0,1,1,9063137
2864,3,3,2,20,2,1,0,10438880
2029,5,1,6,3,4,0,2,10168067
2018,5,3,1,1,4,1,1,9816061
2761,4,4,10,11,4,1,2,13336332
2047,5,4,8,11,5,1,0,10815995
1694,2,1,2,10,2,0,2,6761567
1703,2,1,6,0,7,1,0,7929125
1607,2,1,2,4,1,1,0,6784487
672,2,1,5,5,2,0,0,4590754
846,2,2,8,16,7,0,1,5878605
1480,3,1,4,1,7,0,1,7319446
1368,3,3,2,16,7,1,1,7296501
2605,5,3,4,11,2,1,2,11640564
1511,3,2,10,18,5,0,1,8206039
1694,2,2,1,9,3,1,0,7081004
1463,2,2,9,12,0,1,1,7990815
1722,3,3,3,11,0,1,2,8366979
2535,4,4,10,1,1,1,1,12769343
2667,5,1,7,6,9,1,2,12007334
1612,3,1,6,20,2,1,1,7647652
688,2,2,7,16,0,1,1,5624773
1781,2,2,2,16,3,1,1,7594276
1246,3,2,6,8,10,1,2,7743335
1630,2,2,1,7,10,0,1,6943226
2059,5,2,5,1,2,0,0,9487691
1916,4,1,5,12,0,1,1,8759393
1754,4,2,1,19,6,1,1,8230654
1308,3,3,2,13,6,0,1,6906921
2519,4,2,10,1,4,1,1,12002632
1286,3,1,4,6,1,0,0,6394099
804,1,1,2,1,3,1,1,4617184
2745,3,1,8,15,8,0,2,11108250
2760,4,1,7,12,6,1,0,11364530
862,2,2,1,19,8,0,0,4563012
770,1,1,3,9,9,0,0,4209324
1603,2,2,5,6,9,0,1,7525481
2616,5,3,8,7,8,1,0,12300050
1379,3,1,6,16,0,0,1,6982821
2010,5,3,10,13,2,0,0,10343863
1420,2,1,1,3,9,0,1,6236388
2132,3,1,8,7,8,1,1,9925024
1988,4,1,6,3,10,0,2,9834308
2410,5,4,2,9,2,1,1,10819860
1752,2,2,8,15,0,1,2,8735021
867,1,1,9,1,0,0,1,5787481
922,1,1,10,15,4,1,1,6016547
2023,3,2,6,6,1,1,1,9479130
787,1,1,4,14,2,1,1,4622477
1417,2,2,4,8,3,1,2,7365376
803,1,1,1,0,2,1,0,4155493
795,1,1,8,12,0,1,1,5530446
1044,3,3,10,11,7,1,1,7974372
897,1,1,9,9,2,0,1,5730135
1218,3,2,3,2,9,1,0,6993487
1676,3,3,10,2,3,1,1,9508648
787,2,2,10,16,10,0,0,6003725
1464,4,2,8,19,4,0,1,8167052
1909,3,3,8,7,3,0,0,9219031
2635,4,1,4,16,2,1,0,10352164
2739,4,2,8,1,4,1,2,12440547
1637,3,2,7,6,10,1,1,8733128
1554,4,4,6,18,1,0,0,8209812
788,2,1,3,2,10,0,1,5178559
2895,4,1,3,6,6,1,1,10926813
2763,3,1,3,7,5,0,0,9647301
2898,4,2,3,10,4,1,1,11316604
1356,2,2,7,17,10,0,0,6948347
854,1,1,5,15,0,1,0,4570976
905,2,1,5,5,3,1,1,5804020
1629,4,3,5,11,10,0,1,8848010
1449,4,2,1,2,6,1,2,8201457
2579,4,4,6,14,8,0,1,11504139
801,2,2,6,10,10,0,1,5650309
2784,4,3,3,2,3,1,0,11517243
2466,3,2,8,5,2,0,2,10981766
1663,3,1,2,18,6,1,0,7010456
1690,2,1,6,8,0,0,2,7569243
1420,4,1,10,8,2,0,1,8517696
2129,5,1,10,18,0,1,2,10882370
2923,4,3,10,2,3,0,0,12575305
2546,3,3,9,14,8,0,1,11051403
1568,4,1,7,15,1,1,1,8345390
701,2,2,8,17,8,1,0,5813918
2754,3,1,4,17,5,0,2,10187684
2417,5,3,1,2,5,1,2,10825501
2006,3,2,9,18,8,1,0,9297409
2765,5,1,2,12,10,1,2,11340286
1613,4,1,9,10,1,1,2,9398399
2184,4,3,8,3,6,1,1,10793612
1286,2,1,5,5,10,1,2,7052681
2067,5,3,8,3,3,1,1,10884244
935,2,2,6,2,10,0,0,6093979
754,1,1,9,14,8,0,0,4954912
972,2,2,7,1,4,0,1,6537942
1253,4,4,3,18,2,0,1,7501007
2825,5,3,4,14,6,0,0,11654551
2815,5,3,4,5,7,0,1,12106042
664,2,2,8,11,4,0,1,5731458
2538,3,1,4,14,5,0,1,9616769
2033,5,1,9,16,3,0,2,10173421
1068,4,3,9,3,7,0,1,8415627
2219,4,2,10,9,2,1,2,11267862
845,1,1,4,14,9,0,0,4322580
2332,3,1,3,16,8,0,0,8620415
2804,4,1,9,14,7,0,0,11170877
1188,4,3,3,8,4,0,0,6831951
1017,4,2,3,3,0,0,1,6546541
1581,2,1,10,5,5,1,0,8143142
2913,5,2,2,16,1,0,0,10975807
1270,2,2,2,9,8,0,0,6010200
1758,3,1,9,4,7,1,2,9596962
2730,5,4,9,11,8,0,2,13347045
1647,4,3,7,20,7,1,2,9617147
1199,2,1,9,12,4,0,1,6581717
2169,4,4,2,15,4,0,1,9474684
2729,5,3,1,13,6,0,0,10581438
604,1,1,7,1,1,0,1,4757603
969,1,1,7,1,7,1,0,5905670
594,2,1,7,5,1,1,1,5377245
576,1,1,7,6,1,1,0,4687881
2922,3,2,5,6,2,1,2,11846880
1716,2,2,7,16,6,1,0,8157652
2113,5,1,8,5,4,1,0,10543955
1354,2,2,1,13,0,1,1,6170259
570,1,1,5,9,5,1,0,4284381
812,2,2,4,9,2,0,1,5150616
874,1,1,1,14,10,0,0,4019040
2058,4,2,10,0,7,0,0,10323284
1408,4,3,3,14,1,0,2,7702618
1719,3,1,7,9,10,0,0,8194013
1788,4,4,2,13,4,0,0,8333584
2552,5,3,3,8,1,1,0,11065172
1989,4,3,7,12,3,1,0,10013299
672,1,1,1,12,3,0,1,3645225
2523,4,4,10,8,9,1,1,12726456
2386,4,4,5,12,10,1,1,11107739
2307,4,1,4,9,8,0,1,9781528
1640,2,1,3,9,2,0,0,6476045
1547,4,3,4,4,10,1,2,9360202
1045,2,2,7,3,0,0,1,6466257
1284,3,3,1,1,5,0,2,7273966
1286,3,2,2,9,6,0,1,6602735
850,1,1,7,11,3,1,0,5079456
2379,5,2,5,2,0,0,1,10583877
2918,4,1,4,10,4,1,0,10863080
2260,4,1,3,19,4,0,2,9027859
678,2,2,1,6,1,0,0,4152899
2848,4,3,10,5,4,0,2,12934781
955,2,2,6,10,3,1,0,5931527
853,1,1,1,6,2,0,0,3809573
1954,3,3,4,12,1,1,1,9198137
996,2,1,2,20,6,1,0,4903755
2734,3,1,2,9,6,1,0,9787219
984,2,1,8,0,2,0,1,6209905
1554,3,1,4,11,5,1,1,7445286
1314,4,1,3,3,3,0,2,7438577
1256,3,1,5,12,6,1,0,6875390
955,1,1,3,2,5,0,1,5018476
1556,2,2,1,2,4,1,2,7172812
1037,2,2,9,8,9,1,1,7390774
2024,3,3,4,13,0,0,1,8663424
946,1,1,6,7,3,0,1,5357640
1627,2,2,6,3,8,0,2,7908359
1932,4,3,9,4,5,1,1,10587440
1477,4,4,9,12,1,0,0,9063960
1894,5,4,10,0,5,0,1,11344865
671,1,1,3,18,4,1,1,4249653
1517,3,2,7,14,3,0,0,7672913
2156,5,2,9,12,3,0,2,10961632
1868,4,4,1,3,10,0,0,8654148
1306,4,3,10,6,9,0,2,9098690
2322,3,3,3,17,8,0,1,9568189
2007,5,4,1,9,0,0,2,9798467
1653,3,2,8,0,6,1,2,9160073
1481,3,2,9,5,9,0,1,8629078
1663,2,1,6,1,6,1,0,7846014
1514,4,2,10,12,0,1,2,9217027
2229,3,3,3,7,9,0,2,9513888
1711,3,3,9,15,4,1,1,9443098
2218,5,1,4,3,10,1,2,10828788
2079,4,2,8,19,9,1,2,10228289
1223,4,4,5,10,4,0,1,7933403
2818,5,3,10,2,10,0,2,13580213
1578,2,1,7,9,4,1,1,7591228
895,1,1,5,1,1,1,1,5473403
507,1,1,2,18,6,0,1,3301245
1945,5,2,9,8,4,0,1,10531251
2576,3,2,6,10,9,0,0,10404528
2989,5,3,2,5,1,1,1,12336981
1762,3,2,7,7,6,1,0,8918172
1391,3,1,5,14,0,0,0,6657198
1004,4,2,6,0,6,0,0,7121514
1062,2,1,6,16,1,0,1,5842546
1855,3,3,7,20,2,1,1,8952468
628,2,2,9,18,7,0,0,5437987
1987,5,1,10,19,8,1,1,10264460
1194,4,2,10,14,7,0,0,7837330
2897,5,3,6,17,5,1,1,12255646
655,2,2,9,14,2,0,0,5419068
2806,4,4,4,7,10,1,2,12605440
1465,3,1,7,6,2,0,0,7144142
804,2,1,10,11,5,1,1,6280373
2938,4,1,7,13,2,0,1,11494781
2436,4,4,4,15,4,1,0,10501342
566,1,1,7,7,8,1,0,4655048
2594,4,1,8,10,8,1,0,10973577
773,2,2,9,10,2,0,1,5992142
1004,3,1,8,8,6,0,0,6367660
1704,2,1,6,17,8,0,2,7625859
1465,3,1,8,2,9,1,2,8738565
2817,4,3,6,0,0,1,0,11847542
1556,2,2,2,20,2,1,0,6591756
2212,3,1,6,10,10,1,0,9545824
1565,4,1,3,14,8,0,0,7105989
2762,3,1,4,0,8,0,2,10618961
955,1,1,10,10,10,0,1,6184544
1101,2,2,6,1,8,1,0,6810597
2467,3,3,4,15,6,1,1,10015368
2796,3,2,1,13,0,1,2,10560348
2219,4,1,6,3,1,0,0,9480028
1628,2,1,5,8,0,1,2,7473535
1327,4,2,6,7,1,1,0,7958657
1691,3,1,6,11,2,0,1,7872416
828,1,1,5,2,4,0,0,4667235
2749,5,2,7,11,8,0,1,12147690
1214,3,1,9,6,10,1,2,8152378
2170,3,3,7,19,4,1,1,9948333
1621,3,1,10,6,1,1,1,8845200
2915,4,3,10,3,2,0,2,13131452
1551,4,3,10,6,0,1,2,10019070
1765,3,2,9,8,4,0,2,9346692
1457,2,2,8,3,4,1,1,8231365
629,1,1,1,2,1,0,1,3647851
775,1,1,9,19,8,0,0,4948255
725,1,1,1,9,7,0,1,3826880
1536,3,2,4,4,5,1,1,7835290
763,2,1,2,0,9,1,1,5275258
1040,3,2,9,20,2,0,1,6811564
862,2,2,3,0,0,0,1,5396888
1722,4,1,5,7,7,1,0,8338636
2576,4,3,7,18,10,0,0,11128722
1642,4,2,6,9,8,0,2,8693379
2516,3,1,8,13,1,0,0,9802621
2431,4,2,2,3,0,0,1,9862380
1291,3,3,6,18,3,0,1,7463840
1784,2,2,2,20,4,1,0,7149862
2527,4,4,8,4,3,1,2,12522470
2637,5,1,2,16,8,0,0,10167575
692,2,2,1,10,10,1,1,4949545
2397,3,2,3,11,3,1,1,9597619
2164,4,2,3,11,4,1,1,9334023
2490,3,1,9,20,7,0,1,10343470
1357,4,1,6,14,1,0,0,7077327
2285,3,3,7,12,8,0,1,10006475
1192,4,1,5,5,6,1,1,7407423
512,2,2,9,19,9,0,0,4989257
815,1,1,1,8,4,0,0,3781905
1832,3,2,9,11,6,1,1,9558912
1660,3,2,3,8,0,1,2,8231999
1692,2,2,4,2,6,1,1,8117801
2494,3,1,1,7,3,1,2,9334051
2305,4,2,2,4,0,1,2,9989107
2035,5,1,9,10,6,0,0,10065692
2881,3,3,8,1,8,0,1,12215941
1628,2,1,8,10,3,0,2,8045574
2321,4,2,3,12,9,1,1,10251516
1424,3,3,6,16,6,0,0,7586373
646,1,1,9,10,4,0,1,5068038
1934,3,2,8,18,2,0,0,8606199
2969,4,2,7,2,7,0,2,12360307
746,2,1,8,4,0,0,1,5512117
1790,3,2,2,7,3,0,2,7936407
875,2,1,5,17,1,0,0,4882345
1743,4,2,7,4,5,1,2,9531161
1864,3,3,10,7,0,1,2,10345499
828,2,2,3,9,0,1,1,5369236
613,1,1,7,2,9,1,0,5079531
875,1,1,10,17,6,1,0,5867396
2076,3,2,6,0,10,0,2,9553349
2464,5,3,1,7,7,1,2,10928750
806,1,1,2,9,2,1,0,4317320
2652,5,1,3,9,1,1,2,10915981
1137,2,1,4,17,7,0,0,5276009
2082,3,1,3,16,9,1,2,8986928
1969,4,2,8,14,5,1,2,10314830
1715,4,1,1,17,9,1,1,7654854
2461,3,2,10,8,0,0,1,10644978
2893,4,1,4,7,0,1,2,11334880
1138,4,2,6,10,4,1,0,7288571
1897,3,2,2,7,6,0,0,7779457
1791,4,4,2,7,3,0,2,8928666
1924,4,1,4,3,1,0,2,8957026
1499,3,1,4,13,7,0,2,7200669
1010,2,2,3,4,1,0,0,5282256
2899,3,3,9,6,10,0,2,12416458
2834,3,1,4,1,9,0,0,10380038
2976,3,3,10,17,6,0,0,11630120
2589,3,3,10,13,10,0,2,11466053
1467,2,2,9,13,2,0,1,7617890
2798,3,2,9,16,7,1,2,12178901
2928,4,1,8,13,8,1,2,12016533
1644,3,2,5,8,2,0,2,8082219
2854,5,4,5,16,4,0,2,12539448
2891,3,3,8,0,2,0,1,12171279
1547,2,1,5,17,9,0,0,6547060
2084,5,2,7,6,10,0,1,10668509
2104,4,4,7,16,1,1,0,10428700
1610,4,3,6,8,5,0,1,8799015
1271,4,2,7,6,3,1,1,8310495
738,1,1,8,11,9,1,1,5595301
1693,3,3,7,12,5,1,2,9044116
2984,5,3,8,3,0,1,0,12951142
892,2,1,3,5,10,0,1,5359425
2913,4,1,7,11,8,1,1,11682395
2905,4,1,10,9,4,0,1,11708221
1611,4,3,9,12,1,0,1,9062559
2300,5,3,8,12,8,0,1,11345228
2276,5,1,1,16,9,1,0,9436879
693,1,1,6,19,0,1,1,4566239
2292,4,2,4,9,0,1,0,9658319
1881,3,1,4,6,3,1,0,8259898
2424,5,2,8,9,9,1,2,11792627
2552,5,3,4,8,0,0,1,11262576
699,1,1,9,10,2,1,0,5302291
1352,2,1,8,16,10,1,1,7325172
2744,4,4,3,1,5,1,0,11296923
859,1,1,7,16,2,1,0,5046062
1742,2,1,9,17,1,1,2,8424776
2301,5,3,2,17,1,0,1,9674660
1957,5,1,4,3,9,1,2,9802116
2705,5,2,8,13,3,1,0,12057494
1577,3,1,6,14,1,1,2,8054822
1306,3,2,8,7,7,1,1,8108497
1774,4,4,3,14,4,1,2,9596537
1007,4,1,8,2,2,0,0,6930350
2600,3,3,3,3,5,1,1,10913450
1154,2,2,4,18,10,1,1,6441958
582,2,1,5,10,8,1,0,4728824
1605,2,1,4,11,9,0,1,6882171
2571,4,4,6,10,4,1,0,11646709
1658,2,1,1,19,9,1,2,7027419
2621,4,4,7,0,1,1,2,12374294
2099,5,4,10,6,9,0,1,11858524
1297,3,3,1,15,9,0,2,7013482
2494,5,2,1,15,10,0,2,10257244
788,1,1,4,12,2,1,0,4462783
1282,2,2,3,12,4,1,1,6447041
1533,3,2,4,5,2,1,0,7572915
2064,4,3,9,17,0,1,2,10608325
2462,4,2,1,0,2,0,0,9445215
1404,4,4,2,9,2,1,0,7974238
2604,3,1,4,14,2,1,2,9995147
2761,4,1,10,12,9,1,1,12046397
2666,5,3,4,20,7,1,0,11110336
1118,2,2,3,2,5,0,1,6013187
1226,2,1,5,15,10,0,0,5819396
844,1,1,8,17,0,0,1,5050033
542,2,2,3,18,3,1,1,4535260
2297,5,2,3,0,0,0,2,10209276
1727,3,3,10,3,3,0,2,9638327
913,1,1,6,15,0,1,0,5015875
2169,4,1,7,8,1,1,0,9968687
1007,4,2,3,5,4,0,0,6385838
1176,4,3,1,2,0,0,0,6545594
1147,4,1,4,18,9,0,1,6738484
2577,3,2,3,15,3,1,0,9565345
909,2,1,7,2,0,0,1,5760888
1081,2,1,6,19,7,1,0,6017136
2712,3,2,4,20,5,0,2,10382409
1747,4,1,10,18,7,0,1,9025439
588,1,1,2,11,4,0,0,3398712
2326,3,1,5,3,0,1,2,10144225
2793,5,2,1,13,4,1,1,11359417
621,1,1,3,15,3,1,1,4007991
2806,3,3,8,4,5,0,0,11588668
1791,3,2,7,14,9,0,1,8609519
793,1,1,10,9,4,0,0,5255812
1926,5,4,3,10,3,0,2,10060231
1767,4,4,1,14,10,0,0,8277549
2242,5,4,9,13,1,0,0,11268799
1058,4,2,9,11,4,0,1,7448686
2152,3,2,7,16,10,1,1,9916173
910,2,2,3,5,5,1,0,5608255
573,2,1,5,10,10,0,1,4736844
1659,3,1,6,13,4,1,2,8168238
2481,3,3,2,5,6,0,1,9998594
1412,3,2,4,6,8,1,0,7280131
1066,3,3,8,16,8,0,0,6913734
1222,2,2,3,1,10,1,1,6715810
2644,3,1,5,8,0,1,2,10707824
2290,4,3,2,18,7,1,2,10001170
2980,4,1,5,9,10,1,2,12316754
2807,5,2,1,18,5,1,1,10967413
2968,3,1,9,6,1,0,1,11742102
2836,4,3,5,4,2,0,0,11426832
2848,4,4,5,4,7,1,2,12482673
1639,4,3,6,0,9,1,1,9553604
2055,5,3,2,13,3,0,2,9774540
760,1,1,10,5,5,0,0,5267784
2564,5,3,7,5,3,0,0,11475644
2040,4,3,7,7,10,1,0,10024211
1709,4,2,4,10,9,0,0,8134473
1709,2,2,6,10,6,1,0,7838260
2097,5,4,4,10,9,0,2,10680169
2069,3,2,8,14,4,0,2,9554224
2234,4,4,7,10,7,1,1,10875535
1370,2,2,6,10,8,1,0,7149226
845,1,1,10,13,7,1,0,5811455
1252,3,3,7,4,3,1,1,7968798
2960,3,3,6,2,5,1,0,11985425
1344,3,3,5,14,7,1,0,7550505
1383,2,1,7,1,1,0,1,7186909
2240,4,4,1,11,3,1,2,10460186
649,1,1,9,3,6,1,1,5633684
2712,5,1,7,3,8,1,1,11924275
2523,4,1,9,11,7,1,1,11235229
605,1,1,4,5,4,0,1,4127248
1088,3,1,10,20,2,0,1,6766416
2086,5,3,7,13,7,0,2,10527318
681,2,1,8,15,2,0,1,5166504
2327,4,1,5,14,6,1,1,10081095
2423,5,1,7,8,0,0,0,10370445
1020,2,2,10,8,5,1,0,6941065
1575,4,1,8,13,4,0,1,8176584
2651,5,1,1,18,9,1,2,10705784
790,1,1,9,20,0,1,0,5044656
1478,4,1,6,12,6,1,0,7863855
1517,4,1,9,10,1,0,2,8712158
735,2,2,3,9,9,1,1,5469180
854,1,1,4,0,8,1,1,5327025
1372,4,1,5,1,4,1,0,7884409
804,2,2,2,6,0,1,0,4946660
2655,4,2,10,13,1,0,1,11686230
581,1,1,8,8,10,1,1,5242237
1536,4,1,3,9,9,0,2,7810670
1382,4,2,8,18,3,1,2,8537402
1577,4,3,6,17,9,0,1,8769670
2292,3,3,1,3,9,1,0,9381672
1635,4,3,8,20,8,0,1,8954402
2145,4,2,7,6,0,1,0,9826993
843,2,1,8,19,9,1,0,5872446
2386,3,1,4,17,5,1,2,9708752
2115,5,3,8,1,10,0,0,10798019
638,1,1,4,3,6,0,0,4015294
1817,4,2,2,7,4,0,0,7993357
2330,3,1,1,10,7,1,2,9026292
782,1,1,1,12,8,0,1,4009528
2593,4,1,3,8,5,1,1,10543170
1840,3,1,1,15,6,0,1,7100025
2864,4,1,9,18,6,1,1,11753190
1822,5,2,5,11,10,1,0,9403628
962,2,2,4,7,6,0,1,5805267
832,1,1,4,5,3,0,0,4348326
1433,3,2,3,13,8,1,1,7303789
660,1,1,10,1,3,1,0,5452999
1613,2,1,7,4,8,1,2,8292483
536,2,1,5,17,5,0,0,4118931
2652,5,2,10,5,1,0,1,12340988
2046,4,3,9,14,3,0,2,10550213
1582,3,2,8,13,6,0,2,8387416
607,2,1,8,0,3,1,1,5711380
2271,4,2,9,10,0,0,1,10560643
625,2,2,6,11,4,0,0,4872437
2596,5,4,5,5,1,0,2,11840531
2727,3,2,5,14,9,1,2,11125864
2593,3,1,2,16,6,0,2,9259708
2419,4,2,10,7,10,1,1,11652238
2235,3,1,5,5,7,0,2,9470990
2966,4,3,5,16,10,1,2,12230308
1385,4,1,6,6,6,0,1,7732180
825,2,2,9,1,4,1,0,6474339
1769,3,2,3,18,2,1,2,8057244
1573,4,1,5,17,0,1,1,7881174
1208,2,1,2,1,5,1,1,6241160
2137,5,3,7,2,8,1,0,10974870
2540,3,2,2,15,8,1,1,10059495
984,1,1,7,13,3,0,1,5480201
1632,3,1,1,5,5,1,2,7686704
1880,3,2,8,17,6,1,1,9208653
1374,3,1,4,4,1,0,2,7155135
1181,3,2,9,13,1,1,1,7697657
2867,5,3,5,3,8,1,0,12466614
2183,5,2,3,15,6,0,2,9948059
738,1,1,8,3,0,1,1,5352134
1173,2,1,10,16,0,1,1,7088194
1505,2,2,3,4,4,0,2,7298547
2504,4,1,2,13,2,1,2,9989632
2327,3,3,6,2,1,1,2,10958435
2309,4,4,2,12,3,0,2,10082922
1312,4,1,10,12,2,1,2,8757340
955,1,1,10,5,8,0,1,6251134
1599,2,1,7,20,0,0,1,7104577
2720,5,4,5,20,10,0,1,11964452
748,2,2,3,0,4,1,1,5652433
1233,4,4,7,14,10,1,1,8697942
1431,4,4,7,17,8,0,1,8924056
1370,4,2,5,2,3,0,1,7746518
1209,3,3,5,1,8,0,2,7778994
1770,3,3,10,1,2,0,2,9723122
2415,3,2,10,18,1,0,0,10027719
2576,4,3,5,16,2,1,0,10947189
551,2,1,9,14,0,0,0,4810341
2042,3,2,7,11,2,0,2,9462865
1016,2,2,7,4,4,1,0,6535667
1127,4,2,1,13,6,1,1,6665208
2198,5,4,8,1,3,1,0,11530416
774,1,1,6,15,5,0,0,4544843
2355,5,3,4,14,1,0,1,10523802
793,2,2,10,3,1,1,0,6503600
2497,4,1,6,17,9,0,2,10541169
2258,3,1,10,6,7,1,0,10245970
2396,3,3,6,15,1,1,1,10581821
1224,2,1,1,0,4,1,2,6356768
2839,4,1,7,20,5,1,2,11554949
2923,3,1,4,14,0,1,0,10606532
1739,3,1,10,2,0,0,1,8882449
1210,2,2,9,6,7,1,0,7547475
953,2,2,1,2,2,1,0,5383023
2166,5,2,10,4,6,1,2,11550070
1457,3,1,1,3,3,1,0,6799858
1530,4,4,7,7,0,0,2,9299649
2113,3,3,2,2,8,0,0,8663265
2100,5,3,4,11,9,0,0,9978340
2566,3,3,7,7,7,1,1,11282469
2643,5,2,5,10,10,0,2,11605209
2686,3,3,4,6,9,0,1,10552664
1032,4,2,4,19,2,1,1,6706178
1333,4,4,1,11,5,1,1,7643994
1874,5,3,8,10,5,0,0,9860464
961,1,1,10,1,7,0,0,6073911
1726,4,1,5,3,0,1,0,8405605
2756,4,4,8,11,3,1,0,11899624
1783,3,2,8,19,4,0,1,8698653
1443,3,1,8,6,2,1,2,8334541
1914,3,2,3,8,4,1,2,9032071
993,1,1,7,18,5,0,1,5357878
1491,3,3,3,1,0,0,0,7523773
2592,4,2,5,1,2,1,0,10900160
2858,4,2,9,19,7,0,1,11925904
643,1,1,8,8,8,1,1,5348327
1033,3,1,8,12,9,0,1,6709702
525,2,1,2,17,0,1,1,4050290
2994,4,1,6,1,5,0,1,11765636
2978,3,2,1,7,5,1,2,11234303
1160,3,1,7,2,0,1,0,6839502
2954,3,2,2,19,10,1,0,10493466
2777,3,2,8,8,0,1,1,11499154
1988,5,2,2,3,5,1,1,9845241
762,2,2,4,7,10,0,0,5094529
2391,3,1,10,14,4,0,2,10463553
2758,3,3,8,11,7,0,2,11811117
2719,5,4,3,20,10,0,0,11370849
1896,5,3,8,17,6,0,1,10022664
2770,4,1,4,0,0,0,0,10292189
2170,4,4,3,0,6,1,1,10325825
2553,3,2,2,18,10,1,2,9876568
618,1,1,10,12,3,0,0,4792714
2942,5,2,9,1,3,0,1,12578868
1160,2,2,6,20,8,0,1,6302238
2882,5,2,6,14,8,0,1,11787968
2201,5,1,3,7,0,1,2,9906831
1840,3,2,1,1,1,0,2,8101793
1258,2,1,8,6,8,0,0,6752694
1181,2,1,5,20,3,1,1,6245096
889,1,1,1,14,10,1,1,4490235
692,2,1,1,18,9,0,0,3836361
2390,3,2,9,0,8,1,2,11142157
758,2,1,5,3,2,0,1,5030925
810,1,1,9,14,5,0,0,5062354
670,1,1,10,15,3,0,1,5137747
887,2,1,8,3,9,0,0,5852468
953,2,1,5,12,8,0,1,5486829
2177,3,1,10,11,8,0,1,9869227
1480,3,3,2,5,7,1,0,7736128
1257,3,2,10,19,0,1,0,7743065
1290,4,3,8,10,0,0,1,8256859
1958,5,4,4,20,6,1,0,10108801
2011,5,3,9,17,1,0,2,10627465
2344,4,1,8,0,7,1,1,10925479
2275,3,2,2,1,6,0,0,8799406
635,1,1,8,6,5,0,1,4946144
2550,3,2,10,14,8,0,0,10838537
2799,4,1,7,19,0,0,2,11001355
1567,4,4,6,10,0,1,1,9404424
907,2,2,5,7,9,1,1,6199003
2966,3,2,7,5,6,0,2,12086808
892,1,1,9,7,3,1,1,6145832
1806,4,2,10,19,2,1,1,9695317
2359,3,1,6,17,9,1,0,9740701
2106,3,1,2,6,1,0,0,8067230
2517,5,4,2,17,7,1,2,11570093
2871,3,3,4,1,9,0,1,11565868
1076,3,3,5,1,0,0,1,7111926
1856,3,3,5,13,6,1,0,8706654
507,2,1,3,11,5,0,1,3995464
2788,4,1,8,0,4,0,2,11551286
1598,2,2,2,15,7,0,0,6639775
2835,5,4,4,1,9,0,1,12672871
1297,2,1,10,5,5,0,2,7796524
1655,3,1,5,16,5,1,0,7471867
837,1,1,5,8,7,0,1,4984629
1967,3,1,8,3,5,0,0,8853805
2772,5,2,9,4,6,0,0,11918318
641,1,1,6,4,6,0,0,4414814
2243,5,4,10,11,7,1,2,12359951
2570,4,4,3,11,0,0,1,10869684
2409,3,2,6,16,7,1,2,10539036
1362,2,2,2,3,0,0,1,6307760
820,1,1,8,2,9,0,0,5384316
2178,4,1,8,13,5,0,2,10209432
1482,3,2,1,13,1,1,0,6612929
1955,4,1,8,11,8,1,2,9854755
977,2,1,7,8,0,0,1,5981000
1619,3,1,5,1,2,1,2,8508701
1781,4,1,1,16,7,1,0,7674990
2288,4,2,6,15,9,0,0,9982336
2578,3,3,7,16,3,0,0,10117843
1335,4,4,6,9,3,1,0,8316673
1041,3,3,10,5,8,1,0,7827255
2843,4,4,2,19,10,0,1,11385210
2525,4,4,1,3,3,0,0,10349382
2684,4,2,5,11,3,0,0,10759797
2517,3,3,3,12,5,0,0,9832657
978,1,1,9,8,6,1,1,6222497
2209,4,3,1,9,2,0,2,9298485
2312,4,4,4,13,4,1,1,10641523
801,1,1,3,9,9,1,1,4846070
1732,2,2,6,15,10,0,0,7679716
767,1,1,10,12,8,0,0,5203190
2554,3,3,8,13,7,0,0,10815930
2528,3,3,2,6,5,0,2,10259704
1273,3,2,9,18,4,1,2,7979258
2795,3,2,8,15,4,1,1,11244533
1687,3,2,2,18,5,1,1,7658852
2282,5,3,8,5,7,1,0,11329509
1212,4,1,8,15,1,1,0,7406050
2899,5,3,5,9,2,0,2,12257692
1211,3,2,1,0,4,0,2,6696670
2021,4,3,8,3,2,0,0,9935999
861,2,1,9,1,6,0,1,6149014
2958,4,4,7,15,5,0,0,12375747
2825,5,2,10,3,8,1,2,13726717
2987,5,1,6,16,8,1,0,11998849
1769,4,2,5,13,4,0,0,8473441
2637,3,1,5,12,7,0,2,10006678
938,2,1,9,8,7,0,0,5903908
2123,3,2,1,14,2,0,2,8371322
2797,3,1,7,2,6,0,1,10723728
1654,3,2,10,16,5,0,0,8434484
1198,3,1,1,2,7,1,1,6277347
2925,5,2,6,14,8,0,1,11805156
2432,4,1,2,11,3,0,2,9594351
1053,4,2,10,5,9,0,0,7953826
2557,5,1,2,20,8,1,1,10549023
685,1,1,5,7,2,1,0,4527268
1534,2,1,4,15,6,0,2,6921721
1372,3,2,8,4,9,1,1,8578096
1670,3,1,3,5,6,1,1,7685799
1513,4,2,4,9,3,0,2,8052096
1388,2,1,3,14,5,1,0,6195860
1949,5,2,5,8,10,0,1,9590911
2577,5,1,9,2,9,0,1,11916191
1082,3,1,3,19,6,0,1,5800492
2516,4,2,3,16,8,0,0,9549170
1402,4,4,5,19,8,0,0,8118158
2982,3,3,4,13,7,1,2,11748594
839,2,2,6,8,9,1,1,6148134
1753,2,2,4,15,2,1,2,7828209
1446,2,2,9,6,3,1,2,8303912
2332,5,2,8,17,5,0,0,10835126
1302,2,1,7,10,3,0,0,6525181
2220,4,3,7,19,6,1,1,10742182
643,2,2,2,15,1,1,0,4436714
1413,2,1,4,11,6,0,2,6737483
2023,4,1,2,6,5,1,0,8752890
725,1,1,2,2,3,1,0,4292976
1068,2,1,3,1,1,1,0,5784294
2712,3,1,7,1,6,1,2,11666727
2778,5,4,7,7,0,1,0,12630427
2192,4,4,4,19,9,1,1,10565369
2796,3,3,3,19,9,1,2,11256551
831,1,1,3,19,8,1,0,4365071
1278,3,1,10,7,2,1,1,7868476
2091,5,3,9,12,3,0,0,10667351
834,1,1,7,10,3,0,0,4773036
2105,5,1,2,17,6,1,1,9465329
954,1,1,2,12,4,1,1,4870870
2978,3,1,10,13,5,1,2,12033694
2894,3,1,9,0,0,1,1,11522046
1267,2,2,1,0,8,1,2,6665774
2806,3,1,5,19,7,0,0,10174615
587,2,1,9,16,8,0,0,5094814
533,2,2,3,16,2,0,1,4139995
636,1,1,10,15,2,0,0,4648906
887,1,1,6,3,0,1,0,5325744
2955,4,3,10,15,10,0,1,12995646
1132,4,1,10,14,10,1,1,8256350
2247,5,2,2,1,0,1,1,10025713
2944,5,3,3,4,3,1,1,12480736
1476,2,2,2,8,7,0,2,6938764
553,2,2,3,6,3,0,1,4635347
2025,3,3,5,9,4,0,0,8883033
1673,4,2,7,0,1,1,0,9021357
2599,4,4,4,0,7,0,1,11190595
1794,3,2,9,8,8,0,1,8992613
987,2,1,2,6,8,0,0,4890077
1816,4,2,3,6,3,1,2,9041360
1377,3,1,3,7,4,0,0,6393411
811,1,1,5,20,4,0,0,4279082
1987,4,4,6,14,7,1,0,10138068
2154,3,3,3,11,1,1,1,9187691
1206,2,1,9,9,3,0,2,7227009
609,1,1,7,19,6,1,1,4730448
2617,3,1,7,17,7,1,2,10822836
954,1,1,7,13,1,0,1,5247402
2038,5,3,10,14,6,1,1,11401277
2808,3,2,6,19,10,0,0,10570632
1155,3,2,5,13,9,1,0,6814293
1691,3,2,7,7,4,1,1,8867273
1201,2,1,2,6,7,1,2,6237536
1152,4,1,4,15,2,1,0,6734458
689,2,2,6,7,5,0,0,5223871
753,2,2,3,12,7,1,0,5170427
694,1,1,4,1,4,0,0,4115600
2489,4,1,1,20,1,0,0,8927899
1299,2,1,9,17,4,0,2,7152400
2017,4,1,7,5,7,0,2,9567209
2073,3,1,10,17,5,1,1,9844736
720,2,2,8,12,4,1,0,5857672
634,2,2,2,12,5,0,0,4310861
1807,4,4,4,15,0,1,0,9160423
764,2,1,6,4,3,1,1,5814407
2665,4,1,1,0,9,1,1,10717464
729,2,1,6,20,7,1,0,5097131
2609,5,1,3,6,5,1,2,11426518
1377,3,1,7,4,0,0,1,7540516
729,1,1,8,1,7,0,1,5269469
2120,4,1,4,2,6,1,1,9375603
2983,3,2,7,20,6,0,0,10929198
2923,3,3,2,18,9,1,2,11520440
1621,3,3,10,2,10,1,0,9425861
678,1,1,10,17,2,1,0,5059306
1828,4,3,8,9,1,1,2,10098226
678,1,1,7,0,3,1,0,5002883
2884,5,1,7,2,6,0,0,11680966
1309,2,2,4,9,5,0,2,6603060
1399,2,1,7,8,4,1,1,7421380
890,2,2,10,8,6,0,1,6760654
2565,4,1,6,19,1,1,1,10468346
574,2,2,10,3,7,0,1,5881858
2722,3,1,6,14,0,1,0,10085927
2674,5,2,3,8,8,1,0,11052763
710,2,2,6,19,6,1,0,5436340
574,1,1,2,18,7,1,1,3775128
2322,3,3,5,17,6,0,0,9402220
2131,3,1,5,13,6,0,1,8701044
2883,4,1,3,11,1,1,0,10660213
620,1,1,2,8,2,0,1,3697840
2075,5,4,9,11,1,0,1,11304426
801,2,1,5,8,6,0,1,5270906
659,1,1,8,4,9,0,1,5044131
1009,2,1,2,5,9,0,1,5337476
2561,4,1,10,6,6,0,1,11369921
1361,2,1,5,18,4,1,0,6355623
782,1,1,3,3,9,0,1,4490014
1180,4,2,2,2,4,0,0,6502292
1984,4,4,10,14,10,0,1,10910469
2840,5,2,2,5,0,1,2,11478161
1442,4,3,5,7,2,1,1,8681637
813,1,1,9,14,8,1,0,5404343
2294,4,1,5,16,7,1,1,9721815
1388,2,1,10,5,0,0,2,7729887
2490,3,2,10,20,8,0,0,10556710
1105,3,1,2,3,6,0,0,5618763
2201,5,1,8,7,2,0,2,10628099
2002,5,1,8,15,2,0,2,10186810
2779,5,1,7,13,5,0,2,11681965
1981,4,2,5,0,0,0,1,9389418
2519,3,2,2,14,2,1,1,9567498
2819,4,3,4,2,10,1,0,11932912
2711,4,1,5,5,10,0,2,11059107
1238,4,2,1,0,4,1,2,7367975
2883,4,4,9,19,7,1,2,12828692
2183,3,1,9,11,7,0,2,9685972
583,1,1,8,7,7,1,1,5142915
2438,3,3,6,10,7,0,2,10363758
1586,2,1,9,13,5,0,1,7632166
2533,5,2,8,4,7,0,1,11891070
616,2,1,6,19,3,0,0,4417635
1973,3,3,1,0,9,0,0,8442507
2915,5,2,5,16,6,0,0,11601817
897,1,1,6,16,0,1,1,5278105
850,1,1,3,1,10,1,1,5242991
2877,3,3,8,19,5,1,0,11607382
1739,3,1,6,8,6,0,2,8319078
1208,2,1,1,6,7,0,1,5469957
1909,4,1,9,2,5,0,2,9895418
550,2,2,9,7,3,1,0,5664530
1690,4,3,7,8,5,1,1,9469700
1409,2,1,1,4,6,1,2,6697932
2316,4,2,8,10,7,0,1,10585762
757,1,1,6,4,9,0,1,4982906
2994,4,3,5,14,4,0,0,11631870
1867,5,4,7,16,4,0,1,10294033
1977,4,3,3,16,3,0,1,8700067
1066,2,1,9,18,1,0,0,6066883
2877,4,2,10,14,1,1,0,11891484
1108,4,2,10,9,1,1,0,8078388
2914,3,1,10,9,0,0,1,11656022
1565,4,1,10,5,8,0,0,8641832
2015,3,1,1,18,6,1,0,7786596
1225,3,3,2,2,6,0,1,6976418
2782,4,4,7,4,9,1,1,12817426
2094,4,2,1,14,2,0,2,8980064
2771,3,1,10,4,7,0,2,11852701
2156,5,3,7,9,2,1,0,10652367
2310,4,2,6,16,7,0,0,9596792
1381,3,2,10,5,5,1,1,8566540
2170,4,3,4,3,3,0,2,9930726
2030,4,1,4,13,8,0,0,8729093
1095,4,1,5,13,0,1,1,6966116
2310,4,1,8,4,4,0,2,10376933
2456,5,4,2,15,9,0,2,11219466
2781,3,2,3,15,7,0,0,9894124
1164,3,2,1,14,10,0,1,5946911
1478,2,1,5,1,6,0,0,6887200
1294,3,1,9,3,10,1,2,8452263
825,1,1,4,0,7,0,1,4847588
2955,5,4,8,3,9,1,2,14300823
2267,5,4,9,2,6,0,1,11789439
887,2,1,7,17,2,1,1,5837223
668,1,1,4,5,1,0,1,4133075
1075,2,2,2,19,7,0,1,5458613
2378,3,1,7,15,3,1,2,10228729
2769,4,2,7,15,8,1,2,11736351
2332,5,3,1,10,4,1,2,10421139
570,2,1,3,12,8,1,0,4351443
935,2,2,10,16,7,1,0,6804928
2003,5,2,8,17,1,0,2,10124517
2572,3,1,10,18,1,1,2,11139176
1376,3,3,7,8,2,0,1,7741366
1047,4,4,2,0,9,0,0,7107544
1118,3,2,6,12,10,1,0,7050686
2795,5,2,8,13,10,1,0,12541669
1142,3,2,3,13,10,1,1,6736420
613,1,1,3,6,5,0,1,4021100
1596,2,2,1,14,1,1,0,6622772
2487,4,4,5,15,8,1,2,11505852
1791,3,2,2,7,1,0,1,7670564
681,1,1,3,19,4,1,0,3841358
1952,4,1,10,18,0,0,2,9519420
2631,3,2,9,2,0,1,2,11590178
2931,5,3,1,6,10,1,0,11922014
1102,3,1,4,15,5,0,1,6164305
1703,2,1,3,13,0,0,1,6772488
2093,5,2,5,1,6,0,1,10307524
2937,5,3,6,16,7,0,0,11881220
574,2,1,1,10,6,1,0,4055891
2190,4,3,2,11,8,1,1,9895342
1037,3,3,1,20,8,1,1,6323384
1794,4,3,1,14,5,1,1,8457318
2867,4,2,10,5,1,1,2,13021823
2835,4,3,3,8,0,1,0,11138344
1691,4,3,2,18,1,1,0,7862602
1225,4,2,3,13,10,1,2,7625140
2942,5,2,7,12,2,1,0,12489347
898,2,1,5,16,10,0,1,5317867
2787,4,1,5,13,9,0,2,11344723
977,1,1,7,17,7,1,1,5640697
869,1,1,9,15,6,1,0,5630349
1593,3,2,2,17,6,1,2,7540009
2968,3,2,1,17,0,1,0,10286627
2632,5,2,6,10,10,1,0,11470217
2412,3,3,4,2,9,0,2,10268277
761,1,1,10,10,3,1,0,5587161
1680,2,1,7,13,6,0,2,7639280
2800,4,4,7,1,9,0,2,12459531
2744,4,3,2,2,1,0,2,10915772
868,2,1,3,12,1,1,1,5244103
1541,4,2,8,14,10,0,2,8836932
712,2,2,3,16,8,1,1,5094798
2268,5,1,10,0,10,1,2,12008227
1139,3,1,6,3,8,1,1,7272601
2074,4,1,4,15,2,0,0,8314850
1355,2,2,5,17,8,1,0,6748308
2565,3,1,10,10,5,1,2,11242297
2808,5,4,6,5,6,1,1,12596363
732,2,2,3,16,4,1,0,4938736
1098,4,1,9,2,1,1,0,7762017
2938,4,2,10,7,9,1,2,13337519
2276,3,1,7,2,5,0,0,9637621
529,1,1,5,20,10,0,0,3724327
536,2,2,1,1,7,1,1,4703960
881,2,2,6,12,2,0,1,5693469
1764,3,3,10,2,4,1,1,9938680
2032,5,1,10,10,1,0,2,10403538
750,2,2,1,6,2,1,1,5045785
1048,4,3,2,1,3,0,1,6996460
603,2,1,4,7,0,0,1,4422274
2467,4,4,9,20,8,1,2,11791734
1703,2,1,9,1,9,0,0,8094978
1139,4,4,8,5,2,1,1,8633918
1897,5,4,1,6,4,0,1,9520246
879,2,1,1,1,3,1,1,5259011
667,2,1,4,20,4,1,0,4498924
1664,3,2,1,13,3,1,2,7900410
1354,4,2,9,12,3,1,2,8962312
1452,3,3,2,2,5,0,1,7389585
915,2,2,1,13,4,0,0,4728202
605,2,2,1,12,9,1,1,4563839
2594,3,2,9,5,7,0,1,11043666
1509,4,2,1,1,9,0,2,7765348
797,1,1,8,3,5,1,0,5483275
2509,3,1,8,9,2,0,0,9858186
918,1,1,10,7,6,0,1,5840534
1278,4,3,6,3,3,0,0,7963984
2828,5,4,9,16,6,0,1,12918317
911,1,1,1,15,5,1,1,4422121
1520,3,3,8,1,9,1,1,9364423
1059,3,2,4,16,5,0,1,6040767
1312,2,1,2,19,1,1,1,5751100
1285,4,1,5,10,4,0,0,6808498
1613,2,2,5,13,4,0,0,6998272
2827,3,1,8,2,9,0,2,11266506
1739,3,1,2,9,10,1,0,7599494
2494,5,2,3,20,8,1,1,10511431
972,1,1,7,13,0,1,0,5474428
612,1,1,9,14,0,0,1,4654651
2005,5,1,9,8,10,1,1,10503879
670,1,1,6,8,10,0,0,4594453
1162,2,1,7,9,9,0,0,6141176
1176,3,3,5,20,10,1,0,7206469
1408,4,2,5,15,6,1,2,8339352
1250,4,2,3,10,3,1,1,7418622
1239,2,2,8,2,6,1,2,7767479
1908,3,2,6,9,10,1,0,8934691
1822,4,2,9,11,5,1,2,10092885
2841,5,1,9,18,0,0,1,11771742
1532,3,3,10,18,5,1,0,8841172
929,1,1,4,1,8,0,0,4932244
835,1,1,7,3,10,1,1,5684623
874,2,1,2,20,0,0,0,4099080
885,1,1,6,4,10,0,0,5229691
2320,4,4,2,0,5,1,2,10789454
1622,2,1,1,17,6,1,1,6541967
816,2,1,10,7,6,0,0,6044964
1489,2,1,7,8,6,1,1,7609152
1773,3,2,10,4,0,1,1,9516135
2646,4,1,8,6,2,1,1,11448031
2174,3,3,10,1,7,1,0,10721989
1026,3,1,4,4,0,1,1,6220431
1046,3,1,8,0,1,0,0,6463907
2752,4,1,8,11,8,0,0,10873719
1020,4,3,9,10,9,0,0,7741046
1869,5,4,9,15,3,1,0,10869846
1453,4,4,8,12,7,1,0,9232650
2469,5,2,8,18,6,1,0,11296836
660,1,1,8,3,9,1,1,5590663
635,1,1,4,10,7,0,0,3859623
1613,4,4,1,17,3,1,0,8024920
2040,3,3,6,7,6,1,1,9591867
2706,4,4,8,20,4,1,2,12528294
1628,2,1,7,16,0,0,2,7564428
1180,2,2,10,12,4,1,0,7273194
1955,4,2,6,7,9,0,2,9567654
1938,4,2,6,0,0,0,0,9151331
2408,3,3,8,13,0,0,1,10634867
2441,3,1,4,4,1,1,2,10140001
2155,3,1,4,19,2,1,2,9072205
2257,4,3,4,20,6,0,1,9738678
2674,5,2,4,12,2,0,1,11115216
1796,2,2,1,18,4,1,0,7002418
2593,5,1,7,19,10,1,0,11351342
1452,2,1,5,5,9,1,1,7466014
563,2,2,7,17,6,0,1,5034445
813,1,1,9,3,2,1,1,5999303
1552,4,1,8,13,5,1,2,9089484
2763,5,2,4,19,1,1,2,11395272
640,2,1,5,20,1,1,1,4843549
1473,2,1,9,7,1,1,1,7680166
692,1,1,8,4,10,1,1,5703857
2894,5,3,2,19,5,0,0,10857059
1718,3,2,3,19,0,0,0,7084917
1192,4,1,6,15,10,0,0,6943955
1038,4,2,7,7,0,0,0,6975044
1458,4,4,2,20,6,1,0,7948555
1628,4,4,2,4,10,1,2,9408751
2998,5,1,3,6,3,0,2,11664365
618,1,1,9,19,9,0,1,4829586
826,1,1,1,5,1,1,0,4265057
2584,3,2,1,5,7,1,0,9715420
2502,5,1,3,16,9,0,0,9737313
1629,3,2,3,4,3,0,2,7865727
2545,5,1,7,5,1,1,0,11154108
1987,5,4,6,14,0,1,1,10364655
1542,2,2,4,10,0,0,0,6598690
837,1,1,2,3,4,0,0,4195100
2096,4,3,6,16,2,0,0,9546918
1543,2,1,5,8,5,0,1,6837529
2943,4,4,6,7,7,0,2,12423335
2595,5,4,10,16,3,0,2,12477767
1498,4,4,8,14,0,1,0,9200980
1100,3,3,2,15,0,0,0,5966100
1797,4,1,3,3,5,1,1,8816288
1581,4,2,1,16,7,0,0,6975359
918,2,1,9,16,0,1,0,5854810
1242,2,1,7,3,0,0,1,6678578
698,1,1,8,8,6,1,1,5418245
1293,3,3,4,3,6,0,2,7684135
1381,4,3,9,7,5,1,1,9098065
620,2,2,5,15,1,1,1,5037093
1869,4,3,9,18,6,1,0,9684402
1572,3,3,7,7,1,0,1,8558990
2938,5,4,1,18,9,0,2,12239474
1153,3,1,5,6,0,0,1,6307298
1658,4,2,5,0,1,1,0,8468258
1349,4,1,1,2,10,1,0,7153090
1248,3,2,2,10,10,0,1,6573903
2897,5,4,8,7,9,0,0,12636974
2088,5,4,3,16,1,1,2,10667427
1525,2,2,4,9,3,0,2,7056633
2748,4,4,4,8,6,1,2,12091745
2752,5,4,1,2,5,1,0,11886865
1045,4,4,1,19,5,1,1,6922477
1141,2,1,6,7,6,0,1,6172661
1783,4,2,9,5,0,0,2,9659178
2191,4,1,3,18,4,1,2,9199643
784,2,1,1,19,1,0,1,4107304
2321,3,2,7,5,0,1,2,10664841
1119,3,1,5,8,7,0,1,6451097
1993,3,2,2,13,2,0,2,8174774
1960,3,2,6,11,5,1,1,9382547
2170,5,1,2,5,0,0,1,9205741
1813,5,3,6,7,0,1,0,9747504
1639,2,1,9,14,2,1,0,7794006
1980,5,2,4,11,9,0,1,9363565
2787,4,3,9,4,3,0,2,12539790
897,2,1,1,12,3,1,0,4701892
1000,4,4,9,18,3,0,1,8001269
1282,3,3,6,15,1,0,2,7475500
1393,4,3,1,11,8,1,0,7405096
879,1,1,9,20,7,0,0,5085824
1286,3,1,10,10,0,1,0,7517656
1509,3,2,1,11,9,0,2,7285077
2728,3,1,4,6,7,1,0,10378942
1441,3,3,9,1,5,0,2,8985991
2899,5,3,10,16,1,1,2,13406857
1824,5,3,2,11,5,1,1,9232170
1732,2,1,8,6,0,0,1,7794009
1700,3,1,5,16,7,0,1,7783110
2672,5,1,5,17,9,0,2,10962374
1694,4,3,8,13,3,0,2,9530596
2501,5,2,9,0,4,1,0,11691983
536,1,1,7,0,4,0,0,4448577
2936,5,4,1,10,7,1,0,11712189
2565,3,3,3,15,1,0,1,9681636
1245,3,2,8,16,4,0,2,7392057
1108,2,1,2,3,3,1,0,5584482
2275,3,2,1,19,4,0,2,8825515
1818,4,2,5,2,6,1,2,9616851
1548,3,3,4,12,9,0,2,7923169
1930,3,3,5,0,5,0,1,9155580
1671,4,2,4,1,10,0,0,8343334
2888,3,2,6,12,5,0,0,10834610
608,2,1,7,14,4,1,0,5077456
2037,3,2,10,18,9,0,1,9843157
620,1,1,2,10,2,0,1,3599616
1160,4,2,7,6,8,1,0,8014583
2416,3,2,9,2,3,0,1,10656984
2516,5,1,1,11,2,1,2,10643694
550,1,1,8,20,8,0,1,4417781
792,1,1,6,15,9,1,0,4883944
1572,3,1,1,10,7,1,2,7395734
1403,2,2,3,5,7,0,0,6299965
2409,4,4,6,10,0,1,1,11359206
1469,2,1,1,0,6,1,1,6706060
1272,2,1,5,4,0,1,0,6290148
1640,3,1,5,5,8,1,2,8613568
698,1,1,7,15,2,1,1,4841160
1470,2,1,1,16,5,1,1,6122310
2832,3,1,7,19,4,1,2,11111915
1399,2,1,3,18,1,0,0,5690775
2284,5,3,9,6,10,1,1,11720975
2425,5,4,3,0,8,0,1,11304371
2526,5,2,5,17,3,0,2,10826604
567,2,2,3,12,8,0,0,4289484
749,1,1,8,11,4,1,1,5286049
811,2,1,6,14,3,1,1,5498951
557,2,1,2,5,0,0,0,3784288
2671,5,1,10,14,0,1,1,11953902
1860,4,3,1,17,8,1,0,8340768
2509,3,1,10,6,0,1,0,10701107
569,2,1,10,13,0,1,1,5543798
2754,4,2,9,9,3,0,0,11249844
2102,3,2,4,19,7,1,2,9099253
1935,3,1,9,3,5,1,1,9471749
1358,4,2,10,19,5,1,1,8645543
1474,4,2,6,0,6,1,2,9211453
794,1,1,8,20,4,1,0,4951628
2486,5,2,1,5,2,0,0,10056501
1462,4,4,1,7,2,0,2,8064415
2686,5,4,1,5,10,1,0,11296052
1942,3,1,7,3,0,1,0,9013378
2080,5,4,8,20,7,1,0,11121737
1492,4,4,4,20,7,1,0,8502376
1710,2,1,8,17,5,1,0,7933668
2608,5,1,5,7,6,0,1,11188901
1707,2,1,9,1,10,1,2,9163952
2881,3,3,1,18,8,0,1,10240651
1848,5,2,8,10,10,0,1,10154899
598,2,1,1,5,3,0,1,4070027
2799,4,3,2,2,6,0,1,11111738
702,1,1,2,7,10,1,1,4488109
1498,3,3,6,14,1,1,2,8458382
2504,3,3,4,2,9,0,0,9920533
841,2,2,5,0,5,1,1,6077812
2490,3,1,9,2,7,0,1,10788865
2480,4,1,8,19,2,0,0,10080041
1330,2,2,4,12,2,0,0,6221416
2321,4,2,1,14,2,1,1,9600832
2971,3,1,9,11,8,1,0,11938781
914,2,1,6,7,9,1,1,6035950
1580,4,4,5,5,2,1,0,9069490
2898,3,3,4,8,2,1,2,11785097
2176,3,2,5,9,8,0,0,8934826
574,2,2,6,20,8,1,0,4899979
1423,4,4,8,5,8,1,1,9442982
2277,4,1,8,6,4,1,2,10906624
2381,3,1,8,3,7,0,1,10406203
1825,3,1,7,9,7,0,0,8117093
1570,3,3,5,4,0,0,0,7980529
2116,4,4,10,13,6,1,1,11315944
1346,3,1,5,8,7,1,2,7559826
1189,2,2,10,12,6,0,1,7271592
2250,3,1,1,8,5,1,1,8874804
2473,5,3,1,8,9,1,0,10584812
2950,3,2,2,19,10,0,0,10087208
2028,4,3,3,19,2,1,2,9558480
1276,3,1,5,17,0,1,1,6781062
2992,3,1,9,7,9,1,2,12075243
2399,5,4,3,12,3,0,1,10995473
1435,3,3,1,6,9,1,2,7983593
1783,2,2,2,5,0,0,0,7107390
599,2,2,8,7,6,1,0,5752997
2362,5,3,8,13,1,0,1,11120398
1659,4,4,4,16,4,0,0,8409734
807,1,1,3,2,2,1,0,4614974
2460,4,4,8,16,6,0,2,11612381
2061,4,3,4,7,8,0,1,9509817
1003,2,2,5,14,6,0,0,5491196
2423,4,4,4,20,5,0,0,10199774
1580,2,2,5,2,2,1,1,7784153
2829,5,1,3,14,2,0,2,11140177
1307,3,1,6,2,2,0,2,7378038
1967,4,3,7,15,0,0,1,9543681
2743,4,1,2,4,8,0,2,10621295
1284,3,1,2,12,3,1,0,6072124
536,1,1,2,11,3,1,0,3611121
2338,5,1,1,10,6,0,2,9757165
1289,4,3,2,19,6,0,2,7259643
933,2,2,8,9,6,0,1,6352795
1181,2,1,2,17,3,1,1,5620504
2708,4,2,9,19,3,0,1,11298238
1595,2,2,2,14,8,1,0,6749954
2885,3,2,9,12,9,1,1,12026541
2829,4,4,4,14,9,1,1,12005237
633,2,2,7,11,2,0,1,5398134
1394,4,3,9,15,8,1,2,9232692
2635,3,1,1,10,1,0,2,9327424
1068,4,4,5,3,0,0,0,7503138
706,2,1,6,18,5,1,0,5048310
1414,3,1,7,5,7,0,2,8016387
1238,3,2,1,13,7,0,1,6091202
518,1,1,10,5,6,0,0,4846688
2706,5,1,10,10,6,0,1,12083190
2996,3,3,3,7,2,0,1,11099995
1483,3,3,6,8,0,0,2,8390382
2452,3,1,2,2,2,0,2,9226502
2401,3,1,2,12,3,0,1,8707388
891,1,1,8,7,3,1,0,5607994
1874,5,4,4,10,4,1,2,10204409
1070,3,2,3,8,2,1,1,6611957
2920,3,2,5,4,10,1,1,11436010
2555,5,1,3,4,8,0,0,10159547
1411,4,4,1,20,10,1,0,7713981
1300,2,2,2,14,10,0,2,6496030
2095,3,1,4,18,3,0,2,8348677
2920,4,3,5,20,9,1,1,12123841
1878,3,1,9,10,8,1,0,9008241
2066,4,1,4,4,2,0,1,9120934
565,1,1,2,7,4,1,1,3949414
1431,4,1,2,10,10,0,0,6921319
1873,5,2,4,4,10,1,1,9589027
553,1,1,9,2,8,1,0,5232656
1727,3,3,1,7,10,0,0,7606752
2856,5,1,4,9,6,0,1,11371660
612,2,2,7,2,2,0,1,5572369
2433,3,2,8,5,3,1,0,10782697
2709,5,4,8,4,7,1,2,13115822
2210,4,4,1,14,3,1,2,10308822
918,1,1,2,12,9,0,0,4284955
2861,5,3,4,9,2,0,1,11758707
2558,3,2,4,11,2,1,1,10091105
2091,4,2,10,17,0,1,0,10219507
657,1,1,2,0,0,1,1,4380940
582,2,1,1,0,1,1,0,4057654
2784,5,4,3,12,4,1,0,11791858
2210,4,3,3,0,5,0,2,10340810
1865,4,1,6,15,2,0,2,8829191
1258,3,2,5,4,10,1,2,7903909
2880,5,3,10,15,4,1,1,12916413
2681,4,4,6,12,3,0,1,11267988
1334,2,2,9,18,7,1,0,7468339
2522,3,2,4,11,2,0,2,9753060
2668,3,1,2,9,3,0,2,9990489
1930,3,1,1,20,2,0,1,7139165
2197,5,1,9,15,8,0,1,10379225
2044,4,1,10,18,7,1,2,10140279
2283,3,2,2,7,1,0,0,8621631
2661,5,1,7,20,2,1,1,11594440
2580,4,3,3,5,3,0,2,11113013
1676,3,2,7,2,1,1,2,9161456
1798,3,3,6,14,1,0,1,8690089
1706,4,3,5,20,10,0,1,8882354
2081,3,2,6,2,10,0,0,9415548
1438,2,1,9,3,6,1,0,7619903
2888,3,2,7,3,0,0,1,11105670
753,2,2,9,11,1,1,1,6432819
732,2,2,1,1,5,1,1,5097518
1050,4,2,8,4,9,1,0,7989187
2729,3,1,7,13,4,1,0,10674957
2649,5,2,3,10,9,1,1,11209405
2758,4,1,4,6,7,1,2,11358666
1312,2,2,6,17,2,0,2,6865153
2556,4,1,7,18,4,1,2,10960935
1911,4,2,10,20,2,1,2,10338541
2165,5,1,8,4,5,1,2,11100018
1960,5,1,4,2,5,1,1,9498297
2542,5,4,3,3,3,1,0,11402655
1667,4,3,5,14,10,0,1,8591170
1952,4,4,7,19,9,1,1,10072090
1668,4,2,4,7,6,0,2,8626614
2267,3,1,5,8,7,0,1,9424642
2866,5,4,8,2,9,1,2,13637017
1990,5,4,2,8,0,1,1,10144700
845,2,1,3,12,4,0,1,4902209
1511,3,1,10,7,2,0,1,8162728
2489,3,3,1,10,7,0,0,9333306
1642,3,3,4,4,10,1,0,8548291
813,2,2,10,18,3,1,1,6522383
1180,3,3,10,3,8,0,1,8180240
1581,3,1,1,13,8,1,0,6953036
518,1,1,3,0,5,1,0,3954603
2101,4,1,10,14,6,0,2,10431926
2315,3,3,3,17,8,0,1,9251388
580,2,2,3,11,4,0,1,4505396
1533,4,1,7,16,2,0,1,7826430
2625,3,1,8,15,3,0,1,10472235
1712,4,2,8,17,9,1,0,9088878
2787,4,2,5,4,7,1,2,12081420
1617,2,2,6,1,5,0,2,8233877
2014,3,1,7,9,7,0,1,8993192
1579,4,4,6,6,4,0,1,9135401
1385,2,2,6,12,8,0,0,6681037
2648,3,3,8,2,0,0,0,11234833
2734,3,3,5,1,3,0,1,11049415
2466,4,3,10,7,3,1,1,12084483
1448,3,3,9,9,5,1,2,8882526
2728,4,4,9,3,3,0,0,12282974
928,1,1,8,12,10,1,1,5912128
2634,5,2,4,11,6,1,0,11126861
1181,4,2,3,14,0,1,1,7024099
2489,3,1,9,9,2,1,0,10392801
2293,3,3,3,6,6,0,2,9574541
1561,3,1,7,7,2,0,0,7676895
1910,4,4,2,4,1,1,2,9760985
872,1,1,9,20,10,1,1,5722493
2916,4,1,10,8,9,0,2,12370793
1806,5,1,2,17,5,0,0,7748286
1370,2,2,3,3,10,0,2,7155712
786,1,1,10,4,0,0,1,5654356
1829,5,4,4,0,9,0,1,9943975
1097,3,1,9,1,1,1,1,7522552
1980,4,2,3,8,5,1,2,9233591
1972,3,2,1,12,5,1,2,8367150
1814,4,1,10,16,5,0,0,8956262
2435,3,3,10,13,2,0,2,10944314
1659,4,4,8,3,8,1,1,10104452
2302,3,1,8,9,3,0,2,9936900
2072,4,3,1,0,1,1,1,9619611
2247,4,3,4,11,9,1,0,10084358
858,1,1,1,17,4,1,1,4234067
1133,2,2,7,5,2,1,1,6872867
742,1,1,5,20,3,1,0,4260008
1673,4,3,9,5,6,0,2,9811935
646,1,1,6,1,7,1,1,5201566
1093,2,1,8,16,0,1,1,6461205
1746,4,1,9,18,3,0,2,9092471
2133,3,3,7,16,4,0,1,9760889
1488,2,2,2,17,9,0,0,6174092
2941,5,4,6,14,2,1,0,12669992
2761,3,3,9,8,10,0,2,11928509
2400,4,2,4,16,0,0,1,9882516
2500,3,3,5,13,1,1,1,10543153
859,2,2,2,16,1,1,1,5031304
2859,5,1,3,18,10,0,1,11219038
1094,2,1,3,19,7,0,0,4992779
1717,3,1,1,18,6,1,0,7014179
2228,4,4,6,2,9,1,1,11039660
2088,4,1,4,19,2,1,1,9060609
2939,3,2,4,17,3,1,2,11122167
503,2,1,1,17,10,0,0,3467811
651,1,1,7,15,1,1,0,4477036
2711,5,2,8,1,3,0,2,12551838
1715,4,1,4,12,0,1,0,7965695
1910,4,4,7,13,3,1,0,9961962
2838,3,2,6,16,4,0,1,10759210
2928,4,4,10,5,2,1,2,13863471
713,1,1,5,20,6,1,1,4637084
2482,5,4,4,7,7,0,2,11377627
1322,3,1,8,0,8,1,0,7780108
716,1,1,1,6,10,1,1,4254537
1840,3,2,3,17,1,1,2,8516740
1849,3,3,9,8,5,1,1,9666548
2402,3,2,5,20,7,1,0,9780472
2771,4,2,1,2,4,0,2,10601402
2479,5,2,6,18,10,1,2,11477970
1817,3,2,7,0,1,0,1,8777412
2654,4,3,2,2,5,0,0,10412143
2015,5,1,9,1,10,0,1,10428535
621,2,2,8,15,10,0,0,5222583
2287,3,1,9,8,3,0,0,9828582
2241,3,3,10,19,3,1,2,10681469
1498,3,3,2,0,9,1,2,8291509
1191,2,1,7,6,10,0,0,6396592
874,2,1,1,8,7,0,0,4414004
1853,4,1,1,19,3,1,2,8156738
829,2,1,3,0,0,1,1,5447130
1994,3,3,2,17,7,0,0,8207695
1266,4,3,3,7,2,1,1,7816920
1327,4,2,5,19,2,0,0,7110967
843,1,1,4,0,2,1,0,4831093
567,1,1,2,7,2,0,1,3666581
2874,3,2,8,20,4,1,1,11717568
1441,2,1,2,0,7,0,2,6805781
2498,4,4,8,16,4,1,0,11764965
1311,3,3,4,7,5,1,2,7836117
2366,3,1,2,16,10,0,0,8409381
2133,3,1,7,6,7,1,0,9367328
1781,2,1,4,11,1,0,1,7099547
2460,5,3,6,14,10,0,1,11460233
1188,3,1,1,7,4,0,1,5939467
515,1,1,4,5,2,1,0,4069180
2344,3,3,9,14,0,0,0,10198485
557,1,1,6,2,1,0,0,4155997
2979,5,3,1,18,9,1,1,11805992
2783,5,3,7,8,5,0,1,11996874
654,1,1,10,4,8,1,1,5724656
1182,2,1,9,9,3,0,0,6374500
1494,2,1,1,20,0,1,2,6447907
1855,4,1,4,0,2,0,2,8602220
1885,5,4,3,0,2,0,1,9743118
705,1,1,6,11,6,0,0,4399515
2270,3,2,3,7,10,0,1,9143410
2465,4,3,4,15,3,0,1,10146097
1942,5,4,3,15,6,0,0,9206642
2903,4,4,4,20,2,1,0,11562810
1500,4,4,7,15,4,0,0,8777583
887,2,1,1,7,7,1,1,5138420
1770,2,2,4,2,4,0,0,7418234
2663,5,4,9,9,2,1,0,12769082
1327,4,4,2,16,9,1,0,7733574
1654,2,2,7,7,8,0,0,7816144
1874,3,1,3,1,0,1,2,8338368
1593,4,3,2,11,5,1,1,8350026
2453,3,1,3,3,8,1,0,9427529
2003,5,1,9,17,8,1,0,10248555
1985,5,3,1,4,1,1,2,9889061
685,2,1,4,10,10,1,0,4959390
2073,3,1,5,9,6,0,1,8627797
2185,3,2,8,14,2,0,1,9660316
844,2,1,8,8,8,1,1,6399734
1260,3,1,6,18,9,1,1,7085469
2342,3,2,4,12,0,1,2,9840980
1690,3,3,1,13,7,1,0,7727773
759,1,1,1,4,10,1,0,4150280
2332,3,1,1,13,4,0,0,8315192
1093,3,3,9,12,9,0,0,7519651
2693,3,2,9,9,8,1,1,11716496
1847,4,1,2,5,4,0,0,7906566
742,2,1,4,17,2,0,1,4624281
1781,2,1,9,13,6,1,2,8922883
1367,4,4,8,10,6,1,1,9316764
2895,4,4,4,14,8,1,2,12467050
1931,4,4,2,2,8,1,2,9809973
2624,3,3,8,0,6,0,0,11125520
2700,4,3,8,4,6,1,2,12339524
2078,5,1,4,13,1,1,2,9920978
1410,3,2,1,15,6,0,0,6351550
1221,4,2,1,15,4,1,2,7126906
1243,4,3,2,20,3,0,1,6814476
944,1,1,2,9,10,0,1,4573721
1939,5,2,6,8,5,0,1,9621546
1392,4,2,6,1,0,1,2,8690823
2908,3,1,6,2,0,0,1,11014586
806,2,2,10,4,8,0,1,6610691
1123,4,2,6,4,7,0,1,7316753
2475,5,1,5,19,7,1,1,10499079
2120,5,1,8,20,0,0,0,9488198
1246,2,2,2,14,10,1,2,6754439
1122,4,1,2,14,0,0,1,5950691
1787,4,4,1,19,0,0,0,8094819
995,2,1,1,18,10,1,0,4833515
641,2,1,2,11,2,0,0,3923249
2989,5,4,2,15,8,1,2,12457999
2147,5,1,6,13,3,1,2,10405070
2132,4,4,6,20,0,1,1,10232788
2085,3,3,7,5,8,1,0,9882432
2498,4,2,9,20,1,1,0,11059216
801,1,1,4,11,4,0,0,4160979
981,1,1,8,1,6,1,1,6209707
2664,3,3,10,0,4,1,2,12525938
574,1,1,4,7,7,0,1,4009703
2602,4,1,3,19,7,1,1,9956841
2255,4,3,1,19,3,0,2,9511350
2470,4,4,2,9,0,1,2,11044466
2104,3,1,6,9,2,1,0,8886388
2500,4,1,9,16,10,1,0,10888995
1587,3,2,2,7,8,0,1,7408947
1241,4,2,6,10,2,1,0,7593116
1504,4,1,7,3,7,1,2,8964480
2809,3,2,4,17,1,0,0,9959864
940,1,1,10,20,5,0,1,5761131
1009,3,1,5,16,6,1,0,6181396
2276,5,1,8,7,3,0,0,10123036
1244,2,1,10,3,1,1,2,7871694
2964,3,1,7,17,5,0,2,11486503
2595,5,3,8,19,3,0,2,11849453
1552,3,3,1,20,6,0,0,6843315
645,1,1,9,4,2,0,0,4790772
2031,3,2,6,10,10,1,0,9238245
652,2,1,6,0,10,0,1,5251704
2176,5,4,6,14,7,1,1,11424743
2405,5,4,2,6,0,1,2,11118923
2533,3,1,1,12,6,0,0,8810548
2250,5,4,6,14,4,0,1,10911061
574,2,1,10,15,5,0,0,5055219
814,2,1,5,6,8,0,0,5066227
1337,2,2,1,0,5,0,1,6317137
1738,4,3,9,9,2,1,1,9865451
1628,2,2,9,9,3,1,1,8277219
2636,5,2,3,11,7,0,2,11052148
1954,5,2,6,4,4,1,2,10307398
2251,3,2,3,10,9,0,1,9227277
529,1,1,10,10,8,0,1,4953303
1263,3,2,6,15,4,0,1,7088679
1790,4,3,2,5,2,1,2,9055125
2893,5,2,9,5,1,0,1,12345976
2063,5,3,3,3,10,0,0,9916055
1417,3,3,1,2,3,0,2,7472686
1942,4,1,5,9,1,1,2,9144719
1643,2,1,3,10,9,1,2,7516524
1992,4,4,4,19,3,1,1,9539893
2132,3,3,6,11,0,0,2,9620193
2034,5,1,5,7,5,0,2,9937352
2938,4,4,10,3,7,0,0,12932579
1512,3,3,8,19,8,0,1,8166816
1401,2,1,6,20,2,1,1,6954364
2417,4,1,2,17,4,1,2,9783104
2874,3,2,3,18,1,1,1,10325042
592,1,1,6,10,8,1,0,4510761
2398,3,1,4,0,2,0,0,9384638
2354,3,3,6,9,0,1,2,10462916
1535,2,1,7,8,10,1,2,8138223
749,2,1,10,7,3,1,0,6084002
2058,4,3,2,0,2,0,2,9448403
1821,4,1,10,6,2,0,0,9303597
2103,3,2,3,10,0,0,2,8923693
2292,4,4,10,10,0,1,1,11732248
629,1,1,3,4,5,0,0,3908204
2521,4,1,8,9,8,0,2,11302540
1315,4,2,7,0,4,1,1,8310734
577,2,2,1,11,7,1,1,4479894
1342,4,2,2,3,2,1,2,7807177
1150,2,1,9,19,8,1,0,6525204
1138,4,3,5,8,5,0,1,7546844
2185,3,1,8,0,3,1,0,9917780
1653,4,4,9,10,3,0,1,9765466
1068,4,4,5,7,9,0,0,7647327
914,2,2,5,10,9,1,0,5892034
724,2,1,8,19,5,1,0,5363946
1949,3,3,4,6,10,0,0,8593833
2210,5,2,3,0,5,0,2,10206814
1162,4,1,4,8,9,1,1,7350650
2330,4,2,4,4,6,1,0,10352877
1359,4,2,2,3,8,1,0,7311978
1808,3,3,3,11,5,0,0,7798434
2809,5,4,3,19,4,0,2,12149469
1690,4,4,8,0,7,0,0,9570234
2047,3,1,6,11,5,0,1,8916236
1127,2,2,10,3,9,1,1,7698681
2823,4,1,10,0,4,1,1,12588376
701,2,2,5,15,8,0,0,4858504
2555,5,4,7,12,1,0,2,12289315
2318,3,1,8,8,9,0,0,9637333
2754,3,1,1,6,1,1,1,9880867
2403,4,3,3,3,6,0,1,10393886
1144,4,3,5,9,5,0,1,7471039
1823,4,4,9,16,9,0,1,10217749
1487,4,4,8,11,10,0,1,9064524
2548,3,2,5,4,2,0,0,9667944
1286,3,3,4,13,0,0,0,6664752
1264,2,1,4,4,9,0,1,6212705
638,2,1,8,18,3,1,0,5149039
1287,2,2,2,16,4,1,1,6096212
604,1,1,2,20,4,0,0,3115115
1452,2,1,10,6,6,0,1,7811235
1107,4,1,8,6,1,0,1,7445358
2190,4,4,3,7,8,1,1,10437654
2159,3,1,2,12,1,0,0,7732306
1381,4,4,10,8,2,1,0,9395763
1657,2,2,5,15,5,1,0,7414237
2146,5,2,3,5,9,0,2,10297218
774,1,1,10,2,9,0,1,5823804
617,1,1,8,14,10,0,1,4842668
2156,4,3,9,14,6,1,0,10460561
2345,4,3,5,9,1,1,1,10553581
1671,2,2,6,19,8,0,1,7731749
805,1,1,9,3,8,0,0,5551970
1999,4,3,5,10,7,0,1,9412748
1579,2,2,2,9,10,0,0,6543651
1584,3,3,6,4,7,1,0,8758602
1574,3,2,5,10,4,0,0,7527546
2855,3,1,9,5,6,1,0,11297580
2903,4,4,3,18,9,0,1,11688355
1299,3,1,1,19,5,0,0,5518755
2984,3,3,3,4,2,1,2,12016322
2274,3,2,9,8,2,1,2,10504671
2717,4,3,3,5,3,0,2,11114587
1384,2,1,3,19,7,1,1,6210910
1693,2,2,2,17,1,1,2,7325070
1437,3,1,8,20,4,0,2,7625279
975,2,2,3,18,7,1,1,5608666
2582,4,4,9,10,1,0,1,11584701
1942,5,4,10,4,7,1,0,11425080
704,1,1,10,3,6,0,0,5218402
835,1,1,2,15,0,1,0,4046006
2533,5,4,4,15,4,0,1,11019740
2396,5,1,3,1,7,0,2,10673835
730,1,1,4,3,6,0,1,4550285
767,1,1,8,3,9,1,1,5761802
1549,2,2,7,1,6,1,2,8384254
2750,5,3,5,8,10,0,1,11855141
1616,4,4,5,11,3,1,2,9658887
1699,3,1,3,13,5,0,1,7460937
2226,4,2,2,10,5,0,1,9383326
876,2,1,3,2,1,0,1,5181986
947,2,2,1,12,3,1,1,5451437
2659,5,3,7,18,7,1,0,11570703
2004,5,4,9,17,2,1,2,11204866
1223,3,1,4,11,9,0,2,6881785
2443,3,1,6,4,5,0,0,9567388
2450,3,2,9,12,1,0,0,9953777
1552,2,2,9,14,4,0,1,7693264
1776,3,1,3,2,6,0,1,7753314
1284,2,1,1,0,6,0,0,5714097
1414,3,3,10,11,2,1,1,9030634
2710,3,1,4,7,10,1,0,10165051
2615,5,3,6,19,6,0,2,11514266
2613,4,4,1,14,4,0,1,10580574
2639,3,2,6,10,6,0,0,10413326
2255,5,1,5,15,10,1,0,10265604
527,2,1,5,4,5,1,1,4958435
2926,5,2,4,7,5,1,0,11861357
2272,5,3,4,16,4,1,0,10384867
1606,4,4,8,4,7,1,0,9724805
1068,3,2,2,9,0,0,1,5984896
1550,2,2,10,17,1,1,0,7942920
2584,5,3,8,10,2,1,1,11985151
968,2,2,3,20,0,0,0,4920377
706,1,1,5,20,8,1,0,4302954
834,1,1,6,18,4,1,0,4756290
2802,3,3,8,18,10,1,0,11528839
2220,5,1,2,14,7,0,1,9369648
712,2,1,4,14,0,0,0,4252948
2970,5,4,6,2,4,0,1,12796545
1253,4,4,10,1,5,1,2,9679444
805,1,1,7,15,1,0,1,4850970
1625,2,2,8,13,0,0,2,7825457
1511,3,2,7,1,0,1,2,8644151
1541,2,2,7,16,5,1,1,7689329
2934,5,2,6,10,9,0,0,11799285
2563,4,3,5,13,8,0,0,10427192
560,2,2,5,12,5,0,0,4616529
2538,5,3,10,10,9,1,0,12481480
2439,4,2,4,7,4,0,0,9921231
1485,3,1,8,0,3,1,1,8198626
2207,5,3,8,11,3,0,1,11014911
924,1,1,7,17,9,0,0,4933973
2103,4,1,7,6,9,1,2,10127666
993,2,1,3,10,1,0,1,5143288
2622,3,2,4,5,4,1,2,10546076
2044,3,3,9,3,10,0,2,10362207
1613,2,1,7,0,9,0,2,8176882
2117,3,1,8,17,9,1,2,9952160
1378,3,1,7,3,7,1,0,7835805
2592,3,1,8,11,1,0,0,9960165
2263,4,4,10,13,8,0,0,10963825
748,1,1,5,0,1,1,0,4863327
2790,3,2,10,20,5,1,0,11671750
1084,3,3,7,15,4,0,0,6960288
1682,2,2,4,14,8,0,1,7198653
2891,4,4,4,13,0,1,2,12404303
1450,3,1,6,2,3,0,0,7180531
1262,2,2,4,5,7,0,2,6686777
1403,2,2,8,3,6,0,2,8031519
2200,5,1,8,10,4,0,1,10263578
1029,4,2,4,11,2,0,1,6583351
1076,2,1,5,15,4,1,1,6148722
1043,3,1,9,11,5,0,0,6612306
1354,4,3,10,14,9,1,2,9703586
566,2,2,2,14,8,1,1,4695764
1416,4,2,7,19,3,1,2,8614357
2936,5,3,8,5,0,0,0,12327444
1796,2,1,1,9,8,0,0,6775719
1562,3,3,2,7,8,0,0,7226309
2644,4,2,5,18,2,0,1,10598084
1050,4,3,10,6,7,0,0,8209706
907,2,2,3,17,5,0,0,4855337
527,1,1,5,1,4,0,0,4086617
2417,5,4,3,3,1,0,1,11052951
1632,2,1,2,9,10,0,0,6537077
2861,3,1,1,12,2,1,1,9827250
1793,2,1,7,13,4,0,1,7913514
574,2,2,6,12,8,0,0,4893414
1535,2,1,6,7,2,0,0,6756656
1451,4,2,9,20,2,0,0,7998864
2997,4,2,5,15,2,1,0,11650456
2321,3,3,4,18,1,1,1,9905783
1181,3,3,8,6,0,1,0,7792139
541,1,1,5,16,0,0,0,3577598
1954,5,3,1,13,4,1,2,9849285
2230,4,1,8,4,7,1,2,10716081
1399,2,1,3,6,10,1,1,6877753
2283,4,3,2,8,9,0,0,9340016
2007,5,1,4,17,2,1,0,8943103
2893,3,1,9,7,4,0,1,11258280
1731,3,2,7,6,0,0,1,8433250
1781,4,1,5,19,4,0,1,8337968
1734,3,2,6,2,5,1,0,8610304
2865,3,3,4,1,0,0,2,11322920
1637,4,2,9,8,4,1,1,9569245
669,2,2,3,19,10,0,0,4353459
2498,5,3,5,0,0,0,0,10771098
1847,4,4,8,19,0,0,2,9864267
1554,4,4,5,9,2,0,0,8591320
2885,4,2,9,13,9,1,2,12890643
2878,3,2,9,10,9,1,0,12010645
2440,3,1,4,2,5,0,2,9753305
1975,5,4,10,9,8,0,1,11191018
2671,3,1,1,2,5,1,1,9895299
760,1,1,6,15,3,1,1,4956727
655,1,1,1,7,2,1,0,3716159
2639,5,4,2,15,8,0,0,11057992
1045,3,3,1,19,1,1,1,6073498
1150,2,1,3,7,2,1,0,5607667
1970,4,2,7,19,8,0,0,8912679
2853,5,1,3,8,2,0,1,11066082
654,2,1,9,8,5,1,1,5809223
2593,4,4,4,0,2,0,2,11633818
1691,4,3,8,14,1,1,1,9459564
1343,4,1,10,4,1,0,2,8523605
960,1,1,8,8,0,0,0,5277320
1683,4,4,5,7,4,0,2,9378600
1976,5,4,7,11,1,1,0,10363643
2595,4,3,6,19,8,0,0,10773320
979,2,1,8,13,3,1,0,6105379
2999,3,3,6,9,0,0,0,11130077
1969,3,2,6,10,9,1,0,9124852
1241,2,2,7,0,0,1,2,7684205
1703,2,1,10,5,2,1,2,8858571
1510,4,4,8,1,7,0,0,9162934
590,1,1,4,20,0,0,0,3328813
1153,2,2,5,7,3,1,1,6606739
2260,5,3,7,1,2,1,1,11576329
908,1,1,7,7,8,0,1,5413453
2067,3,1,4,19,10,1,0,8362094
2701,4,2,10,13,0,1,2,11935304
2378,5,2,10,2,0,1,0,11571635
626,2,1,1,16,1,1,1,4045803
1898,5,3,2,11,10,0,2,9708444
753,1,1,6,7,4,0,1,4845755
1857,3,3,2,10,2,0,0,7956187
2207,4,4,2,20,5,1,2,10109852
2912,5,2,3,8,6,1,2,12036248
1198,4,4,4,16,9,1,0,7616086
2225,4,2,1,1,5,1,1,9573260
1191,4,3,10,8,4,0,0,8398935
870,1,1,6,11,1,0,1,4892251
2933,3,2,9,5,7,0,2,12134017
1258,2,1,7,19,0,1,1,6445472
1028,4,4,4,2,6,1,0,7491019
1239,3,1,5,0,10,0,1,7192528
896,2,2,1,19,7,0,0,4624922
2455,4,2,9,12,4,0,1,10943198
625,2,1,1,17,6,1,1,4203658
2675,4,2,6,18,10,1,0,10781321
811,1,1,7,19,4,0,1,4769560
1824,4,2,2,16,7,0,2,8604901
1920,3,3,9,5,2,0,1,9829067
2035,5,2,3,5,4,0,2,9885482
2632,4,1,8,9,9,0,2,11210851
827,2,1,4,4,5,0,1,5121863
605,1,1,4,6,2,0,1,4056319
583,1,1,2,18,1,1,1,3684293
654,2,2,4,20,8,1,1,5150749
1068,4,4,7,7,1,0,1,7926564
1502,2,2,7,18,0,1,1,7402124
1794,2,2,8,7,1,1,2,8827485
2416,4,3,4,6,5,1,2,10791900
1790,4,2,4,5,10,1,2,9450757
1514,2,2,1,12,9,1,1,6750806
2619,5,1,3,10,4,1,2,10848232
1221,3,3,1,12,6,1,1,6828071
2165,4,4,9,19,2,1,2,11492105
1961,5,3,2,4,7,0,2,9593277
2660,5,2,7,1,6,0,2,12117062
1812,4,3,6,13,5,0,1,9074580
865,2,1,4,17,6,0,1,4925031
2989,4,1,4,20,10,0,0,10905118
2608,3,2,1,2,10,0,0,9671331
2863,3,2,1,9,4,0,2,10398389
2218,4,3,9,1,10,0,0,10940422
2125,5,2,6,11,1,1,0,10078762
1694,4,3,6,10,6,1,2,9431812
2523,4,2,6,17,4,1,2,11059553
1110,2,2,1,3,10,0,1,5631027
1073,3,3,5,18,6,1,1,7157942
2273,5,1,10,5,0,0,2,11357145
2145,3,2,8,10,5,1,2,10405943
1717,4,2,2,19,3,1,1,8058412
877,1,1,3,11,3,1,0,4461908
2985,3,3,7,5,9,0,2,12259474
2895,3,3,8,10,9,0,2,12085171
1037,3,2,2,6,1,1,1,6161713
595,2,1,4,16,9,1,1,4812644
2768,4,3,1,14,9,1,1,10858587
1369,3,1,2,5,3,1,1,6956121
1241,4,3,1,12,9,1,1,7453214
525,2,2,8,9,0,1,1,5633003
1416,3,2,1,3,6,0,1,6806938
677,2,2,9,14,10,0,0,5569207
1222,4,4,4,11,7,1,2,8343044
1537,2,2,6,6,9,0,2,7770357
2431,3,2,8,8,1,1,2,10857148
1658,4,3,9,18,9,1,0,9513510
1877,3,3,7,0,0,0,1,9164822
1334,3,3,9,7,5,0,0,7840007
2429,3,3,8,20,6,0,0,10374640
1586,3,1,1,1,10,1,2,7591604
859,2,1,8,8,10,0,0,5892203
2701,3,1,4,1,9,1,0,10553073
2653,3,1,9,1,8,1,2,11575779
1273,3,2,2,5,6,0,0,6527101
2235,5,4,5,10,10,1,0,11242882
2833,5,3,3,0,6,0,1,11910611
2371,5,2,1,5,8,0,1,10284324
2259,4,3,3,4,0,1,0,10065417
1675,4,1,4,0,2,1,0,8175774
973,2,1,10,10,4,1,1,6666933
2947,3,3,5,9,1,1,2,11598093
786,1,1,9,6,10,1,0,5637993
1510,3,2,8,12,5,1,2,8773461
2770,4,3,8,13,2,0,1,12039466
1447,4,3,9,12,7,0,1,8702430
1257,2,2,7,3,7,1,0,7096154
2224,4,1,8,5,10,0,1,10182084
1699,3,3,9,10,0,0,2,9051114
2896,5,1,10,2,0,0,0,12048660
1504,4,1,1,3,9,0,1,7369407
2824,4,2,5,0,3,0,1,11503471
2353,5,4,2,17,7,0,2,10699836
1276,3,2,1,11,8,0,2,6466306
1524,3,2,10,9,10,0,2,8991200
2429,4,2,3,10,7,1,2,10803747
2591,3,1,5,20,2,0,1,9482885
2581,3,1,4,5,1,0,2,10155830
780,1,1,9,5,2,1,1,5901193
1511,3,2,2,2,9,1,0,7428064
1658,3,2,7,4,9,1,2,9183956
1512,3,2,4,2,8,1,1,8199218
2098,5,1,5,16,8,0,1,9483679
1666,3,1,7,17,10,0,0,7871989
2433,4,1,1,17,6,1,1,9331025
2120,4,1,1,4,3,1,1,9043118
841,2,1,8,14,1,1,0,5564435
592,2,2,4,10,1,0,1,4572557
1457,4,3,10,20,7,0,0,8720009
740,1,1,8,17,5,1,0,5060755
1213,4,2,2,14,6,1,0,6970352
1430,4,2,5,15,8,1,0,7871218
2228,3,3,7,3,5,0,0,9923158
588,2,1,4,10,0,0,1,4338612
2163,3,1,5,0,10,1,1,9568133
1447,3,3,8,0,0,0,1,8618382
2479,4,4,5,12,2,0,2,11360683
677,2,2,8,13,2,0,0,5406811
2725,5,2,6,18,3,0,0,11035531
1543,4,4,1,14,1,0,1,7801709
989,1,1,2,8,4,0,0,4336575
2698,4,3,7,14,3,0,2,11430740
693,1,1,7,12,0,0,1,4649130
1043,3,1,6,8,0,1,1,6667043
839,1,1,10,6,4,0,0,5392026
1283,3,3,6,6,9,0,0,7534757
1769,4,2,3,2,6,1,2,9136057
847,2,2,10,2,3,1,1,7015551
2639,5,3,4,14,9,0,2,11323579
1484,4,4,9,4,4,0,1,9578357
1262,4,4,2,6,1,0,2,7696821
2609,3,2,1,17,4,0,1,9393599
883,1,1,2,17,2,0,0,3807825
1772,3,1,6,9,3,0,0,7673550
1813,5,3,5,6,2,1,1,10004272
2997,3,1,1,14,8,0,0,9789043
621,2,1,9,2,6,1,0,5686687
1376,3,3,4,11,1,0,1,7169495
2031,3,2,4,9,10,0,1,8785986
2926,4,1,6,9,10,0,2,11611090
891,2,2,6,10,6,0,1,5884719
657,1,1,2,10,1,0,0,3376168
1274,3,1,10,13,1,0,2,7871650
2848,3,2,3,7,6,0,2,10945204
1998,4,4,8,13,4,0,0,9993864
2555,4,1,8,18,0,1,1,10753866
1141,2,1,4,6,5,0,0,5542768
1184,4,1,1,3,1,0,1,6357791
1647,2,2,9,4,2,0,0,8168864
2018,3,1,1,17,8,0,2,7989604
2816,4,1,7,13,5,0,1,11110168
884,2,1,1,17,1,1,1,4614368
2758,4,1,7,17,9,0,0,10770313
1757,3,2,1,15,4,1,0,7287778
2987,5,3,10,20,8,1,1,13680685
2830,3,2,1,1,7,1,2,10806757
2212,4,4,1,2,5,0,2,9987351
2210,3,2,5,3,10,1,1,9941787
1860,3,1,5,9,5,1,1,8632170
1912,5,1,9,20,6,0,0,9474631
1356,2,2,1,17,10,1,0,6222336
1020,3,2,9,20,1,1,0,6865580
2671,4,2,1,10,6,1,0,10155148
2857,5,2,3,20,1,1,1,11315737
2114,3,3,9,4,5,1,2,10573041
2654,4,4,2,19,7,1,2,11050438
2574,5,1,1,4,10,0,2,10557295
1775,2,1,9,18,9,0,1,8037249
573,1,1,2,19,0,1,1,3620383
2777,3,2,9,8,2,0,0,11091657
2044,4,2,1,14,7,1,2,9377549
697,1,1,7,7,7,0,0,4760380
2089,5,1,10,14,2,1,0,10242801
2549,4,3,8,14,9,1,1,11765415
1542,4,1,9,11,2,0,2,8659704
2963,5,2,8,4,6,0,1,12598885
2276,5,2,10,19,6,1,0,11150366
1759,2,2,9,12,8,0,1,8350853
2707,4,2,6,18,8,1,1,11435044
1714,2,2,5,3,10,1,1,8110134
2286,3,2,10,12,7,0,2,10872890
1061,3,2,7,11,5,1,0,6874073
1978,5,2,2,8,3,0,2,9530377
1914,3,1,2,17,9,0,0,7541373
1986,5,2,1,10,10,1,1,9285036
1354,2,1,7,15,1,0,1,6538430
1989,3,3,7,19,7,1,2,9790003
2442,3,2,6,4,4,0,2,10368410
1936,5,4,2,7,10,0,1,9990031
1564,4,3,1,1,4,1,0,8074530
1966,5,1,1,13,0,0,0,8312277
2938,5,3,4,12,3,1,2,12483131
1820,5,4,6,17,8,1,2,10779031
1290,3,1,5,17,6,0,2,6943272
792,1,1,1,14,8,1,0,3976171
1278,2,1,5,2,1,0,1,6434241
2267,5,1,7,16,2,0,1,10211274
2218,4,4,8,0,5,1,1,11718087
500,2,1,1,17,0,0,0,3086010
1122,3,1,7,5,0,0,0,6515052
532,2,2,1,19,0,0,1,3668963
1113,3,3,7,7,4,1,1,7632485
646,2,1,8,18,10,1,0,5378917
2948,3,1,1,5,1,0,2,10378859
1838,3,1,8,13,4,0,1,8555125
1122,3,2,2,20,8,0,1,5815895
1903,4,4,5,9,1,1,1,9695579
1672,4,3,10,16,4,1,1,9884395
2246,5,2,7,3,7,1,1,11230176
1199,4,4,9,2,4,0,1,8722119
620,1,1,6,14,0,0,1,4254812
884,2,1,4,14,5,0,0,4849533
2659,5,4,2,7,1,0,2,11448768
2332,3,1,7,0,1,1,0,9961174
2015,5,3,3,11,3,1,0,9855832
1470,3,1,10,9,2,0,2,8256546
2897,5,3,5,8,0,0,2,12355385
1798,4,2,9,4,1,1,1,10036404
2872,5,4,4,0,8,0,2,12888283
2460,4,2,6,3,8,0,0,10540881
2916,4,2,5,18,1,0,0,11037264
1420,4,4,5,18,3,1,1,8429775
2488,3,2,6,10,4,1,0,10218213
1197,2,1,5,0,9,0,1,6297378
2557,5,3,8,9,3,0,1,11825093
1113,4,2,8,11,9,1,1,8071047
680,2,1,1,11,1,0,0,3725659
2885,3,3,10,7,3,1,2,12834712
1585,3,3,8,5,3,1,0,8861627
1114,4,3,9,9,10,0,0,8147222
1556,3,2,6,16,7,0,2,8193817
2735,5,1,6,1,7,1,1,11702971
1865,3,2,8,2,8,1,2,9661213
576,1,1,4,0,0,0,1,4135154
2444,4,1,8,20,2,1,0,10114364
1752,4,4,9,7,6,0,2,10388944
1104,4,3,6,20,5,0,0,6982538
2153,5,1,8,5,7,0,0,10235583
978,1,1,3,3,7,0,0,4714172
2276,5,4,7,17,8,1,1,11573677
2899,4,2,2,14,3,0,0,10249381
2170,3,2,9,0,7,0,1,10092951
1875,5,3,7,18,3,0,2,10269554
1587,4,2,5,4,0,1,0,8217890
726,1,1,1,17,10,0,1,3718898
1302,3,1,6,0,9,0,2,7535835
2827,3,2,3,13,1,1,1,10354653
1546,2,1,3,16,7,0,0,6114211
1391,3,3,2,6,9,0,0,6902238
1386,4,4,5,20,4,1,0,8352122
1157,2,2,7,20,10,0,1,6639047
2216,4,1,8,12,4,1,2,10597414
514,2,1,8,15,1,0,1,4815310
1138,4,2,4,2,2,1,0,7053103
2260,5,1,6,8,2,0,0,10091024
1174,3,1,6,14,4,1,1,6863691
2524,4,4,6,10,0,1,1,11380387
758,2,1,5,4,5,1,0,5329620
536,2,1,2,11,4,1,1,4312222
2030,5,1,5,13,5,0,1,9532923
1896,4,2,3,16,8,0,2,8670940
1127,3,1,3,18,7,1,0,6063593
2368,5,4,9,14,10,0,0,11803880
1167,2,1,9,17,9,1,1,7148746
848,1,1,7,6,0,0,1,5125809
1908,3,2,9,2,8,1,1,9958155
937,2,1,2,8,8,1,0,5193868
2779,5,3,6,3,10,1,0,12132102
2892,3,2,7,13,7,0,0,11004233
2715,3,2,9,0,8,0,0,11416246
1025,3,3,5,13,0,0,0,6364962
864,2,2,7,7,10,0,0,5768671
2587,4,3,6,14,9,0,2,11469302
1418,4,1,3,8,0,0,1,7090046
2081,5,4,5,17,4,1,0,10539627
935,1,1,5,10,2,1,0,5032851
1330,4,1,5,6,10,0,0,7178942
2323,4,1,10,6,1,0,2,10801771
929,2,1,6,11,10,1,0,5945793
2454,4,2,2,13,6,1,0,10017538
823,2,1,6,18,5,0,1,5143818
2362,5,4,3,17,10,0,2,11169200
1296,3,1,6,18,5,1,0,6828233
2691,5,2,8,10,0,0,1,11779928
1011,4,1,3,15,0,0,1,6052405
2160,4,4,7,2,10,0,1,11153948
2542,3,1,8,11,4,0,1,10166160
2475,5,1,2,10,2,1,2,10243256
1715,4,4,10,19,3,1,2,10579219
1269,4,4,9,8,7,0,2,9224758
2137,4,1,5,9,4,1,0,9520612
1427,2,1,2,4,4,0,1,6335528
2501,4,2,6,16,9,0,1,10708023
2056,4,3,6,17,2,1,0,9669431
1255,2,2,2,13,8,0,2,6307880
1187,3,1,9,10,0,1,0,7042456
581,2,2,1,16,7,1,0,4150698
2582,3,3,4,6,10,0,0,10355996
1248,3,1,4,16,5,0,2,6719674
1229,3,2,1,4,6,1,0,6339285
1187,3,2,2,11,7,1,0,6480384
2466,4,2,7,7,9,1,2,11633565
2935,3,1,7,3,8,1,0,11494019
2174,5,2,3,18,8,0,0,9316297
802,2,2,2,15,8,0,0,4506360
1295,2,2,7,9,4,0,1,7011616
2155,5,4,5,16,2,1,1,10990229
2696,5,2,4,3,8,0,2,11734518
1031,2,2,8,7,10,0,0,6500556
1356,4,4,2,12,2,0,2,7852262
1683,3,1,2,2,0,0,0,7128719
2632,3,2,2,2,3,0,1,10143727
2781,5,3,8,20,0,0,1,12040623
2976,4,4,2,18,6,1,0,11635660
1482,4,1,3,13,6,0,0,6894941
2315,5,2,10,18,6,1,1,11320699
584,1,1,8,9,1,0,0,4439887
792,2,2,7,15,3,1,0,5763048
1216,2,1,5,15,10,0,0,5774100
1034,3,3,1,14,4,0,1,5793066
2741,3,3,4,11,6,1,0,10520801
758,1,1,5,15,3,1,0,4511903
1209,2,2,9,0,9,0,2,7593727
806,2,2,9,18,8,1,0,6039696
2168,5,4,8,7,6,1,0,11490598
2942,4,1,6,5,3,1,2,12053268
1249,4,1,3,18,10,0,0,6595910
2140,4,1,6,2,7,1,1,10011394
1153,2,2,4,13,6,1,1,6392386
2653,5,3,7,10,10,0,0,11624298
578,2,2,9,1,1,1,0,5842024
2162,4,1,10,12,0,0,0,9766552
1981,5,3,7,19,10,0,2,10503143
2197,3,1,3,18,9,0,2,8632807
1877,5,4,7,7,10,1,0,10836198
2950,5,4,2,5,3,1,0,12491181
2286,3,3,4,14,10,1,2,10458776
2123,3,3,9,15,8,0,2,10074349
2407,5,1,7,12,10,0,1,10867627
724,2,2,7,15,10,0,1,5518037
2345,4,2,1,20,10,1,2,10005041
1230,4,4,2,14,10,0,0,7190056
1904,4,3,9,13,7,0,1,10153141
2191,4,2,7,2,7,1,2,11134213
2550,5,4,1,1,2,1,0,11361758
2776,3,3,2,12,0,0,1,10432932
1465,3,2,2,3,0,0,0,6593482
1416,4,2,2,13,0,0,0,6976588
1274,3,1,10,19,7,0,1,7362411
1108,4,2,4,1,0,0,0,6642829
1822,3,1,3,8,0,0,1,7741968
1034,3,1,8,9,8,1,0,6731655
1601,4,2,5,14,6,0,2,8596015
1194,4,1,3,14,6,0,1,6685895
691,1,1,3,13,9,0,1,4108863
2511,3,3,6,6,9,0,2,11150548
1686,3,1,8,8,0,0,2,8304126
2721,4,1,9,11,6,1,0,11270331
538,2,2,10,7,1,0,1,5696454
2678,3,2,10,1,6,1,1,11805276
1474,3,3,9,10,4,0,0,8397781
1055,2,2,7,2,6,0,1,6536455
631,1,1,4,6,10,1,1,4645321
561,2,2,3,8,2,0,1,4411557
2514,3,3,9,19,0,1,1,11152205
1518,2,2,7,7,10,1,1,8166043
599,1,1,1,5,6,1,1,4009561
920,1,1,1,10,7,0,0,4059532
584,1,1,1,1,0,0,0,3321082
865,1,1,9,1,0,0,0,5315930
515,1,1,9,3,5,0,1,4809132
2563,5,2,7,11,4,0,0,11292841
2113,3,3,5,4,9,1,2,10398468
2008,3,3,8,1,9,1,2,10342344
1739,2,1,1,11,8,0,0,6546199
1428,3,1,6,16,7,1,1,7439736
2998,4,2,3,8,2,1,1,11530153
1778,3,1,10,8,8,1,0,8923821
597,1,1,2,9,3,0,0,3471373
2277,5,1,10,14,0,1,1,11147440
1542,4,2,1,5,4,0,2,7645429
1926,3,3,1,11,4,0,0,7767346
1933,4,3,2,11,1,0,0,8633943
1525,2,1,6,2,10,1,1,7830506
1487,4,1,6,7,7,0,2,8185158
1871,4,2,9,15,6,1,2,10305206
2637,3,2,3,17,2,1,0,9944877
1314,3,1,5,7,10,1,2,7483082
846,2,1,10,10,9,0,0,6033256
1751,3,3,1,10,5,1,2,8309706
1073,2,1,8,0,0,1,0,6541985
2226,3,1,9,9,4,1,1,10322314
2500,4,4,3,16,6,1,1,10736567
1311,4,3,3,10,8,0,1,7613149
2131,5,2,6,5,5,1,2,10638023
1513,4,1,6,7,9,1,0,8032508
1296,2,1,6,4,1,1,2,7167665
2481,4,1,8,8,3,0,2,11045531
2181,3,1,10,14,3,0,1,9593420
1241,3,3,6,9,2,1,2,8046497
2108,3,1,10,8,6,0,0,9423126
2705,3,1,8,9,10,1,0,10877307
2735,4,1,6,1,8,1,1,11294979
700,1,1,1,12,10,0,1,3771060
883,1,1,8,17,7,0,0,5091263
928,1,1,2,18,4,0,1,4147596
750,1,1,7,13,0,1,0,4750856
2434,5,1,6,18,4,1,1,10973287
751,2,2,6,20,9,0,1,5271047
1590,2,2,6,1,9,0,0,7549056
926,2,1,7,8,4,0,0,5549255
1405,2,1,4,0,0,1,2,7088752
1198,2,1,4,10,0,1,0,5767479
1685,4,4,4,16,6,1,1,9133058
1586,3,1,3,3,9,0,1,7494293
2065,3,1,2,15,8,1,0,8305943
2190,5,1,4,4,0,0,2,10120254
2837,3,1,10,3,5,1,0,11572393
1775,4,2,9,7,9,0,0,9163168
635,2,2,1,2,2,1,1,4898864
1308,3,1,3,10,6,1,0,6738646
1234,4,2,10,3,7,0,0,8158151
1264,2,2,6,9,0,0,1,6548750
2043,5,4,10,3,4,0,0,10914200
2177,4,4,10,6,0,0,2,11450932
658,1,1,6,20,5,1,1,4607428
828,1,1,3,17,2,0,0,3993545
1606,2,1,5,15,1,1,0,6949277
546,2,1,4,19,5,1,0,4186134
954,2,1,2,2,2,1,0,5152420
2185,5,1,10,12,2,0,0,10413986
2682,4,2,6,2,3,1,1,11335601
2122,5,1,6,11,5,0,2,9962926
2619,3,1,1,6,4,1,1,9711454
1382,2,2,5,19,8,0,0,6475832
2443,5,4,9,2,2,1,2,12783931
501,1,1,3,12,9,1,0,3851143
2990,3,2,3,19,4,1,0,10388832
1210,2,1,1,13,5,1,0,5513179
2793,4,3,4,6,10,1,2,11783431
2794,3,1,4,13,0,1,2,10491764
1559,4,2,2,8,2,1,1,8046684
2696,3,2,2,17,9,0,1,9741673
2114,5,2,3,18,6,0,1,9582979
1716,3,3,1,15,10,0,0,7412246
2250,5,3,10,1,5,0,0,11313874
1410,2,2,5,1,6,0,2,7536312
1976,5,1,8,0,0,1,1,10105975
1501,2,2,4,10,1,0,2,6922560
2877,3,3,4,2,8,1,2,11882836
1484,4,3,10,2,4,1,2,9833816
2108,4,4,4,18,1,0,0,9392805
2550,5,1,8,7,10,0,0,11195670
1954,3,2,2,19,7,0,1,8108041
2652,4,1,8,2,7,1,1,11507850
574,2,2,7,16,10,1,0,5282833
2507,4,1,1,2,10,0,2,10142168
2683,4,4,9,14,1,0,0,11806184
763,1,1,1,10,9,1,1,4309403
2097,3,2,8,18,7,0,2,9686797
2103,5,3,9,2,3,0,2,11270687
1027,4,3,5,20,0,0,1,6898688
1852,3,1,5,4,1,1,2,8953586
1486,2,2,7,11,1,1,0,7314341
1569,2,1,10,17,1,1,2,8210441
2787,5,2,4,5,6,0,0,11011958
1422,4,3,9,19,4,1,0,8736383
1859,4,1,6,5,1,0,1,8878949
1375,4,1,9,2,10,1,0,8660128
571,2,2,2,4,4,0,0,4189944
811,2,2,9,4,10,0,1,6354678
2936,5,3,10,19,4,0,0,12755991
2635,5,2,7,13,2,0,2,11936665
2061,4,3,1,16,10,1,1,9234544
658,1,1,3,18,5,1,0,3840307
2918,3,2,6,6,4,0,1,11170761
2467,5,4,7,15,9,0,1,11863777
2999,3,3,6,5,0,1,1,12121778
1502,3,2,8,14,4,0,1,8135767
2258,3,3,4,9,10,1,2,10070707
648,1,1,9,0,2,0,1,5147079
2856,4,2,1,14,4,0,0,10100673
2964,4,2,1,11,6,1,0,10738947
822,1,1,9,0,7,1,0,5912985
2837,4,4,1,16,3,0,2,11179171
2659,3,2,10,14,3,0,2,11145722
2576,4,1,8,4,3,1,0,11079734
2703,3,2,2,6,6,0,2,10296583
601,1,1,4,18,7,1,0,3941354
774,1,1,6,11,1,1,0,4794775
2567,3,1,9,19,9,1,2,11188400
970,1,1,8,10,4,0,0,5254088
2689,3,3,9,2,6,1,2,12503957
2734,5,1,2,4,8,0,1,11072808
903,2,1,9,9,0,0,0,5715821
1661,2,1,4,10,9,1,2,7559309
2381,3,2,6,6,0,1,0,10058889
2330,3,3,7,18,8,1,2,10904747
743,1,1,8,13,2,1,0,5076315
1539,4,2,8,9,5,0,1,8726927
2144,5,4,9,5,6,0,2,11683485
1091,4,1,5,3,7,1,0,6906451
1419,3,1,1,6,7,1,1,6702485
1236,4,3,6,1,3,1,2,8620020
829,1,1,9,20,9,1,0,5510003
2417,3,2,8,4,3,0,0,10384286
992,1,1,6,18,7,1,0,5219579
946,1,1,8,7,0,0,1,5452437
1683,4,1,2,0,5,0,0,7727778
1184,3,3,8,14,2,1,0,7716702
1803,5,3,4,12,1,0,1,9030092
1935,5,3,9,4,4,0,1,10677577
1126,2,1,9,10,7,1,0,6852349
1364,3,1,4,18,1,1,2,6929156
1523,4,3,1,4,4,1,1,8249984
1223,3,2,9,14,10,0,2,7919365
2105,5,2,6,15,2,0,0,9799231
1749,2,1,8,5,8,0,2,8242879
2296,3,2,5,7,1,1,2,9977007
2746,3,1,7,16,4,0,2,10473688
2250,3,1,1,2,2,0,0,8335446
1955,5,3,8,4,3,1,1,10865119
1668,4,2,7,18,8,0,2,8747619
1876,3,3,2,6,5,1,2,9008744
874,1,1,5,5,1,1,0,4951804
2426,3,3,10,11,2,0,0,10783858
2152,3,2,10,17,9,0,1,9775178
599,2,2,8,13,10,0,1,5572668
1588,2,2,1,11,0,0,0,6314069
2201,5,1,10,9,10,1,1,11428374
1554,4,3,3,7,5,1,2,8814294
1014,4,3,6,0,5,1,0,7604155
906,1,1,2,10,4,0,0,4066711
1299,3,2,7,5,9,1,0,7725728
1706,4,2,6,8,5,1,1,8956967
1348,3,3,6,10,10,0,0,7434536
624,2,1,10,12,10,1,0,5809708
2051,3,3,9,4,8,1,2,10487144
669,2,1,1,18,10,1,0,4197281
971,1,1,4,0,1,0,0,4883806
784,1,1,7,7,3,1,1,5416401
2245,4,4,8,6,4,0,1,11129851
2843,3,1,3,2,9,0,1,10277776
2141,3,2,7,18,0,1,0,9208175
1741,4,3,5,12,9,1,1,9134850
770,1,1,7,14,0,0,1,4688716
653,1,1,7,20,1,1,0,4481654
2774,4,1,1,8,0,1,1,10559795
1571,3,1,9,18,8,0,0,7797158
657,1,1,5,20,9,1,0,4344049
1887,5,4,4,10,8,0,1,10121258
1602,2,2,4,3,8,0,1,7597546
656,1,1,10,5,1,1,0,5404084
601,1,1,1,13,7,1,0,3621421
2325,5,1,4,20,3,0,0,9604929
1462,3,2,9,3,3,0,2,8407182
1056,2,2,1,19,9,1,1,5589088
2395,3,3,2,6,4,0,0,9161165
2940,3,2,2,12,9,0,2,10814411
1863,3,2,2,1,6,1,0,8243278
2122,5,4,8,0,2,1,2,11899942
1003,2,2,2,15,7,0,0,5041330
1839,5,4,9,2,0,1,2,11074146
2930,4,1,7,17,6,0,0,11394126
1956,4,2,6,13,7,1,2,9866787
2296,5,1,6,9,1,0,1,10274907
2059,5,1,2,11,3,1,0,9210082
1797,2,2,3,13,9,1,2,8282761
2265,5,4,7,16,6,0,0,11160984
2784,3,3,2,12,0,1,0,10477832
2531,5,4,5,1,4,1,0,11678064
1462,3,1,1,7,1,0,0,6148455
2485,5,4,1,2,8,0,0,10975497
2434,5,3,10,0,8,0,1,12542882
2044,3,3,10,9,3,0,0,9618953
1306,2,1,3,6,9,0,2,6400227
710,1,1,8,2,3,0,1,5289091
1531,3,1,8,17,1,0,0,7399677
1783,4,4,4,11,1,1,2,9810063
2822,4,1,7,13,0,1,2,11944196
2179,4,4,2,4,4,0,1,9953202
2158,5,2,5,16,5,1,2,10480961
939,2,2,10,16,0,0,1,6513192
1450,2,2,10,15,10,0,1,7728218
1449,4,1,2,14,9,0,2,7162877
667,2,1,8,17,3,0,0,4898994
2037,5,2,5,10,1,0,1,9830588
816,1,1,6,2,5,0,0,4867093
1200,2,2,3,19,3,1,1,6123346
1439,3,3,10,19,6,0,1,8281224
636,2,1,6,4,6,1,0,5268139
2571,5,3,2,11,8,1,2,11332280
654,2,2,2,16,8,0,0,4258127
2686,3,2,7,13,1,1,1,10878353
2625,5,1,7,3,8,1,0,11311161
829,1,1,6,2,2,0,0,4714392
1328,3,2,7,19,1,0,1,7128694
2325,3,3,6,18,8,1,1,10282412
1224,2,1,3,16,9,1,0,5930450
1529,2,2,4,1,1,1,0,7201916
2389,3,2,4,4,5,0,1,9551911
679,2,1,1,17,0,1,1,4126342
637,1,1,6,19,0,1,1,4455116
2468,4,1,8,3,3,1,2,11212302
2578,4,4,10,3,7,0,2,12462126
850,1,1,2,19,9,0,1,4081747
1745,2,2,9,6,3,0,0,8049967
1990,4,4,7,2,3,1,1,10464301
1068,2,1,3,14,9,1,0,5572086
2371,5,1,1,2,2,0,2,9843206
1902,5,1,8,5,10,1,2,10554775
2943,5,2,4,3,1,1,2,12275229
1738,2,2,3,10,10,1,1,7624103
2082,3,3,6,12,4,0,0,9299225
544,1,1,1,18,1,1,1,3441963
2543,4,1,7,7,10,1,0,10699012
2698,3,1,6,0,5,0,2,10771239
1280,2,1,4,10,8,1,2,6857227
1130,2,2,2,16,4,1,1,6012454
1141,2,2,3,9,5,1,1,6180059
1287,2,1,10,5,1,0,2,7492425
2588,5,2,10,7,8,0,1,11999652
2665,4,4,3,19,0,0,0,10719486
2260,4,1,6,11,6,1,0,9947069
2297,4,1,1,14,2,1,1,9165160
2781,5,4,7,20,5,1,0,12144185
2218,3,2,8,1,5,0,0,9907678
889,1,1,1,11,8,0,1,4283623
1190,3,1,8,1,10,0,1,7576322
1946,5,3,3,12,7,1,1,9868648
1467,3,2,4,5,2,0,2,7498502
1198,2,1,1,5,10,1,0,5640383
625,2,2,9,9,0,0,0,5333875
1387,3,2,5,12,2,0,1,7344774
2975,3,3,2,15,2,1,0,10654345
1492,2,2,8,14,2,0,1,7606566
2680,5,3,5,7,7,1,0,11913642
1116,3,3,6,18,9,1,1,7405136
2532,4,4,6,11,9,1,1,11866850
2867,4,1,4,0,0,1,0,10803864
1101,2,2,10,20,1,1,0,6907641
2568,3,3,5,8,6,1,2,11014418
2135,5,4,6,12,6,0,0,10590270
2523,4,2,5,10,1,0,2,10396138
2171,3,1,8,7,4,1,1,9975391
1766,4,3,2,17,4,1,0,8296660
1635,4,3,4,14,0,1,1,8756257
1939,4,3,2,10,8,1,1,9157746
1000,3,3,1,5,2,0,1,5875065
2730,5,3,9,19,7,1,2,12605126
2056,5,3,6,0,8,0,1,10665097
2647,4,4,10,18,1,1,1,12191394
622,1,1,9,13,9,0,0,4849693
1135,3,2,9,4,2,1,0,7682655
2967,3,2,3,15,4,1,2,11071502
1814,3,1,9,2,5,1,0,8965471
1260,4,3,10,19,3,1,0,8513078
1792,4,2,1,8,3,0,0,7718902
1681,2,2,4,15,5,1,2,7948043
2841,5,3,7,20,8,1,2,12975035
1899,4,4,1,11,0,1,1,9000763
2857,4,3,4,19,2,0,2,11367933
938,2,1,6,8,8,1,1,6200486
1206,4,1,9,18,3,1,2,7908084
2737,3,1,8,12,8,0,2,11235969
1803,4,2,7,0,2,1,1,9456963
994,1,1,4,16,4,1,0,4962646
1573,2,2,9,9,8,1,0,8196670
772,1,1,3,5,3,1,1,4750454
1632,3,3,1,11,7,0,0,7364332
2267,3,1,9,20,0,0,0,9032706
920,1,1,2,4,5,1,0,4644177
2108,3,1,3,10,0,0,2,8299979
930,2,2,3,12,1,1,0,5351365
1056,3,1,3,12,1,0,1,5717645
2302,5,4,7,0,4,0,0,11307053
2682,5,2,1,3,0,0,2,10984001
1612,4,3,3,10,4,0,0,8056662
1365,3,3,2,17,8,0,1,6996428
2518,4,3,10,9,7,1,2,12130279
2875,5,1,2,12,10,0,1,11116930
1557,3,2,7,20,3,0,1,7744729
829,1,1,9,20,7,1,0,5328806
2628,5,3,9,10,1,1,1,12693795
2245,3,2,8,10,4,1,1,10060769
624,2,2,2,13,8,0,0,4152219
1586,2,1,5,14,2,0,2,6940222
1279,2,2,1,10,5,1,1,6071639
2484,4,1,3,8,3,0,0,9693761
1859,5,2,1,15,9,0,2,8735870
1113,3,3,7,3,10,0,1,7663007
2203,3,2,9,11,2,1,2,10721138
2993,4,1,4,3,2,0,0,10828374
1189,4,4,10,12,8,1,1,9277593
2156,4,2,2,2,7,1,2,9934768
569,1,1,9,3,0,1,0,5036805
1507,2,2,5,3,6,1,2,8062972
1175,4,1,5,18,2,0,1,6674397
1270,3,1,2,0,7,1,2,6953066
554,1,1,1,18,8,1,0,3285095
2261,5,1,9,8,3,0,2,10746844
2031,3,3,5,2,10,0,2,9888159
2480,3,2,5,5,9,0,0,10049101
2405,4,4,2,6,6,0,0,9936438
2925,4,3,6,9,9,0,2,12564462
2753,3,3,9,10,5,1,1,11794390
1007,4,4,3,11,3,0,1,6924793
1207,4,2,8,7,9,0,0,7872387
2007,5,4,5,3,10,0,2,11079516
2776,4,1,4,15,7,0,1,10405518
1806,3,1,8,20,0,0,1,8159297
2486,3,1,8,16,8,1,2,10521271
2359,5,2,7,10,0,0,2,10858778
1200,2,2,5,16,3,1,1,6442443
1430,4,4,8,3,8,0,0,9122386
2909,4,2,1,4,1,1,1,11125088
1262,2,1,10,20,3,0,1,6887222
825,1,1,2,17,5,0,1,4133554
2822,4,2,3,16,1,0,2,10869113
957,2,1,9,19,8,1,0,6049894
701,1,1,2,7,2,0,0,3648935
2804,4,1,4,7,7,1,2,11660266
793,1,1,10,0,7,0,0,5747871
2972,3,3,5,9,6,1,2,11757682
2871,3,1,3,6,1,0,1,10246797
2567,3,2,5,12,0,0,1,10202156
832,2,1,4,10,9,0,0,4812808
1361,4,1,5,18,9,1,2,8031741
1844,4,1,2,9,4,0,0,7604760
774,2,2,1,11,1,0,0,4192671
1784,2,2,4,11,10,1,2,8485326
1508,3,2,4,15,5,1,2,7796441
892,1,1,7,9,2,1,0,5264264
2613,4,4,2,16,9,1,1,10957997
2683,4,3,8,7,9,0,2,11835195
2244,3,1,8,19,2,1,0,9343298
2610,3,1,6,0,7,0,1,10435446
1019,2,1,2,15,1,0,1,4875885
2402,4,2,1,2,5,1,0,9686831
2335,5,1,2,8,3,0,0,9514025
2102,4,1,9,4,4,1,0,10003797
1079,4,2,3,8,2,0,0,6413205
1589,2,1,9,9,2,1,2,8388097
2440,4,3,3,13,3,0,2,10195693
1002,2,1,6,13,2,0,0,5445496
1624,2,2,1,10,5,0,1,6843585
1027,4,4,8,4,9,0,1,8124018
2223,5,2,5,18,6,0,1,10224652
2121,4,4,9,5,0,1,2,11484671
1855,5,2,1,15,5,1,0,8481524
2074,4,2,8,2,5,0,0,9740579
2211,3,3,2,15,4,0,2,9352423
2377,4,2,2,4,1,0,1,9472079
2811,4,4,4,9,10,1,1,12313938
928,2,2,2,13,10,1,1,5721393
1886,5,4,1,19,1,1,1,9413021
2005,4,1,6,14,9,1,0,9291867
1121,4,2,4,8,2,0,0,6700534
2657,5,4,3,4,3,1,0,11899474
1235,2,1,4,20,2,1,2,6281926
2899,5,4,4,5,5,1,0,12546528
1495,4,3,8,11,8,1,2,9506243
2983,3,2,5,7,2,0,0,10936359
557,2,2,2,14,7,0,0,4019649
1921,4,3,10,10,0,1,0,10304356
2077,3,1,7,0,7,1,2,9752325
2272,3,2,5,0,6,1,2,10270349
2194,4,2,2,10,7,0,1,9217978
1857,4,4,6,8,6,1,0,9884742
2588,5,4,10,6,0,1,0,12896871
1651,3,2,7,1,5,0,0,8355072
2181,5,1,3,9,7,0,0,9450600
588,2,1,1,12,4,0,0,3612706
824,2,1,7,13,9,0,1,5530827
2588,5,1,1,5,1,0,1,10208472
2915,3,2,6,17,1,1,1,11451657
2642,3,1,10,18,7,0,1,10826799
2619,3,2,7,7,2,1,1,10722231
2161,3,3,4,4,8,1,1,10044486
1798,3,2,9,15,5,0,1,8781227
2292,5,4,10,15,5,0,1,11635645
910,2,1,10,3,6,1,1,6882595
1200,4,4,4,9,9,1,2,8653678
673,2,1,8,11,10,1,0,5517574
1877,5,1,2,8,1,0,0,8036613
2688,4,2,7,18,10,0,1,11379290
1759,3,1,4,15,3,0,1,7664152
2066,4,3,10,16,1,0,1,10445626
1281,4,3,8,7,1,0,2,8491296
1645,4,4,1,15,5,0,1,8154560
2525,4,4,5,1,0,0,2,11380948
1524,4,1,7,0,7,0,0,8226950
2642,4,1,5,15,8,0,1,10344198
2222,3,1,9,20,2,1,0,9664267
1109,4,4,3,14,10,1,0,7406122
2543,3,3,9,14,0,1,1,11263885
2167,5,1,8,6,0,0,1,10391800
1985,5,4,10,8,3,0,2,11110273
690,1,1,10,8,10,0,1,5460854
2254,5,1,8,10,4,1,1,10965997
1265,2,1,4,13,0,1,2,6510961
1288,3,2,3,18,10,1,2,7299054
1396,2,1,6,4,9,1,2,7745929
823,2,1,9,16,5,1,0,5887742
1067,3,2,10,20,0,1,0,7233506
2019,4,4,3,9,6,0,0,9093440
1307,3,2,9,9,0,1,0,7652396
2836,4,2,7,13,6,1,1,12105917
659,2,2,8,3,9,1,0,5938771
689,2,2,8,1,7,0,0,5605454
2559,3,1,9,15,8,1,0,10583000
1046,4,3,5,0,6,1,0,7753223
800,2,1,8,3,1,0,0,5393617
1515,2,2,3,7,6,0,0,6526525
2730,3,1,1,3,9,1,2,10578861
1724,2,2,5,19,5,0,0,7081027
2190,4,1,6,14,7,0,1,9591848
961,2,1,3,5,6,1,1,5758141
1219,4,1,10,8,8,1,2,8736676
827,1,1,9,16,2,0,1,5174218
2422,3,1,2,16,3,0,2,9210156
1906,3,3,8,10,10,0,0,9482351
2461,3,3,1,8,8,1,2,9981699
1108,2,2,2,4,9,0,1,5758774
2200,5,2,3,2,4,1,1,10571123
2218,5,4,4,2,4,1,2,11593330
525,2,1,2,11,1,1,1,4187467
1784,2,1,2,17,1,0,2,6814977
1678,3,2,9,17,0,1,2,9188915
2956,5,1,8,1,7,1,0,12283567
2800,3,3,3,5,2,0,0,10505559
526,1,1,6,4,3,1,1,4755174
2374,5,1,10,7,2,0,1,11143353
870,2,2,10,2,8,1,0,6853490
947,2,2,4,4,0,0,1,5505304
2464,3,2,10,16,7,0,0,10413770
2668,5,3,5,11,7,1,2,12182552
2277,5,2,2,9,1,0,2,9775516
2997,3,3,10,6,2,0,2,12470542
1727,4,4,9,1,0,0,1,9755146
2252,4,1,6,12,10,1,0,9827759
1837,4,1,2,1,9,1,0,8319128
1260,4,1,5,11,0,1,1,7242816
2174,5,4,4,1,5,1,0,10937796
2930,4,2,3,6,7,0,2,11657274
1603,3,1,9,16,4,1,2,8838378
882,2,1,5,19,6,0,0,4815402
534,2,2,3,12,2,0,1,4288813
1711,3,1,3,16,2,1,2,7746097
2596,3,1,6,14,6,1,2,10655575
2968,4,2,6,3,0,1,1,12005266
2401,3,3,9,10,10,1,0,11219468
2812,4,3,4,19,4,1,0,11019446
1189,2,2,3,3,4,1,0,6136049
827,1,1,6,19,7,1,0,4784774
1509,3,1,4,4,4,0,1,7310779
1172,4,2,7,10,1,1,1,7778287
1635,3,3,7,0,3,1,1,9055274
2518,3,3,10,12,4,0,1,11386771
2118,5,3,8,0,7,1,2,11561074
894,1,1,1,6,2,1,1,4547308
2481,3,1,2,13,9,1,0,9243395
1116,4,4,7,14,1,1,0,7984699
1380,2,2,10,15,1,0,0,7364649
1153,4,4,2,11,1,0,0,6755398
2899,3,1,9,15,10,0,1,11208174
2036,3,2,5,5,0,1,0,8754191
916,1,1,5,2,6,1,1,5681179
2367,5,4,9,17,2,1,2,12287054
1043,2,1,8,20,4,1,1,6413263
961,2,1,1,6,1,1,1,5128889
1765,4,1,7,2,7,1,1,9202398
1478,4,4,7,19,4,1,0,8788270
1357,3,2,10,19,8,1,1,8488746
2398,3,2,6,7,6,1,2,10726049
2008,4,4,1,10,9,0,0,8840294
2876,5,2,6,3,6,0,0,12028754
602,2,1,2,20,2,0,1,3716264
1546,2,1,6,19,0,1,2,7197919
2101,4,1,6,2,5,0,1,9687477
2751,5,4,3,3,7,0,0,11695710
2576,3,1,3,19,9,0,0,9278823
962,1,1,10,17,4,0,1,5826353
2553,3,2,4,8,5,1,1,10430019
2747,5,2,1,17,5,0,1,10710794
1800,4,1,4,20,1,1,0,8146396
2482,5,2,4,11,9,1,1,11310315
1917,3,1,3,11,3,1,1,8249071
2613,4,2,9,4,10,1,0,11991697
1618,2,1,8,2,10,0,0,7907800
1919,4,2,4,18,1,0,2,8921259
1925,5,4,7,20,4,1,2,10620561
1207,2,1,4,1,10,1,1,6529706
1282,2,1,2,1,4,0,1,5981017
1608,2,2,4,14,2,0,2,7174121
2262,5,1,6,19,2,0,0,9523541
2274,3,3,3,11,6,1,0,9433630
2980,3,2,6,11,10,1,0,11358802
630,1,1,2,2,10,0,0,3733775
664,2,1,2,8,4,0,1,4358802
1062,3,3,5,2,5,1,0,7014543
1979,4,4,7,6,9,0,1,10177099
2583,4,3,7,10,10,1,0,11701270
2811,3,1,3,19,4,0,1,9933240
794,1,1,3,9,10,0,1,4437776
1121,4,4,4,7,8,0,1,7593926
1745,4,3,7,5,7,1,1,9785389
2347,5,4,9,6,2,0,2,12245678
2659,5,4,8,6,3,1,0,12471179
2269,5,2,8,5,0,0,1,10759928
2112,4,3,10,2,5,0,1,11137242
2718,5,2,8,7,3,1,0,11874693
1754,2,1,8,4,1,0,0,7850878
2312,3,1,5,4,8,0,0,9424802
1552,4,2,10,1,7,0,0,9292785
1476,2,1,6,6,10,0,0,7026749
2422,3,1,3,9,8,1,1,9761141
1639,2,2,2,6,10,1,1,7543285
2707,4,1,6,10,4,0,0,10451835
1236,3,1,10,20,4,1,2,7760126
2841,5,2,4,6,2,0,1,11368919
1186,4,2,4,7,2,0,0,6843229
941,2,1,7,20,4,1,1,5786508
2607,3,2,9,14,2,0,0,10381245
2769,4,4,1,9,0,0,0,10594285
1306,2,1,4,16,10,0,2,6550701
2011,4,2,7,20,3,0,1,9522319
2394,5,2,8,1,3,1,1,11651432
2204,3,1,4,6,6,0,1,8773221
2866,5,1,7,14,10,0,0,11426523
915,2,2,1,16,1,0,1,4690224
1054,2,2,3,4,9,1,1,6178775
1145,2,1,10,16,6,1,1,7089065
1292,2,2,2,16,1,0,2,5963780
2040,5,4,1,12,2,1,0,9863997
792,1,1,9,8,8,1,1,5870631
2425,4,1,2,0,9,0,2,10047797
1313,4,2,1,14,10,1,0,6933791
2472,3,1,7,19,5,1,0,9869283
2805,5,1,7,19,1,1,2,12034462
609,1,1,1,7,6,1,1,4025045
2697,3,3,9,5,7,0,0,11386856
2938,5,4,10,6,1,1,2,14286582
1277,3,2,8,9,10,1,2,8289974
1891,5,4,4,20,2,1,1,9757459
1770,2,1,9,14,2,0,1,8120134
1537,2,1,10,19,10,0,0,7490795
2225,5,4,3,3,1,0,1,10458483
2255,4,4,3,1,6,1,2,11133666
1186,2,2,3,16,1,0,1,5893343
2914,5,3,5,18,0,0,0,11875367
617,1,1,2,5,1,0,1,3765516
1687,3,3,4,6,0,0,2,8346145
2843,5,3,10,18,10,0,1,12982837
691,1,1,10,5,1,0,0,5115370
2989,5,1,7,17,4,0,0,11804342
874,2,2,4,18,3,1,0,5376591
505,1,1,10,4,0,0,0,4747501
1270,4,1,4,9,2,0,2,7219510
1870,5,1,9,5,4,0,0,9570281
2073,4,1,10,9,8,1,1,10554672
1703,3,2,7,18,9,0,0,8234482
2133,4,3,6,7,1,1,1,10249328
1731,3,3,8,11,6,1,2,9447820
2444,3,1,3,18,9,1,0,9078618
1484,2,1,7,3,1,0,0,7132470
2363,5,1,5,6,7,1,1,10491362
2787,4,2,4,14,2,1,0,10940048
2348,4,1,10,14,8,0,1,10588303
2728,3,2,2,13,4,0,0,9706687
2489,4,2,8,10,10,0,2,11291149
2445,4,3,3,11,1,0,2,10388635
2272,4,4,9,14,1,0,2,11188176
2453,4,4,8,10,3,0,1,11201324
2414,5,4,1,13,6,1,1,10622950
1670,2,1,3,17,9,0,1,6678947
2358,4,2,7,13,6,0,0,10172949
1756,3,1,5,11,5,1,1,8360166
959,2,2,6,18,5,0,0,5443625
1928,4,1,10,11,10,1,1,10042582
1065,4,3,7,14,2,0,0,7218398
1816,4,3,4,13,4,1,2,9274586
1752,3,3,1,17,8,1,2,8428418
2259,5,2,9,8,9,0,1,11211769
994,2,2,7,4,8,1,0,6561980
1522,4,2,6,2,8,1,0,8725322
1559,3,2,9,17,0,0,2,8525686
2283,4,4,7,3,7,1,0,10943451
597,1,1,2,19,3,0,0,3072055
872,2,2,1,2,6,0,1,5229644
1762,2,1,10,1,3,1,0,8791587
1742,3,1,5,4,4,0,0,7673631
2902,4,1,6,20,8,0,2,11142050
1326,2,1,7,14,9,0,2,7018320
2108,3,3,6,10,5,1,1,10024806
1093,3,1,9,3,7,1,1,7670191
979,1,1,9,1,4,1,1,6420379
678,2,1,6,16,4,0,1,4858796
782,1,1,3,14,2,1,0,4247153
1632,2,2,9,18,5,0,1,7902076
2313,3,1,4,5,8,1,0,9266244
1066,4,4,5,20,2,1,1,7598973
978,1,1,4,6,6,0,1,5074894
753,2,1,8,20,9,1,1,5673277
720,2,1,10,2,7,1,1,6498400
2708,4,2,10,4,7,1,2,12559906
2803,4,2,2,3,2,1,2,11055491
2723,5,4,1,20,4,0,1,10968930
2944,5,3,8,0,4,0,0,12766062
1430,3,2,5,4,3,0,1,7647265
1552,2,1,10,13,3,1,1,8148371
823,1,1,6,18,8,1,0,4891813
2206,3,3,2,5,4,0,1,9120250
2898,3,2,9,4,10,1,2,12360477
1868,3,2,1,12,1,1,0,7830396
1369,3,1,10,11,7,0,0,7445057
2440,4,4,6,4,4,0,1,11209031
849,1,1,6,0,6,1,1,5542706
1726,4,3,7,18,2,1,0,8872627
2617,5,3,10,17,6,1,1,12573233
1672,4,1,9,11,10,0,0,8726925
1178,3,3,8,9,10,0,0,7438163
1176,4,2,6,19,9,1,1,7493236
1630,4,1,7,16,4,0,0,8075543
519,2,2,10,9,7,0,0,5619980
1117,2,1,2,3,6,0,0,5414316
692,2,2,7,8,1,0,0,5267308
2365,3,3,10,15,0,1,2,11000061
886,1,1,7,2,10,0,0,5362194
2805,5,4,6,5,5,1,1,12972288
2304,5,2,6,19,9,1,1,10785006
2025,3,1,2,4,0,1,2,8743611
1812,3,3,10,0,7,0,0,9629578
1366,2,2,9,9,7,0,1,7489564
1636,3,1,6,3,3,1,0,8130332
1133,4,3,1,6,6,0,0,6750508
2424,5,2,8,0,9,0,1,11539741
1173,4,3,1,4,6,0,1,7089412
2748,5,4,10,11,5,0,2,13252227
635,1,1,3,19,1,1,1,3960175
670,1,1,4,17,7,0,1,3977423
1291,4,3,1,1,1,1,0,7258635
2142,4,1,1,7,10,0,1,8548399
607,1,1,7,2,2,1,1,4989434
2341,4,3,7,16,8,1,2,11040379
1426,3,2,1,14,2,1,1,6743615
1857,5,4,10,16,9,1,2,11545243
1037,2,2,6,0,6,1,0,6572187
1445,3,1,9,7,5,0,0,7834665
2930,3,3,10,16,6,0,2,12445063
2466,5,4,1,4,8,1,1,11513311
2746,5,2,9,5,3,0,0,11757724
2892,4,1,3,7,0,1,2,11171491
1923,3,1,6,3,7,1,2,9238200
1708,3,3,5,20,6,1,0,8348937
1667,3,1,5,7,10,1,0,8039412
2209,3,3,8,5,4,0,1,10085974
1531,3,2,3,20,3,0,0,6647370
1325,3,1,5,6,4,1,1,7427344
2680,5,4,8,2,10,0,1,12572494
2026,5,4,4,0,3,0,1,10562304
764,2,1,5,12,2,0,1,4818560
1896,3,1,5,4,7,1,1,8837597
1196,3,1,6,8,0,1,1,7104422
836,1,1,4,5,4,0,1,4748788
1851,4,1,6,18,6,1,2,9203746
826,2,1,6,1,4,1,0,5828005
934,2,1,4,5,7,0,1,5542256
2513,3,1,9,10,6,0,2,10441675
2804,3,2,7,20,1,0,0,10297610
1027,4,4,5,13,10,1,0,7572065
2055,3,1,4,9,6,0,0,8257873
2108,3,1,10,6,0,0,1,9803383
1922,5,2,3,17,3,0,0,8685921
1603,3,1,5,16,1,1,2,7816658
2882,5,4,2,13,10,0,1,12037923
2835,3,3,9,17,9,0,0,11285471
611,1,1,9,5,10,1,0,5372010
2259,3,3,7,10,6,1,2,10614295
2906,4,3,5,5,0,1,2,12501554
1129,2,2,6,0,10,1,1,7111628
1815,5,4,8,1,1,1,0,10686362
2757,5,3,9,9,9,0,1,12948235
1964,5,3,10,2,4,1,0,10997805
2053,3,2,3,11,7,0,2,8893769
2977,5,3,1,6,0,0,2,11897811
1566,3,3,10,1,0,0,1,9199184
1549,2,1,2,17,4,0,2,6609693
1154,2,1,8,8,8,1,1,7132000
1939,3,2,1,3,0,1,2,8468724
693,1,1,8,6,10,1,1,5588451
2715,3,2,7,13,7,1,1,11353981
2979,3,1,6,3,6,1,2,11871447
2594,4,3,3,15,10,0,0,10444039
2404,5,2,4,19,8,1,2,10890574
2611,3,2,7,13,5,1,0,10501829
2803,4,2,1,7,4,1,2,11277574
2340,3,1,5,1,10,0,0,9449292
1365,3,2,7,15,3,1,0,7575260
1247,3,3,8,12,1,0,2,8093433
2718,4,3,2,9,2,1,0,10838744
2220,3,1,9,13,9,0,2,10026001
2539,4,3,8,17,7,0,1,11286221
1607,3,2,4,8,2,1,0,7669256
1764,3,1,1,13,6,1,0,7235040
1851,5,4,6,11,2,0,0,9984538
2543,5,4,10,12,6,1,2,13052922
1010,3,2,4,0,10,1,1,6969466
1898,4,4,8,20,6,1,2,10258443
638,1,1,8,6,1,0,1,4758467
2218,4,1,3,10,5,1,1,9494160
1069,3,1,4,8,10,0,0,6082658
846,1,1,7,9,3,1,1,5478837
2867,4,3,8,14,4,0,2,12446925
679,2,1,4,3,8,0,1,5014792
2045,5,2,2,19,1,1,2,9640898
2396,3,1,9,12,6,1,1,10523628
2757,5,1,3,17,3,0,1,10851135
2726,3,3,8,16,9,1,2,11714168
2605,4,1,4,0,10,0,1,10490077
1201,4,4,10,19,1,1,2,9288799
880,2,1,4,15,0,0,0,4563308
2319,3,2,6,5,7,1,1,10353199
1087,3,3,2,0,5,0,0,6283050
2724,4,4,9,20,9,1,0,12139031
2084,4,4,9,0,8,1,2,11553367
2168,3,2,10,18,6,1,0,10128996
1518,2,2,7,20,1,1,2,7805237
2512,4,1,1,20,2,0,0,8852321
2278,4,1,2,17,9,1,1,9220000
819,2,1,9,16,6,1,1,6277928
2191,3,3,3,8,6,1,0,9408931
2686,4,3,2,7,1,0,1,10677028
2421,3,1,6,4,8,0,1,9943594
503,2,1,7,20,1,0,0,4236387
982,2,1,10,9,5,0,0,6350505
1886,5,1,4,0,8,0,2,9495223
912,1,1,10,16,7,0,1,5896993
1362,3,1,1,20,6,1,1,6210832
2502,3,1,4,18,8,0,0,9219360
2970,5,4,10,12,8,1,2,14210694
2528,3,2,4,15,2,1,2,10333412
1367,3,3,8,10,2,0,2,8364149
2201,3,2,2,0,10,1,0,9055872
1900,5,4,2,6,10,0,2,9887222
1693,3,1,10,11,3,1,0,8466001
2364,4,2,2,16,7,0,1,9535555
1696,3,3,8,16,4,0,2,8990502
2431,4,1,4,11,3,0,2,9770343
1565,3,3,10,5,9,1,2,9918818
1425,3,1,2,4,4,1,0,6923668
877,1,1,9,7,10,0,0,5434246
1142,4,4,10,14,10,1,1,8968271
2488,5,4,10,13,6,0,2,12817316
1114,4,2,4,15,6,1,0,6900923
2721,5,2,2,7,0,1,1,11156445
1081,4,2,8,17,6,1,0,7397037
1284,4,4,5,11,10,1,2,8955224
1119,3,1,10,11,4,0,1,7173680
1637,4,4,2,0,8,0,2,9041944
2568,5,2,10,4,4,1,2,12384751
1597,3,1,2,10,5,1,0,6940850
1882,3,2,9,16,8,1,2,9957856
1032,2,1,5,1,2,0,0,5531827
1524,4,1,10,17,7,0,0,8194346
941,1,1,7,17,0,1,0,5233710
1541,4,2,7,10,9,1,1,8990213
1929,4,1,2,14,2,1,2,8782658
1367,4,4,5,10,7,0,1,8258341
1528,4,2,9,12,4,0,0,8512247
830,1,1,3,18,0,0,0,3875696
839,1,1,10,13,10,0,1,5707754
504,1,1,6,3,0,0,0,4010957
1168,2,1,6,4,8,1,1,6674956
607,1,1,4,10,2,0,0,3730314
1058,4,3,6,20,7,1,1,7638563
1321,4,1,3,7,5,1,0,6952936
521,1,1,7,16,3,1,0,4330465
888,2,1,8,13,5,0,0,5638205
1796,3,1,2,18,1,1,1,7325603
1061,4,1,7,11,1,1,0,6988261
632,1,1,8,8,0,0,0,4604741
2239,5,4,7,8,2,1,2,11909887
1797,3,2,7,15,1,0,0,8306023
2359,5,2,3,3,10,0,2,10533252
2732,5,1,8,12,1,0,2,11910642
2457,3,2,6,7,10,1,1,10392570
843,1,1,4,14,9,0,0,4316945
2640,3,1,3,19,8,0,2,9868199
2600,4,3,8,9,4,0,2,11535894
1686,2,2,4,17,4,0,2,7606847
2611,3,1,6,2,1,1,2,10905350
1200,3,3,1,5,4,1,0,6642296
2808,3,1,5,9,6,0,2,10938829
1202,2,1,2,19,4,1,0,5302601
789,2,1,4,18,6,0,0,4561747
2920,5,1,2,20,0,1,2,11231137
1460,3,3,6,11,6,1,0,7926437
688,1,1,8,9,3,0,0,4800399
1023,2,2,7,7,2,1,1,6825936
2905,4,3,9,7,2,1,1,12888679
2186,4,1,3,12,6,0,0,8665481
2187,5,2,3,16,2,0,0,9086267
2434,4,2,7,9,9,0,0,10405238
1564,3,3,2,15,10,1,2,8227694
2445,5,3,9,15,10,0,1,11691107
2047,4,1,10,12,10,1,0,10104575
2092,4,2,9,12,2,0,0,9807537
1602,2,1,2,14,9,1,2,7248478
1620,4,3,7,13,0,0,1,8740761
1240,2,1,3,10,5,1,1,6331418
853,2,2,7,6,2,1,0,6186271
2179,4,3,8,1,10,0,0,10576776
2146,5,1,10,1,4,0,1,10696096
2159,3,3,5,2,6,1,1,10069888
1628,4,3,9,7,9,1,0,9765742
2576,3,3,2,16,2,0,0,9464135
999,2,2,1,13,1,1,1,5309998
1650,2,2,1,16,8,0,1,6679976
2919,3,3,3,5,9,1,2,11921573
584,1,1,10,5,10,0,0,5134281
2896,5,1,9,11,5,0,0,11957982
2410,4,1,6,11,10,0,0,10147419
873,1,1,3,9,7,1,1,4980051
2916,3,2,4,8,9,1,1,11536847
1530,3,2,2,1,1,1,2,7854739
1892,4,3,5,10,6,0,0,8893929
784,2,1,5,0,1,1,1,5519656
1912,5,4,2,13,1,1,0,9655708
2958,4,2,8,4,0,0,2,12189597
1893,5,3,7,18,7,0,1,9723603
1083,3,2,9,6,9,1,0,7684234
1988,4,2,4,1,8,1,0,9502151
2187,5,3,5,12,5,1,0,10455447
1386,3,1,4,9,2,0,2,6897513
2734,5,2,6,13,5,1,1,11820627
1311,3,3,7,16,2,1,1,8061898
1128,4,3,10,8,3,1,0,8535546
2827,5,1,9,2,5,0,2,12698530
2912,5,3,8,13,10,1,2,13127918
1422,4,4,3,8,8,1,0,8227952
2912,3,1,2,13,9,0,0,9895542
1270,3,1,5,6,2,1,2,7438177
2019,3,2,7,16,8,0,1,8902709
863,2,1,3,5,9,1,1,5643639
584,1,1,9,19,9,0,0,4541310
1258,3,3,5,19,9,0,2,7513788
2565,3,1,8,8,4,1,1,10805749
2581,4,4,4,18,2,0,0,10325065
2846,4,1,9,14,2,0,0,11009818
1063,4,2,8,3,8,0,0,7689714
559,2,2,7,15,5,0,1,5067508
1600,3,1,3,4,4,1,0,7298913
819,2,2,4,19,10,1,1,5516329
2120,4,4,2,9,6,0,0,9351716
2392,4,4,10,6,9,0,0,11342577
2775,5,2,10,14,3,1,0,12358856
2178,4,3,2,6,0,1,1,9494214
1571,3,2,5,4,4,0,2,8009873
2311,3,3,1,0,7,0,2,9511224
1799,4,1,1,13,1,0,1,7654334
1563,4,4,10,8,4,1,0,9557665
2971,5,2,4,11,9,1,1,12017043
2358,3,2,5,20,5,1,0,9326232
2790,5,2,10,4,1,1,1,12794038
1148,4,2,5,5,8,0,0,7269567
679,2,2,2,14,5,0,1,4620283
1787,4,2,9,20,10,1,2,10116128
2690,5,3,9,17,10,0,2,12311765
2779,5,4,7,14,2,1,0,12439606
1835,3,3,9,2,4,1,0,9878403
2709,3,3,1,11,10,1,2,10528726
1343,2,1,9,5,9,0,0,7152969
1203,3,3,4,17,0,0,0,6501070
707,1,1,6,1,3,0,1,4859535
2052,4,3,6,15,5,0,2,10169266
1042,2,1,5,19,0,0,1,5350118
2192,3,3,3,4,5,0,1,9094872
1026,2,1,8,15,9,1,1,6705946
1986,4,3,3,4,2,1,2,10010850
2848,5,4,8,19,10,1,0,12619838
1980,5,3,10,5,7,1,1,11570245
990,1,1,10,7,10,1,0,6240484
2815,4,2,10,2,4,0,0,12106703
2288,5,1,9,3,4,1,2,11666955
1511,3,2,1,12,10,1,1,7481730
1797,3,1,8,18,1,0,2,8617341
608,2,2,2,3,3,0,1,4603699
1183,2,2,7,13,2,1,1,6944409
1259,4,1,7,16,4,1,1,7797344
2107,4,3,3,1,1,0,0,9144002
1996,4,2,8,3,9,1,0,9965099
631,2,1,3,15,7,1,0,4431269
736,1,1,5,20,6,0,0,4132902
2702,3,1,10,5,7,0,1,11152138
2387,4,3,3,19,3,0,1,9784923
1474,2,1,3,5,9,0,0,6393903
2715,4,1,2,2,6,0,2,10702915
2043,5,2,2,13,4,1,0,9016155
1080,3,3,2,16,3,0,1,6027538
1747,4,3,4,3,7,0,1,8986529
832,2,2,7,15,10,0,0,5752634
810,1,1,9,9,4,0,1,5320415
1942,4,3,4,18,6,0,2,9323574
2503,5,2,2,10,2,0,1,10300150
1301,4,4,3,13,9,1,0,8109920
2864,5,1,4,5,0,1,2,11764264
2512,4,3,9,1,4,0,2,11900773
1674,2,1,4,13,9,0,2,7155616
2961,3,2,8,5,0,0,2,12075799
821,1,1,8,7,7,0,0,5043136
2160,4,2,4,16,0,1,1,9424099
1965,4,4,1,10,5,0,1,8882993
1499,3,2,6,1,2,1,1,8079966
1492,4,3,6,10,7,1,0,8547202
1543,4,2,8,2,1,0,2,9023859
1303,3,3,1,16,7,0,1,6741963
2626,4,3,7,14,3,1,1,11785992
1730,4,1,1,3,10,0,1,7946867
643,2,1,3,3,5,1,0,4759523
617,2,1,3,9,5,0,1,4458695
2926,4,3,6,4,8,0,2,12656764
1848,3,1,9,19,6,0,0,8580666
632,2,1,9,4,2,1,1,5798687
2819,5,3,9,15,5,1,1,13122087
1763,4,2,7,6,2,0,1,9134090
1419,2,2,7,14,7,0,1,7287317
1420,4,2,3,12,5,1,0,7700481
1711,2,2,4,9,7,1,1,7882450
1120,3,2,10,14,9,1,0,7616632
1221,2,1,8,3,10,0,0,6871936
1263,2,1,9,2,8,0,2,7599893
2344,3,2,1,20,3,1,1,9061645
1007,3,3,10,0,2,0,1,7899784
1492,4,4,4,13,9,1,2,8879811
2306,5,4,1,0,1,1,2,10910539
1329,4,2,3,4,1,1,1,7463300
2585,3,1,2,12,4,0,0,8888111
2846,3,1,9,2,8,0,0,11058635
1009,4,1,6,1,2,1,0,6995730
1176,4,1,5,9,6,1,1,7470780
1844,5,2,7,12,5,1,1,9872353
1184,2,1,9,10,9,1,1,7352757
2637,4,2,5,17,7,0,2,10727711
2930,4,1,7,0,8,0,0,11867082
2893,5,3,6,5,7,1,0,12638748
2717,5,1,3,8,2,1,1,10902537
821,2,1,5,6,5,0,1,5298568
1694,4,3,4,19,10,1,2,8972965
2748,4,2,5,19,10,0,1,10901328
2495,3,2,8,14,3,0,1,10214601
2030,4,4,2,18,0,0,1,8912090
1755,2,2,9,15,9,1,1,8633746
1235,3,3,8,13,2,0,2,8043400
2546,5,2,5,16,9,0,2,10982671
1729,3,2,4,14,2,1,0,7688139
727,1,1,10,11,2,0,1,5439719
2476,5,4,2,16,8,0,1,10818507
2725,5,2,3,14,9,0,1,10998730
1872,4,1,7,10,4,0,1,9003305
2165,4,1,10,15,3,0,2,10333912
875,1,1,2,0,1,0,0,4178606
2597,5,1,6,20,2,0,1,10499498
2529,3,3,5,7,4,1,0,10364976
2699,5,1,3,2,7,1,0,10799494
1656,3,2,3,20,2,1,1,7673540
1515,4,1,2,15,2,0,2,7173458
2326,4,1,10,17,2,1,0,10599785
1543,4,3,10,11,9,0,2,9684142
2759,4,2,7,3,9,1,2,12542950
801,2,2,8,11,4,0,0,5691876
2543,4,2,10,14,10,1,2,12256537
2335,5,1,7,3,7,0,0,10345204
2295,4,2,1,18,0,0,2,9264570
2497,3,3,1,9,5,0,0,9512956
2912,3,1,5,6,7,1,1,11046558
2507,4,4,6,9,2,0,2,11441669
2047,4,3,6,1,7,0,1,9939662
2603,3,2,5,5,1,0,0,10083350
2911,5,1,2,12,7,1,1,11206336
866,1,1,4,16,5,0,1,4413233
2631,4,2,9,2,10,0,1,12033018
1072,3,2,3,8,7,0,0,5907087
2471,4,1,3,10,3,0,2,9859229
2878,4,4,10,3,0,0,2,13438067
1042,2,2,10,11,8,0,1,6823313
1653,4,1,5,11,5,0,1,7942658
1721,3,1,6,17,10,0,0,7831468
1787,2,1,7,3,3,1,1,8272085
1721,2,2,6,19,1,0,1,7620547
1522,4,4,9,11,8,1,2,9931128
1311,2,1,2,8,5,0,2,6190838
738,2,2,1,16,3,1,1,4609462
1511,3,1,7,0,9,1,2,8435377
1531,3,3,5,17,3,0,2,7853672
2285,3,3,7,10,5,0,0,9886615
1038,2,2,1,15,6,1,1,5476773
2833,3,2,10,0,7,0,1,11806209
2144,3,2,1,13,3,0,0,7969968
1475,3,3,7,17,2,1,0,7979237
1359,4,2,5,13,6,0,0,7382644
1979,3,3,8,12,7,1,2,10119065
1660,2,1,2,5,5,1,1,7206354
2058,3,3,1,0,7,0,2,9030623
1192,2,2,2,9,10,0,0,5812296
1103,3,1,8,17,5,0,1,6591855
1476,3,1,3,0,6,1,2,7823274
1127,2,1,8,16,1,1,1,6601684
2501,4,4,2,9,9,0,2,10806708
2757,5,4,9,20,8,1,2,13406416
1302,4,1,3,18,4,1,1,7187140
2508,4,1,3,8,9,0,0,9875768
2173,5,1,3,11,9,1,2,9896747
2243,4,1,2,15,4,0,2,9158771
972,1,1,3,17,7,0,0,4298668
751,2,2,2,9,6,1,0,5051252
882,1,1,10,2,10,0,0,5755966
2527,5,3,3,11,2,1,0,10997449
2248,3,1,3,5,1,1,0,8910117
697,2,2,8,17,0,1,1,5881248
2923,4,1,3,12,4,0,2,11155384
2297,5,4,1,11,3,0,1,10333052
2076,4,4,10,1,1,1,2,11880992
2082,5,1,9,3,4,1,1,10976641
1054,2,1,5,14,10,0,0,5595160
2857,4,2,7,12,5,0,0,11072949
2302,4,2,10,10,4,1,1,11311471
1954,4,2,6,8,2,1,2,10034674
1010,4,3,6,2,6,1,1,7722400
760,2,2,6,13,4,0,0,5145182
2293,5,4,2,2,5,1,1,11196211
1797,4,4,4,9,2,0,2,9208185
1275,4,4,2,16,1,1,0,7255124
1430,2,1,3,1,6,0,2,6700601
2970,3,1,5,16,9,1,0,10945014
2519,3,3,9,15,2,1,2,11180827
630,1,1,4,4,4,0,1,4133910
1589,4,1,2,7,8,0,2,7950354
793,1,1,8,18,7,0,1,5185464
781,2,2,3,4,10,1,1,5594386
2690,4,1,1,3,0,0,0,9782674
966,1,1,5,1,7,0,1,5487013
2259,5,4,4,5,7,1,2,11312097
1582,4,4,6,11,10,0,1,9176442
2530,5,4,10,18,6,0,0,12259698
2636,4,4,5,5,9,1,2,12406434
1137,2,2,5,2,7,1,0,6741572
2947,5,4,8,14,5,0,1,13281791
1067,2,1,3,15,3,1,0,5233185
2925,3,1,5,15,5,1,1,11108821
522,2,2,1,5,1,1,1,4523180
1562,3,2,1,2,10,1,2,7949772
1074,2,2,8,19,9,0,0,6278124
1865,5,4,6,9,3,0,1,9881656
2258,4,2,7,15,6,0,2,10298166
2256,5,4,10,19,2,1,0,11712727
2688,3,2,4,20,9,0,0,9772879
1404,2,2,8,0,4,0,1,7796863
1085,2,1,5,1,10,1,1,6598781
583,2,2,1,12,4,1,0,4221983
2771,5,4,7,6,8,0,0,12226753
925,1,1,6,16,7,0,1,5062960
2320,4,3,9,7,1,0,2,11340799
878,1,1,9,11,5,0,1,5714823
2650,5,2,10,17,8,1,0,12362441
966,1,1,6,8,3,1,0,5326326
822,2,1,6,11,8,0,0,5303866
2529,5,4,10,15,7,0,2,12640705
2368,3,2,1,11,1,0,0,8638013
1948,3,2,9,7,9,1,0,9559966
750,1,1,10,13,3,0,0,5171701
629,2,1,4,2,6,1,1,5160258
2353,3,2,1,2,0,0,2,9015885
2135,3,3,10,10,8,1,0,10215972
2967,3,2,5,3,8,0,0,10973310
1204,2,1,5,14,1,1,2,6676274
989,2,1,6,20,2,1,1,5820501
2875,4,4,2,2,9,1,2,12559608
626,1,1,4,16,6,1,0,4099736
922,1,1,10,15,5,0,1,5895936
909,1,1,5,5,4,0,0,4806081
2065,3,3,9,3,6,1,1,10361297
2440,3,1,10,1,0,0,1,10359345
2955,5,1,4,19,0,1,0,10963497
1651,2,2,4,6,1,1,1,7777066
2535,3,1,1,19,1,1,1,9262097
805,1,1,9,11,3,0,1,5451688
2407,4,4,4,2,9,1,1,11424642
1316,4,4,3,3,9,0,0,8021930
805,2,2,5,7,8,1,1,5843905
1028,3,1,3,20,10,1,0,5679680
2207,3,2,6,18,6,0,1,9139745
2017,5,2,6,4,10,0,1,10274035
1572,4,1,8,13,6,1,0,8669093
2819,4,3,5,11,10,0,2,12064314
1803,4,3,10,10,1,1,1,10098647
1718,4,2,3,15,3,1,2,8782540
2732,4,4,2,0,0,1,2,11619834
2703,3,2,1,13,9,0,2,9996629
957,1,1,10,14,2,1,0,5794231
503,1,1,7,9,6,0,0,4147840
2624,5,2,7,16,5,1,2,11929008
866,2,1,5,7,9,0,0,5268267
2592,4,4,8,10,0,1,1,11963637
1605,4,2,1,15,7,0,0,7392641
2598,3,1,9,5,7,0,2,11073192
2869,5,3,4,15,7,1,1,12284878
2097,5,2,1,9,5,0,0,9057510
2695,5,2,8,17,4,1,0,11524254
2035,4,2,6,2,8,1,2,10373706
707,2,2,1,15,7,1,0,4544969
2014,5,1,10,3,8,0,1,10618191
2664,5,2,6,1,2,1,1,11742143
2670,4,1,6,19,7,0,0,10413088
2333,5,4,8,17,1,0,2,11729963
936,1,1,6,14,5,1,0,5076537
1325,2,2,10,19,6,0,0,7306730
1337,4,2,4,17,1,1,1,7372415
1041,4,3,4,4,9,1,0,7444148
1125,4,3,1,13,4,1,0,6615752
1752,3,1,5,14,9,1,0,8020939
1328,3,2,2,17,8,0,2,6728492
1460,2,1,2,19,5,0,0,5599246
1850,4,4,9,19,7,0,2,10231609
2078,4,3,1,19,0,1,0,8957492
1386,3,2,4,2,0,0,0,6836130
790,1,1,6,0,8,0,1,5222774
2591,4,1,2,9,1,1,0,9759117
1910,4,3,2,9,5,1,1,9134449
1908,4,4,9,20,10,1,1,10488985
819,2,1,5,8,7,1,1,5565862
837,1,1,6,14,5,0,0,4716860
1701,3,1,8,1,7,1,2,9171267
902,1,1,5,6,9,1,0,5329685
846,1,1,8,20,9,0,0,4931035
2018,3,2,8,10,7,0,2,9725391
1748,4,1,5,3,7,1,1,8686572
903,2,2,10,7,1,1,1,7056483
798,2,2,2,12,4,1,1,5183324
2741,5,3,5,6,9,1,1,12092042
841,1,1,5,17,5,1,0,4610876
1720,4,1,4,18,10,1,0,8260856
551,2,2,8,3,8,1,1,5905562
2636,4,4,3,12,2,0,2,11193527
1595,2,2,2,7,4,0,0,6600709
2983,5,4,2,6,10,1,1,12401419
1814,5,3,2,16,9,1,0,9048773
963,2,2,9,15,7,0,1,6525658
2059,4,1,8,18,3,1,2,10204425
1985,3,3,8,9,10,1,0,10063912
1649,3,2,8,2,10,1,0,9059842
2306,4,1,6,14,8,1,0,9949025
1450,2,2,1,17,9,0,2,6355752
2946,3,3,3,18,6,0,1,10709156
1449,2,2,9,15,8,1,0,7928637
1063,2,1,3,20,4,1,1,5586868
1775,2,2,2,12,6,1,1,7595917
2573,3,3,1,15,4,0,0,9369283
981,2,2,5,4,2,1,1,6213256
1553,3,2,3,18,6,0,0,7055794
2302,3,3,4,19,6,0,2,9521935
2618,5,2,2,13,6,0,2,10971805
1029,4,3,2,12,5,1,1,6849595
2580,5,4,9,0,5,1,0,12423804
2060,3,1,8,10,6,0,1,9229954
1103,2,1,9,7,3,0,0,6305469
2213,5,4,7,15,7,0,1,11113065
2700,5,1,1,16,4,0,2,10623331
2799,4,1,6,19,6,0,0,10757309
1183,4,1,3,9,9,1,1,6971238
1178,4,1,4,4,5,0,1,6786476
1641,2,1,6,2,5,1,2,8239341
2336,4,2,5,1,4,1,1,10502938
1672,3,3,4,16,2,0,0,7506307
2203,5,1,9,12,6,0,2,10581374
1149,4,4,2,14,7,1,1,7462668
2097,3,3,1,6,5,1,2,9231722
2812,4,3,7,19,7,1,1,11737960
1546,3,3,7,4,6,0,1,8498537
2492,4,1,7,20,8,0,2,10491130
2783,3,3,3,17,1,0,2,10542583
939,2,2,9,4,1,1,1,7010043
1815,5,4,9,0,2,0,1,10580275
2437,3,2,2,2,10,0,1,9485001
2517,4,4,3,12,0,0,2,10635428
2449,5,3,2,14,0,1,0,10163706
1997,3,2,6,17,0,1,1,9146189
1807,4,3,6,10,2,1,2,9736065
2122,4,1,6,11,7,0,2,9731382
711,2,2,6,20,1,1,1,5527457
1357,4,1,9,0,4,0,0,8114182
2136,3,3,10,9,4,1,0,10219525
1144,2,2,9,8,1,1,0,7093844
2149,4,1,8,11,9,1,0,10220403
848,1,1,5,6,10,1,0,5255501
2983,4,4,5,1,3,0,0,12089542
1014,3,3,6,2,4,0,0,6931516
1847,4,4,9,2,6,1,2,10923537
1103,2,2,3,1,7,1,1,6461303
1603,2,1,8,0,0,0,0,7595997
2671,5,3,8,11,7,1,0,11982739
598,1,1,4,12,0,0,0,3618451
2176,3,3,7,17,10,1,0,10121760
1621,2,2,6,14,0,1,0,7652891
2794,4,1,7,16,8,1,0,10961689
1370,4,4,9,16,1,1,2,9192588
765,1,1,7,10,2,1,1,5208873
2233,5,1,8,17,10,0,0,10209888
1584,3,3,9,1,10,1,2,9736400
1616,2,2,8,2,7,1,1,8475858
1335,4,3,7,6,4,0,0,8060823
542,1,1,9,1,10,0,0,4854459
2217,5,2,9,2,6,1,2,11829484
1261,4,4,10,12,6,1,0,9170879
703,1,1,9,7,4,1,0,5215418
2492,5,2,2,0,8,0,2,10882632
582,1,1,4,15,7,1,0,4038945
2118,4,2,9,9,4,1,1,10800947
2066,4,4,8,13,8,1,2,11326089
2836,3,1,3,7,8,1,2,10662122
1831,3,1,1,3,5,1,2,8248993
1947,4,1,10,16,9,0,0,9595648
2956,5,2,7,10,9,1,1,12567467
2039,4,2,7,8,3,1,2,10254462
802,2,2,9,18,9,0,1,6129389
1298,4,4,3,12,2,0,1,7656825
1185,4,2,2,8,4,1,1,7092570
2099,5,2,3,10,7,0,1,9386091
1664,4,1,10,4,5,0,2,9242789
666,1,1,10,17,8,0,0,4884525
1463,3,1,4,9,8,1,1,7617149
903,1,1,5,18,7,1,1,5175094
1223,3,3,6,13,5,1,2,8042624
1970,5,2,9,8,3,0,1,10526586
1499,4,3,3,8,6,1,1,8244562
661,1,1,9,1,5,0,0,4955894
2692,4,3,4,15,8,0,2,11163698
1201,3,3,10,9,5,0,2,8447935
1865,3,1,5,19,5,1,2,8599510
1867,4,4,8,12,0,0,1,9763017
812,1,1,4,5,0,1,1,4900157
519,1,1,3,3,7,1,1,4192638
1937,5,1,6,12,8,0,2,9901954
2101,5,1,8,8,8,1,0,10417071
2038,4,3,6,9,2,0,2,10016969
2821,3,2,8,5,10,0,2,11804516
2414,3,2,6,11,2,1,2,10481532
2920,4,2,6,18,6,0,0,11438430
1700,2,1,2,5,1,0,2,6976029
979,1,1,8,6,7,1,1,6143334
1222,4,2,1,5,1,1,1,7110411
1751,2,1,9,19,9,0,2,8176034
2319,4,3,4,14,4,0,0,9804342
2729,3,2,3,0,9,0,0,10234121
912,2,2,6,4,3,0,1,5949777
947,2,1,5,12,9,1,0,5642048
652,2,2,2,5,4,1,1,5072256
2698,5,1,10,2,1,0,0,11847510
2920,4,3,3,13,9,1,0,11716580
863,2,1,4,8,10,1,1,5504740
2633,3,3,1,3,3,0,1,9802119
2459,3,3,1,7,6,0,0,9178504
1584,3,3,3,3,9,0,0,7821104
2616,5,4,2,15,1,1,1,11073809
2429,3,2,9,20,9,0,1,10585784
1453,2,1,2,0,7,0,2,6676037
1960,5,2,2,0,6,0,0,8910323
2554,5,1,7,18,4,0,1,10877952
2039,3,3,7,10,0,0,2,9415416
901,1,1,1,19,0,0,1,3846125
2081,4,3,1,17,5,1,0,8813764
1876,4,2,9,2,10,0,2,9985364
1128,4,3,7,10,8,1,0,8123808
2438,5,4,3,15,5,1,1,11204909
829,2,1,1,4,3,1,1,4971442
2927,5,2,8,8,6,1,0,12720670
2176,5,4,9,10,5,1,1,11969124
523,2,2,9,19,1,1,1,5446010
2982,3,1,10,12,4,0,2,11684414
2587,4,3,9,20,0,1,1,11826630
1869,5,4,4,2,8,1,2,10450273
2674,4,2,4,11,1,1,2,10870121
2831,4,4,1,10,10,0,1,11495620
2566,3,2,8,18,10,0,0,10184846
970,2,2,6,6,8,0,0,6105661
1974,5,3,10,1,2,0,2,10966370
908,1,1,10,14,9,0,0,5654245
1151,3,3,5,1,4,0,0,7103179
2301,3,1,7,1,8,0,2,9943931
2309,3,1,9,17,5,1,2,10459609
1851,4,4,6,9,10,1,2,10209302
1029,4,4,4,12,9,1,0,7282482
1535,4,1,7,17,5,1,0,8271997
1921,5,1,2,13,10,0,2,9056683
1325,2,2,4,7,0,1,2,7116607
2477,4,4,1,9,2,1,2,11006133
998,2,1,10,1,3,0,1,6816125
1994,4,3,6,19,7,1,2,10335825
1779,3,1,9,15,3,1,1,8666014
2029,5,3,5,7,4,1,2,10522257
1130,4,1,4,9,8,0,0,6400570
2224,3,1,9,7,2,0,0,9507433
2414,5,2,6,7,10,1,0,10928766
1463,3,1,8,17,4,1,2,8122227
1906,5,4,3,17,5,1,1,9713939
890,1,1,5,14,8,1,0,4875497
1269,4,4,1,15,4,0,0,6977562
2892,5,1,10,0,7,1,0,12687147
1473,4,2,2,11,9,1,0,7506348
1022,4,1,6,19,3,0,1,6484259
1397,2,1,2,13,0,1,1,6058914
2084,5,1,4,10,7,1,0,9692553
965,2,1,2,16,3,0,1,4689987
2698,4,3,6,7,5,0,2,11987903
2344,5,4,4,16,5,1,1,11099325
1068,4,4,8,18,5,0,0,7609323
1913,5,1,6,6,3,0,1,9318048
1923,5,4,5,17,10,1,1,10442618
676,2,1,3,1,2,1,1,5058234
2640,5,1,3,7,7,0,2,11144841
1602,2,1,5,20,1,1,2,7333893
2568,4,2,9,12,8,1,1,11841608
970,2,1,7,18,6,0,0,5450749
2852,5,3,2,0,1,0,2,12172879
1611,4,2,6,20,2,1,1,8292262
798,2,2,9,18,2,0,0,5672142
2000,5,3,3,3,4,1,0,10020614
2989,4,3,10,3,7,1,1,13597707
2220,4,1,1,14,2,0,0,8498959
1125,3,3,6,14,2,0,1,7033594
2490,3,1,2,10,7,1,1,9297397
1749,4,4,9,1,4,1,2,10656860
2990,4,2,2,12,9,0,0,10837086
2079,4,4,8,2,7,1,2,11654472
1469,2,1,7,3,10,1,1,7774744
2997,4,3,5,11,1,1,0,11726061
1329,3,3,9,15,3,0,2,8084493
1861,5,3,4,1,1,0,0,9216902
2764,4,3,3,4,7,1,2,12037310
1382,3,1,5,3,4,0,2,7400480
1608,2,1,1,9,10,0,1,6450808
2671,5,1,2,19,2,1,1,10354944
2559,4,2,9,5,5,0,2,11726241
1721,2,2,2,9,5,0,2,7532511
2834,5,1,5,6,0,0,1,11439077
2169,3,3,9,13,10,1,1,10505536
1900,3,3,7,10,6,0,1,8999481
1273,3,2,5,0,6,0,0,6997670
1370,2,2,9,18,7,1,2,8101041
2523,3,1,2,0,6,0,1,9448695
1502,4,4,9,6,10,1,0,9522699
2321,3,3,4,9,5,1,0,9549150
923,1,1,3,10,2,1,1,4892879
1396,4,4,4,6,4,0,1,8371992
1137,4,1,6,1,4,1,1,7562080
1619,3,2,7,4,7,0,0,7992362
1653,2,1,4,5,6,1,0,7242437
1426,4,4,9,11,0,0,1,9193788
1239,2,1,6,11,10,1,2,7117536
1255,2,2,8,10,0,0,2,7107887
1743,3,1,7,11,9,0,1,8177262
2535,4,2,10,10,6,1,0,11402783
1050,2,2,1,8,8,1,1,5684268
923,1,1,4,13,6,0,0,4441283
2586,5,3,6,15,7,1,0,11848283
2933,4,3,10,19,8,0,0,12004804
800,1,1,1,11,2,1,0,4019094
678,1,1,1,14,9,0,0,3433229
2459,4,1,9,15,4,1,1,10806152
2420,5,2,8,5,8,0,0,10914173
1360,2,2,4,7,8,1,2,7213388
710,1,1,3,14,4,0,0,3738952
1248,4,4,8,2,0,1,2,9016357
825,1,1,6,10,1,0,0,4517296
2735,3,1,9,7,3,0,0,10965820
2269,3,1,7,8,2,1,0,9705239
931,2,2,3,11,9,0,1,5526688
2467,3,3,4,7,3,1,1,10594457
2325,4,2,9,0,10,1,1,11174644
1060,3,3,5,0,8,1,1,7617181
2315,5,1,1,1,2,1,1,10028348
2785,5,4,9,15,10,1,2,13222712
993,2,2,10,1,2,1,0,7143819
2828,4,4,6,6,10,1,2,12799449
2138,3,1,8,5,8,1,0,9629572
1955,4,2,2,17,2,0,0,7905052
1417,2,2,1,14,9,0,1,6138568
2155,5,2,3,5,2,1,1,9986783
1510,4,4,4,19,2,1,1,8546776
2961,4,4,10,12,3,0,0,12479753
1679,2,2,10,17,4,1,2,8824736
2907,4,3,8,3,6,1,1,12950174
2844,5,3,9,11,10,1,1,13269177
2797,3,3,1,19,8,0,2,10150848
1807,3,3,7,9,0,0,0,8690995
1952,5,4,3,13,4,0,2,9876513
2832,4,3,2,9,9,1,1,11249543
1150,4,1,7,1,5,1,0,7503532
2073,4,1,7,18,7,1,2,10026359
789,2,2,8,7,1,1,0,5929795
2503,5,3,7,1,5,0,2,11809652
689,2,2,2,10,7,0,0,4367523
963,1,1,4,12,2,1,0,4903856
2092,3,3,6,13,9,0,1,9569515
2046,3,2,7,12,5,1,2,10001320
2904,3,1,2,15,0,1,2,10664590
929,1,1,7,8,3,1,0,5436200
1962,3,2,8,11,0,1,2,9465850
2326,5,2,6,17,8,1,0,10500444
1212,4,4,6,8,2,0,0,7788150
2419,4,1,9,4,10,1,2,11356713
1840,3,2,5,17,3,0,1,8322541
682,1,1,6,15,8,1,1,4961120
1644,2,2,8,8,2,1,0,7943202
1964,5,4,7,20,8,0,2,10455055
2480,3,1,8,7,9,0,1,10568367
2482,3,2,9,10,6,1,1,11046428
2821,5,1,1,18,7,1,2,11125796
2307,4,4,10,4,7,0,2,11915237
2008,3,3,2,12,6,1,0,8539045
1438,3,2,9,9,6,1,2,8968987
953,1,1,8,2,6,0,0,5453311
1651,4,2,10,16,1,0,2,9458220
680,1,1,3,11,7,1,0,4105534
1225,3,2,5,16,3,0,1,6844479
1209,4,2,10,6,0,0,0,7947063
2068,5,3,2,9,5,0,2,10053926
1963,4,1,3,9,8,1,1,8953118
717,1,1,6,12,3,0,1,4509876
2391,3,3,2,9,3,0,2,9462936
1740,3,2,4,10,8,1,0,7979344
867,1,1,8,19,9,0,0,5010537
657,2,2,8,4,9,1,1,6145505
1380,4,3,7,11,7,0,0,8207943
2097,3,1,3,16,8,1,1,8486833
2917,4,2,4,16,9,1,1,11678750
2247,5,4,1,15,2,1,2,10289653
2487,3,1,4,17,10,0,2,9603894
2453,5,3,1,14,8,0,2,10574469
2212,5,3,6,17,9,0,2,10678978
1843,4,4,7,20,5,0,0,9317329
2383,4,2,4,19,10,1,2,10493332
752,1,1,3,10,6,0,1,4285434
2840,5,4,2,9,6,1,2,12212861
1032,3,2,6,8,0,1,1,6857964
663,1,1,9,8,0,0,1,5086552
2767,5,3,6,9,4,1,1,12386339
1013,4,4,1,18,2,1,0,6444094
869,1,1,9,17,5,0,0,5181894
1168,4,3,8,17,6,1,0,8146899
2959,4,2,6,12,3,0,2,11563375
645,1,1,9,3,0,1,1,5552887
1212,3,3,1,0,9,0,0,6473039
1068,4,1,8,20,2,1,1,7344848
1543,3,1,3,12,9,1,1,7245805
2079,3,3,7,7,10,0,2,10024372
1431,3,2,6,10,4,1,0,7632171
643,2,1,6,9,0,1,0,5057270
2922,5,4,10,0,1,0,1,13681280
1088,2,2,9,16,7,0,0,6433358
665,1,1,2,11,2,0,1,3669304
1826,3,1,3,1,8,0,0,7818239
1777,4,2,10,2,9,0,0,9754375
896,1,1,9,8,0,0,1,5470212
1410,3,3,5,12,7,1,2,8434739
2851,5,3,3,12,8,0,2,12172731
1141,3,3,2,10,4,0,0,6211639
2885,3,3,7,19,8,0,2,11530652
791,1,1,1,20,0,0,1,3597203
2853,5,4,8,0,7,1,2,13604691
1562,3,3,9,4,1,1,2,9501771
2777,5,1,5,11,5,0,1,11164831
1769,4,2,1,4,4,1,1,8343299
1132,4,3,10,11,2,1,0,8523748
2863,3,2,3,1,10,0,1,10648311
1925,5,3,4,5,10,0,0,9721441
2459,5,1,8,15,2,0,1,10681658
1645,3,1,4,5,7,1,1,8086091
1397,2,2,1,13,9,1,1,6542391
1795,2,2,8,5,4,0,1,8500577
2564,4,4,5,0,0,1,2,11859260
2287,5,1,2,13,4,1,2,9841780
1461,4,4,1,2,10,1,0,8169565
1997,3,3,1,11,1,1,1,8763229
2424,5,4,2,20,2,0,1,10600208
2550,4,4,7,5,6,0,2,11658122
2266,3,1,4,12,2,1,0,8881078
2278,3,1,8,1,1,0,2,10247495
1007,4,4,9,17,9,1,0,8345835
1518,4,2,4,3,6,1,2,8875095
2687,4,3,10,2,7,0,1,12353913
561,1,1,8,3,4,1,0,4816195
1923,5,4,3,8,4,0,0,9566239
1492,4,4,4,0,3,0,0,8321192
897,2,1,5,13,9,0,0,5138470
2069,4,2,3,12,3,0,1,8790295
1400,4,2,3,8,4,0,2,7865553
930,2,1,9,9,1,0,0,5796921
2962,4,3,3,12,0,1,1,11922191
1603,4,2,2,3,3,0,2,8070735
1478,3,2,5,1,10,0,2,8228136
1206,2,2,3,5,0,1,0,6077370
534,1,1,3,7,0,1,0,3824039
2300,5,2,8,15,3,1,2,11272217
1322,4,3,7,10,2,1,1,8635746
1779,4,2,6,2,9,0,1,9148110
1511,3,2,7,0,6,0,1,8276238
2377,4,2,5,10,7,1,1,10728898
1932,3,3,7,12,0,1,0,9327633
2591,5,3,1,20,1,1,0,10614629
1703,4,4,9,14,3,1,2,10451988
2983,4,3,7,2,8,0,2,12984755
1669,4,2,2,12,7,1,1,8321940
1353,4,1,1,19,3,0,2,6582034
1284,3,3,8,7,6,1,2,8626006
2628,5,1,2,18,6,0,0,9770115
1579,2,1,2,5,5,0,1,6726130
1621,3,2,5,0,7,0,0,8051927
1005,2,2,10,12,6,1,1,7130062
1007,2,1,6,7,0,0,0,5601167
1387,2,2,10,15,5,1,1,7980305
2480,5,4,7,3,2,1,1,12151531
1551,4,2,5,3,0,0,2,8409271
644,1,1,2,16,1,0,1,3514169
1090,2,2,7,13,1,0,0,6154027
830,1,1,5,11,1,0,1,4629624
1406,2,1,2,2,0,1,0,6079426
524,2,2,4,15,0,1,0,4380379
1640,3,2,6,3,9,1,0,8348404
1021,2,1,7,13,5,0,0,5602239
719,2,2,10,9,9,0,1,6220958
2739,5,3,8,3,4,0,1,12173187
554,1,1,6,3,5,0,1,4397484
2105,4,4,9,11,8,1,2,11437163
1551,3,1,1,4,7,0,0,6613943
1761,3,2,2,20,8,1,0,7459161
2029,4,1,5,16,3,1,1,9208659
2396,4,2,6,9,1,0,2,10726480
797,2,2,1,15,7,0,1,4573915
2969,5,2,10,11,10,1,2,13632979
1560,3,2,6,0,5,1,1,8446207
1582,3,3,6,6,1,0,2,8621701
2465,5,2,4,13,2,1,2,11141342
1613,4,2,4,15,10,1,0,8139456
870,2,1,8,11,7,0,0,5528478
1290,3,1,4,16,1,1,0,6285132
719,1,1,4,9,0,0,1,4153027
1873,4,2,10,11,2,0,2,10137578
1705,2,1,3,13,7,1,2,7468170
1125,4,1,9,4,6,0,1,7661327
2606,5,1,8,20,3,0,0,10785306
824,1,1,1,6,6,0,0,3891924
2711,3,2,9,3,5,1,2,11891510
2647,4,4,6,11,10,0,2,12111085
683,1,1,10,19,10,0,1,5142874
2023,3,1,2,7,3,1,2,8710328
1220,3,3,6,0,3,1,2,8291709
1651,3,3,7,20,0,0,0,7804351
1341,2,1,1,1,4,0,0,5705930
2696,5,2,10,12,0,1,0,11981897
1249,3,2,7,2,4,0,0,7215599
960,2,1,3,8,9,0,1,5368829
933,2,1,2,10,2,0,0,4512542
2703,5,3,2,11,10,0,1,11210644
2039,4,3,10,5,5,0,0,10559853
1590,2,2,5,14,5,1,1,7548825
1729,4,2,10,17,9,1,2,9802450
2372,4,2,9,17,10,0,2,10829924
663,1,1,3,8,5,1,0,4083361
1707,4,2,2,13,7,0,0,7725685
2771,5,3,7,2,10,0,2,12701711
1251,3,3,6,19,1,1,0,7334762
2202,4,3,3,10,0,1,1,9815555
1123,4,4,6,11,9,0,0,7746318
973,2,1,2,19,8,1,0,4930370
1274,4,3,7,18,10,1,1,8555152
1477,4,3,8,6,6,1,2,9686211
2522,5,4,7,2,1,0,0,11866284
2081,3,2,9,13,5,0,1,9714264
2567,4,1,9,14,2,1,0,11198405
548,2,2,7,8,10,1,1,5591599
2243,3,1,1,2,8,1,0,8562004
2705,4,4,6,17,10,0,2,12144590
2995,3,2,4,16,0,1,2,11150900
2219,4,1,4,4,4,0,0,8928765
541,1,1,9,16,10,1,1,5181386
1259,2,2,9,19,8,0,1,7272037
2190,3,3,10,10,10,1,0,10664389
2509,5,2,7,10,4,1,1,11437163
743,1,1,1,17,4,0,0,3446703
2230,5,2,6,16,7,1,0,10280073
582,1,1,6,6,0,0,1,4400717
2611,5,3,1,7,10,1,1,11542604
2864,5,1,10,11,4,0,0,12295673
2388,4,3,1,6,5,1,1,10242701
1013,3,1,1,10,8,0,0,5165598
953,1,1,5,0,0,0,1,5148567
2742,5,4,9,1,6,1,1,13556432
1305,2,2,8,6,8,1,1,7544499
2452,5,4,4,12,2,0,2,11189354
790,2,2,5,10,5,1,0,5405654
2051,3,2,4,20,4,1,1,8650921
801,1,1,4,3,5,0,1,4585898
2472,3,3,1,4,10,0,0,9581152
1388,3,3,3,11,0,1,0,7213772
1433,2,1,9,13,2,0,2,7527028
2997,5,2,3,17,4,0,0,11436946
2598,3,2,10,6,1,0,0,11020735
1557,2,1,1,20,0,0,0,5716259
2906,5,1,7,7,3,1,1,12106890
1722,2,1,1,11,5,0,0,6398215
1457,2,1,4,1,10,1,0,7090098
583,1,1,5,2,8,1,1,4863639
1730,2,1,8,11,5,1,2,8610098
1862,5,3,6,17,6,1,1,9931755
2141,4,4,6,0,7,0,2,10733728
1522,3,1,10,3,10,1,0,8834800
2608,4,3,9,7,5,1,1,11959406
769,2,1,9,3,0,0,1,5732401
1442,2,1,10,13,1,0,0,6984989
674,2,1,7,9,7,0,1,5333917
646,1,1,8,8,4,0,0,4632592
2411,3,3,4,0,8,1,1,10506575
1140,4,1,10,19,7,0,1,7589781
1624,2,2,2,15,6,1,0,6794999
564,1,1,10,6,0,1,0,5015449
764,1,1,10,16,4,1,1,5631673
1053,3,3,9,17,2,1,1,7482921
1646,2,1,5,1,6,0,0,7120767
1093,4,3,7,18,1,0,0,7111229
1669,4,1,6,9,4,1,2,9006002
2853,4,1,9,10,0,0,0,11596920
2649,3,3,10,5,1,0,1,11790995
1595,3,1,2,12,5,1,0,7021407
2608,4,2,10,6,10,1,0,12201051
2442,5,4,2,18,7,0,0,10193870
787,1,1,1,19,4,0,1,3677516
2970,5,3,9,13,4,0,1,12999975
984,2,1,5,5,10,0,0,5563586
1359,2,2,1,3,6,1,0,6276216
894,1,1,4,15,3,1,0,4664510
2859,5,3,5,20,8,0,1,11886711
2504,4,3,9,10,3,0,0,11025234
758,2,2,10,3,10,1,1,7033624
2798,5,4,1,9,6,1,2,11828381
720,1,1,10,2,3,0,1,5428099
1598,3,1,7,4,1,1,0,7846794
2419,4,4,2,11,7,1,0,10337460
942,1,1,5,19,3,0,0,4616515
2073,5,3,6,4,9,1,1,11010891
1764,4,2,5,20,7,0,0,8130421
1202,3,3,2,1,2,1,2,7497096
2545,4,2,9,19,0,1,1,11533324
633,2,2,4,20,6,1,0,4635265
1617,4,4,10,13,10,1,1,10280383
884,2,2,7,1,6,1,0,6203288
871,1,1,1,4,4,0,0,4114116
2778,3,1,1,19,8,0,2,9791176
1386,2,2,4,12,5,1,1,6801379
2802,3,3,7,5,10,0,1,11512054
2827,5,3,7,14,9,1,0,12282296
2283,5,3,8,8,9,1,1,11497535
2729,5,2,6,1,8,0,0,11923763
2127,4,1,10,4,2,1,0,10234139
2706,4,4,8,4,9,1,0,12309298
2887,3,3,8,9,6,1,0,11941299
2558,4,1,6,10,3,1,0,10496172
2656,3,3,4,2,3,1,0,10582975
2131,3,2,4,20,7,1,0,8739837
695,2,1,4,20,8,0,1,4633827
1606,4,1,1,5,8,0,1,7346551
2716,3,3,1,9,0,1,1,10378649
861,2,1,3,7,6,1,0,5141569
1311,4,2,4,10,7,1,2,8020621
1545,3,2,9,5,5,1,1,8732178
2530,4,2,1,8,3,0,1,10007444
1354,2,1,10,20,5,0,2,7292830
2700,4,4,2,7,9,1,0,11095857
2638,4,3,4,6,6,1,1,11590937
2617,5,1,10,7,2,0,2,11939558
2359,5,2,2,13,2,1,2,10409881
2760,4,4,9,17,4,0,1,12143151
2793,4,1,9,1,8,1,0,11672593
2411,3,2,6,4,8,1,1,10625907
1831,5,4,6,9,3,0,2,10028258
836,1,1,6,13,10,1,1,5293111
1065,2,2,6,11,10,0,0,6209881
1046,4,2,2,11,2,0,0,6093449
1879,3,2,7,20,5,0,0,8523718
1454,2,2,7,10,7,1,2,8070759
2617,3,2,5,16,4,1,0,10063248
1399,4,1,5,6,5,1,0,7582779
806,1,1,7,5,5,1,1,5434026
2552,3,3,10,8,9,0,0,11110103
1808,3,2,1,20,0,1,1,7551755
2654,3,2,2,2,4,1,1,10581347
1370,2,2,2,11,10,1,1,6814969
567,2,2,9,0,8,0,0,5591347
2279,5,3,4,0,7,0,2,11193107
2902,5,3,6,4,1,1,1,13007375
1454,2,2,9,17,9,1,2,8192381
1999,5,4,9,8,1,0,2,11230585
1031,4,4,6,12,9,0,1,7835004
2107,5,2,1,4,8,0,1,9263918
2579,4,4,8,10,6,1,1,11957779
914,2,2,2,14,1,1,1,5359022
2061,5,3,2,19,9,0,1,9408049
1977,3,2,3,0,3,1,0,8874366
1403,3,3,7,0,6,1,2,8775949
2907,4,3,2,3,3,1,2,12110624
2675,5,2,8,0,0,1,2,12597116
1115,2,1,10,1,2,1,1,7129573
2063,3,2,9,12,4,1,2,10306620
2922,5,1,6,18,10,1,0,11873488
2372,4,3,4,9,0,0,0,9943720
754,1,1,7,7,4,0,0,4678862
2598,4,2,5,2,5,0,0,10456208
2225,4,3,2,20,7,0,1,9233386
1942,5,1,8,2,3,1,1,10430269
2634,4,3,9,12,1,1,0,11964894
2560,4,2,9,16,9,0,2,11335078
669,2,2,10,17,1,1,0,5956490
1080,2,2,8,7,9,1,1,7012146
2656,4,1,8,16,0,1,2,11410993
647,1,1,3,12,3,0,0,3671362
1861,5,1,8,14,6,0,2,9710904
2442,5,1,4,18,0,1,2,10297036
1834,4,2,5,1,1,0,2,9051030
1287,2,2,5,4,1,0,1,6668906
2412,3,2,6,14,0,0,2,10183895
1564,3,3,6,4,0,0,1,8240226
2762,4,3,9,1,10,1,2,12705631
2621,4,1,7,16,5,0,1,10433328
2842,3,2,5,3,0,1,0,10916642
1113,2,1,3,11,7,1,1,6040263
1636,4,3,9,1,6,0,2,10018016
1711,4,4,9,1,2,0,1,9763896
593,1,1,8,4,10,1,0,5013050
2688,3,1,9,3,4,1,2,11313742
2970,4,1,8,20,8,0,1,11761393
2758,5,1,5,18,4,1,0,10832787
2128,5,3,10,13,4,1,2,11708812
2420,5,1,10,13,4,1,1,11394361
720,1,1,9,0,7,0,1,5397378
877,2,1,5,16,4,0,0,5016081
2800,5,4,9,7,9,0,2,13008530
612,2,1,8,1,2,0,0,5192432
2609,3,3,2,7,3,0,1,10032176
2992,3,1,10,3,4,0,1,11898841
1335,3,2,8,2,9,1,2,8747762
1890,4,4,9,5,1,0,1,10362331
2694,5,3,1,6,8,1,1,11278574
1986,5,4,7,4,3,1,1,10989126
1959,3,3,4,14,7,0,2,9026871
2439,4,1,6,14,9,0,1,10100487
521,1,1,6,4,9,0,0,4126962
1546,3,1,5,2,2,0,1,7679464
531,2,2,10,11,1,0,0,5287656
2887,4,4,3,16,7,1,0,11763064
1983,4,4,9,16,6,0,0,10241969
2086,3,1,10,4,6,1,2,10542819
1256,3,2,5,6,8,0,1,7144733
1654,3,1,2,9,9,1,0,7504883
2346,5,3,8,13,4,1,2,11607501
720,2,2,9,10,3,0,1,6061669
2082,3,2,3,17,7,0,1,8530461
1685,3,2,3,20,10,1,2,8156905
2851,4,2,6,15,8,1,1,11491270
1313,4,3,6,2,3,0,2,8301095
2858,3,1,1,6,10,1,0,9899009
2995,4,4,3,11,0,1,1,12312570
1080,2,2,10,15,4,0,0,6467228
2244,4,4,8,13,3,1,1,10915782
2419,4,1,7,19,4,0,0,9884774
1123,4,2,6,17,8,1,0,7345995
2777,4,1,7,9,9,1,2,11905482
1758,3,3,5,0,1,0,1,8604757
968,1,1,2,0,3,1,1,5153764
1577,4,3,10,5,3,1,0,9403257
2242,4,4,5,14,7,0,0,9965547
1378,3,3,2,3,7,0,0,7127624
1050,4,2,6,11,9,1,0,7173967
2575,4,4,2,15,10,1,1,11158967
1253,3,3,4,19,9,0,0,6571579
2137,5,1,6,10,9,0,2,10085772
2410,4,2,3,6,5,1,1,10507033
1921,3,3,6,3,9,0,1,9407385
1650,2,1,7,15,5,1,2,8197391
2674,3,2,7,4,5,0,1,10691578
793,1,1,7,16,8,0,0,4777223
978,1,1,10,11,4,0,1,5837793
1502,3,2,3,13,10,0,0,6940021
871,2,1,9,1,4,1,1,6614181
1323,3,1,4,1,6,1,1,7235511
1634,3,1,4,13,9,0,0,7338221
1161,2,1,6,0,2,1,0,6353368
2786,5,3,7,17,3,0,1,11835122
2683,5,3,1,18,8,1,1,11121871
2976,5,4,5,16,6,1,2,13047853
1780,4,2,6,5,3,1,1,9401729
1167,2,1,3,15,0,0,0,5184029
1422,3,2,4,15,10,0,2,7357863
1264,3,3,1,2,9,0,0,6630353
888,2,2,1,7,1,0,1,4981753
2524,3,3,1,18,8,0,0,9410596
1514,4,2,8,15,5,0,0,8081886
1629,3,3,10,8,3,0,0,8775015
1081,2,2,7,8,10,1,1,7123637
546,2,2,3,2,7,1,0,4711376
1910,4,3,3,10,7,1,2,9604848
2056,4,2,9,19,6,1,2,10258248
2273,5,2,1,0,7,0,0,9688658
1198,3,3,6,7,5,0,0,7017592
2619,3,1,9,17,6,1,0,10693064
1616,4,2,3,2,4,1,1,8501653
1840,4,3,2,0,9,1,2,9489557
2421,5,4,7,20,9,1,2,12032484
585,2,1,10,18,9,0,1,5366136
1161,3,2,3,19,3,0,1,6255418
2420,3,2,8,4,3,0,2,10937836
2259,4,3,2,13,2,0,0,9028117
2878,3,2,8,6,1,1,0,11251900
2984,4,1,7,0,5,0,1,12004805
1511,3,1,9,6,8,1,0,8209024
573,1,1,10,17,2,0,0,4560650
1494,2,1,1,12,5,1,1,6326902
1620,3,3,2,19,7,0,0,7221064
917,1,1,3,4,10,0,1,4793279
2294,3,1,7,13,0,1,0,9450673
2896,4,3,6,5,4,0,2,12097471
1697,4,1,4,5,3,1,0,8134069
2006,4,3,4,19,4,1,2,9943338
2974,3,3,2,10,10,0,1,11257180
2433,3,2,6,6,1,0,0,9696513
1890,3,3,1,7,5,1,1,8340445
2608,3,2,5,7,9,0,0,10349798
1051,2,2,6,13,0,0,0,5650013
1697,4,3,5,15,8,0,1,8953013
1411,3,2,9,4,10,1,0,8336506
2830,5,4,2,17,8,0,2,12076775
2114,3,2,10,2,2,1,1,10166009
1287,2,1,5,1,2,0,1,6320183
2885,3,3,5,18,2,0,1,10701263
2293,3,1,2,19,1,1,1,8470161
1124,3,3,1,13,4,0,0,5846671
2779,5,4,4,6,10,0,0,12045637
1264,3,3,4,18,7,0,0,6715427
1601,4,3,4,17,10,0,0,7932582
1497,3,1,2,11,0,1,1,6908436
1953,4,4,2,6,9,1,0,9272980
2467,4,3,8,7,4,0,2,11336515
915,2,1,7,3,4,1,1,6260486
633,1,1,2,16,4,1,1,3832353
1031,2,2,8,5,6,0,1,6666524
2736,4,2,4,3,10,1,1,11406586
1647,3,1,9,17,3,1,2,8895479
2226,5,2,1,2,8,1,1,10037755
507,1,1,3,17,4,0,0,3126428
2814,4,3,4,3,3,0,0,11102875
2928,4,4,3,20,3,0,0,11283484
2036,4,2,9,5,5,0,1,10299450
1552,2,1,4,2,10,0,0,6737776
2479,3,2,3,3,7,1,2,10609252
2364,5,4,1,19,9,1,1,10475472
1072,2,2,10,15,9,1,1,7254216
1163,4,4,4,0,5,0,1,8040943
536,1,1,3,16,1,1,1,3793506
2268,4,4,9,15,9,1,1,11774404
1897,5,1,3,20,7,1,0,8668024
1091,3,2,4,11,8,1,0,6446829
741,2,2,7,10,7,1,0,5701655
2681,3,3,3,13,8,1,0,10373236
913,2,2,8,17,1,1,0,6162014
1117,2,1,5,0,4,0,1,6053073
1745,4,1,4,15,0,0,1,8044357
2605,5,2,1,0,5,0,0,10465279
1912,4,3,5,2,8,0,1,9795160
2924,5,3,1,15,1,1,0,11511061
2557,3,3,5,13,5,1,0,10216298
2761,4,2,9,17,4,0,1,11642100
693,1,1,7,11,1,0,1,4754593
2966,5,4,1,15,7,1,0,11735812
624,2,2,4,5,5,0,1,4973041
1577,4,2,7,14,2,1,2,8956754
2796,3,3,5,18,4,1,1,11041948
1253,3,3,8,13,9,0,1,7812987
1833,5,3,1,6,5,0,1,8793195
1198,2,2,1,15,8,1,1,5902618
957,1,1,4,2,5,0,0,4757385
1567,2,1,7,6,7,1,0,7432792
2564,4,1,5,11,1,0,0,9965009
986,1,1,8,3,8,0,1,5946752
1468,2,2,4,15,0,0,0,6488960
2536,5,4,1,14,9,1,0,10819161
1026,4,2,5,17,8,0,0,6474795
2249,5,2,1,8,0,0,2,9490270
2512,5,3,10,16,0,0,2,12026371
2033,3,2,8,18,5,1,1,9720363
793,1,1,1,3,3,0,0,3761980
619,2,1,4,5,4,1,0,4821148
976,1,1,5,12,3,1,1,5256045
1703,4,4,10,7,5,0,0,9853674
2003,3,1,5,13,8,1,1,8994466
1939,3,3,7,16,6,1,1,9659847
2962,4,1,8,20,0,0,1,11672110
2415,4,1,2,0,7,0,1,9821471
1377,3,1,7,15,0,0,0,6750227
2521,4,3,7,11,8,1,2,11858629
1810,5,3,7,15,3,1,0,9924441
934,2,2,7,8,5,0,1,6048916
751,2,2,6,14,0,0,0,4976533
1127,4,3,7,12,8,0,1,7647680
2870,4,4,3,10,10,1,2,12243323
2478,5,4,2,5,6,1,0,10894270
514,1,1,3,7,7,1,1,4064449
617,2,1,8,2,3,1,1,5681650
2994,5,2,4,13,4,1,2,12435676
1975,3,1,5,12,1,0,2,8682773
1919,5,3,7,19,2,0,0,9600658
1428,2,2,3,11,6,0,0,6297736
2801,3,2,4,7,9,0,2,11196980
2659,4,1,7,2,10,1,2,11507048
2645,4,3,9,15,4,0,2,11619180
624,1,1,9,19,1,1,0,4823325
2208,4,4,7,8,2,1,2,11137208
792,1,1,6,9,3,0,1,4937571
955,2,1,8,9,7,0,1,6120042
2902,5,4,5,14,2,0,1,12524237
839,1,1,7,2,4,1,0,5531516
2326,5,3,1,8,9,1,0,10080775
2332,3,2,8,17,9,0,1,10119492
1935,3,3,5,12,1,0,1,8919888
510,1,1,1,4,9,1,1,3920583
2651,3,2,3,12,7,0,0,9808258
2843,3,2,1,8,7,0,0,9716013
1534,3,3,7,1,2,1,1,8969268
1771,2,2,3,0,9,1,2,8241066
2309,5,4,5,17,9,1,0,11252964
1533,2,2,7,20,10,0,2,7796244
2863,5,4,8,17,0,0,0,12632489
1493,2,1,4,9,9,0,0,6456872
1877,3,1,9,20,1,0,2,9014263
710,1,1,5,0,5,1,0,4807065
1841,5,3,2,18,7,1,0,9049829
2717,5,3,5,14,6,0,2,11732755
1880,5,4,4,3,9,1,2,10441259
1898,4,1,7,5,10,0,1,9312099
819,1,1,10,8,2,1,0,5825731
2210,4,1,2,9,0,0,0,8666374
2540,5,2,2,20,0,1,2,10583810
2047,4,4,7,14,6,0,2,10685158
973,2,1,1,9,10,0,1,5043056
766,1,1,3,16,6,1,1,4507238
1231,2,1,8,12,1,0,1,6549864
2623,5,2,5,8,8,0,1,11464092
2276,4,2,7,9,3,1,2,10698662
1949,5,1,6,3,10,0,1,9531194
916,2,2,2,18,5,1,0,5023540
1236,2,1,2,20,3,1,0,5543410
2936,3,1,8,12,6,1,0,11460578
2561,4,2,1,14,4,1,0,9627592
1620,4,2,7,13,10,1,1,9177671
2258,5,1,3,8,10,1,1,10118186
1643,4,3,1,4,9,1,0,8396971
2848,3,1,2,19,4,1,2,10460103
1486,3,1,5,16,8,0,1,7217890
2148,3,1,5,4,9,0,2,9252776
2095,5,4,3,3,2,1,0,10378676
2638,3,2,10,14,10,0,0,10853923
2789,5,2,2,19,1,1,2,11510437
1560,2,2,9,19,4,1,1,8266985
2906,5,4,3,12,0,1,0,12025122
585,2,2,3,17,5,0,0,4239018
571,2,1,4,14,10,0,1,4463490
1804,5,2,5,7,5,1,2,9876187
1218,4,4,8,18,1,0,1,8129396
704,2,1,3,12,1,1,1,4725815
1877,4,4,10,9,6,1,1,10769746
2591,5,4,4,8,0,1,2,11824003
644,2,1,5,20,6,0,0,4220862
1366,4,3,10,9,7,0,1,9051442
1881,3,3,5,1,1,0,2,9199095
2114,5,4,5,14,9,0,1,10660064
2422,3,3,8,8,3,1,2,11195747
661,1,1,10,16,0,1,1,5442154
2828,3,2,3,2,10,1,2,11228905
2275,3,2,8,15,2,0,2,10065169
929,1,1,2,13,4,1,1,4737848
1419,4,2,2,12,1,0,2,7419085
2628,5,2,5,4,10,1,2,12236461
2680,5,1,1,17,3,0,0,9936051
2458,4,2,8,2,4,0,0,10774166
2934,3,3,4,13,2,1,1,11208644
1440,2,2,9,16,5,1,1,7804308
2903,3,2,3,15,7,1,0,10351516
1049,2,2,1,7,1,1,1,5516934
2343,4,3,2,15,3,0,2,9653935
1785,2,2,8,2,8,1,1,9016412
1563,4,2,4,3,8,0,0,7908077
2483,3,1,10,3,10,1,1,11325719
2200,5,2,3,12,7,0,1,10022149
2280,5,4,7,6,4,1,1,11585969
1039,2,1,1,6,0,1,0,5085978
2769,4,1,6,13,7,1,2,11270695
577,1,1,8,5,3,0,0,4442368
2296,5,1,9,2,0,1,2,11228579
1758,3,2,9,20,0,1,1,8753518
2552,5,2,5,11,3,1,1,11524128
1792,4,4,9,10,6,0,2,10495363
559,2,1,6,5,6,1,1,5323004
2060,4,4,5,0,6,0,0,10227967
2822,3,1,4,14,4,0,2,10634963
2277,5,2,10,4,4,1,2,12083715
726,1,1,4,20,3,0,1,4069976
2415,4,2,9,8,2,1,0,10982394
2526,4,4,6,12,5,1,1,11618098
1011,4,1,7,10,4,1,0,6943476
747,2,1,5,10,7,1,0,5151935
2038,5,3,10,11,2,1,1,10983519
1932,4,2,3,5,10,1,1,9187284
2243,5,3,2,18,10,1,1,10107260
1034,3,2,4,10,0,1,1,6339832
2867,3,3,8,16,10,1,1,11965186
1373,3,1,9,7,3,0,0,7552961
2591,3,2,7,5,7,0,1,10510483
2830,3,3,3,0,6,0,1,10901352
621,2,1,4,20,0,0,0,3853261
2727,3,2,6,10,1,0,2,11082532
2304,5,2,5,16,1,1,1,10294571
2136,3,3,8,0,9,0,0,9956664
1927,5,2,10,14,0,1,1,10276916
2400,4,2,8,7,3,0,0,10543178
2447,5,4,10,3,1,0,0,12087503
2707,3,1,7,11,8,1,0,10873534
2585,3,3,2,13,4,1,0,9923892
2282,3,2,2,17,0,0,0,8357394
1256,3,3,8,2,1,1,1,8111707
1032,2,2,6,9,1,0,1,6203729
2349,4,4,9,10,4,0,0,11057192
2311,3,1,5,19,4,1,0,8982571
1821,4,2,1,18,8,1,0,8176062
2502,5,3,9,6,8,0,2,12130615
1744,2,1,2,4,10,0,2,7364736
2888,5,2,9,4,8,1,1,13093447
2532,3,1,4,10,0,0,1,9668893
1556,2,1,10,10,0,0,2,7960990
2591,4,2,1,8,0,1,1,9996779
2562,5,4,7,7,1,0,1,11944046
2180,5,2,4,1,3,1,2,10579368
2395,3,1,8,12,8,0,2,10194674
640,2,1,4,17,3,1,0,4516157
555,2,1,4,10,5,1,1,4778790
2081,4,2,1,19,0,1,2,8778970
1195,2,1,4,4,6,0,0,5696292
1520,4,1,9,13,2,1,2,8902377
2984,3,1,2,18,1,0,0,9698652
2310,4,3,6,7,8,0,1,10680936
1816,4,4,4,9,6,0,2,9312247
1899,3,1,5,14,9,1,2,8866995
2740,4,2,9,6,10,0,0,11925649
2777,4,3,8,4,8,1,2,12860132
1531,2,1,2,8,5,1,1,6631002
2484,5,1,5,17,1,0,0,10056644
896,1,1,5,1,7,0,1,5214204
2687,3,1,9,2,0,0,1,11012371
1975,5,4,4,15,7,0,0,9745134
2557,4,1,5,1,9,1,0,10734779
1676,2,1,3,0,3,0,1,7242612
1658,2,1,4,15,2,1,2,7413863
1509,2,1,6,2,3,1,1,7475684
1468,2,2,8,19,1,0,0,7033384
1432,4,3,7,7,10,0,2,9080887
2314,4,1,3,9,0,1,2,10013724
1101,4,2,8,16,9,1,1,7730363
1606,3,3,8,15,9,0,0,8555120
729,1,1,2,16,10,1,1,4326691
2741,5,3,8,3,3,1,2,13029594
1554,4,2,7,17,1,0,2,8305897
833,2,1,2,0,5,0,0,4644230
1247,3,3,4,2,2,0,1,7085308
2992,3,2,5,15,6,1,1,11587731
1504,2,1,9,10,0,1,2,8023884
624,2,2,10,15,7,0,1,5763713
2273,5,1,8,2,5,0,0,10287034
2052,4,3,5,12,2,1,1,9661434
2983,4,3,7,12,9,0,1,12425732
1730,4,1,6,14,5,0,0,8088224
1205,3,3,7,6,1,0,0,7194551
1407,4,1,4,4,0,0,1,7171484
2066,3,2,6,0,6,1,2,9752803
2166,5,3,1,12,9,1,0,9635552
2394,3,1,2,4,1,0,1,8789374
2048,4,2,8,5,5,0,1,9774192
2936,4,3,8,15,1,1,1,12255571
1634,2,2,7,19,9,1,2,8290973
1835,4,1,9,2,8,1,2,10339319
2481,4,1,10,15,6,0,0,10688912
1109,2,2,4,4,3,1,0,6324261
1138,4,2,6,9,4,0,0,7010793
2636,5,4,4,4,8,0,0,11558411
1137,4,4,9,16,2,1,0,8550071
2602,4,3,1,5,1,0,1,10042833
668,2,1,9,7,10,0,1,5682397
1060,3,2,5,16,9,0,1,6547787
2790,5,2,5,16,4,0,1,11214760
2025,5,1,5,2,1,1,1,9835860
2456,4,1,1,17,2,0,1,9017066
705,1,1,10,11,5,1,1,5831715
2075,5,2,4,10,2,1,0,9661635
1798,4,2,7,16,1,0,1,8913168
2245,3,2,1,13,6,0,0,8397622
711,1,1,6,3,6,0,1,4896455
2462,3,3,3,6,4,0,2,9923144
573,1,1,8,13,6,1,1,5015674
1141,3,3,1,17,7,0,0,6047012
2837,3,3,6,5,3,0,1,11162716
973,2,2,5,20,6,0,1,5545172
1919,4,3,2,18,10,1,1,8981517
2521,4,1,7,8,8,0,1,10480811
975,1,1,1,13,2,0,0,3937179
2010,5,4,4,12,3,1,2,10658162
853,2,1,5,8,9,1,0,5497588
2097,4,3,8,1,10,0,2,11056966
2969,3,2,9,0,4,0,1,11902900
1122,3,1,4,9,5,0,1,6337805
1271,3,1,9,9,7,1,0,7511065
1078,2,1,10,12,10,0,1,6659124
1803,4,4,7,19,9,1,0,9602521
2976,4,1,4,18,4,1,1,11265327
1442,3,3,7,14,7,1,2,8527894
775,2,1,8,6,3,0,0,5507145
2253,3,2,8,4,10,1,0,10072459
1507,3,3,7,18,4,1,2,8725786
1191,3,2,4,13,5,0,1,6657922
1493,2,2,1,15,4,0,0,5966105
1522,4,2,7,4,0,0,2,8542195
1186,2,1,10,0,8,1,0,7270033
2563,5,3,9,6,0,1,1,12305522
1470,2,2,4,12,8,1,2,7385162
1056,4,3,2,17,6,1,1,6794440
1396,3,2,1,6,0,1,1,6868459
2953,5,1,10,14,5,1,1,12910618
560,2,2,7,20,6,0,0,4871893
2281,4,2,10,10,2,1,0,10754397
711,2,1,5,4,0,1,1,5291874
2112,4,1,4,0,3,0,1,9283648
934,2,2,8,15,3,0,1,6022394
1085,3,2,9,19,3,0,1,7045999
1092,4,1,6,11,4,0,0,6512087
1963,5,2,10,8,3,0,0,10074272
1769,2,1,7,1,3,1,1,8222312
2789,4,3,9,1,1,0,0,11947440
1722,3,1,10,17,4,1,0,8661529
2425,5,3,9,13,10,1,0,12097310
894,1,1,6,5,7,0,1,5247779
1912,4,1,2,20,0,0,2,7881533
2370,5,3,9,15,0,1,0,11597365
2403,5,4,9,12,3,0,1,11862207
2645,3,2,6,18,7,0,0,10167829
872,2,1,6,19,7,0,0,5033736
834,1,1,6,4,4,0,1,5139886
2324,5,2,6,17,10,1,0,10911429
603,1,1,7,12,5,0,0,4367392
2562,3,2,5,19,3,0,2,10151192
1920,4,4,10,3,8,0,1,10615375
1338,3,3,9,10,10,0,0,7940905
2843,4,2,6,20,6,1,1,11299720
1972,4,1,5,2,0,1,2,9743009
2058,5,4,6,14,1,1,1,10957251
1626,4,4,3,16,9,1,0,8402426
1009,2,1,10,13,7,0,1,6398471
1094,4,4,4,15,10,1,0,7563095
547,1,1,1,16,5,0,1,3143827
1904,3,2,7,14,5,0,2,9130329
2136,3,1,3,15,10,1,2,9219954
2580,4,2,4,20,9,1,0,10444523
2605,3,1,8,17,2,0,1,10193576
2210,5,1,3,0,10,1,2,10421336
2512,3,3,4,5,1,1,0,10274417
844,2,1,10,15,9,0,0,5873775
1662,2,1,10,14,2,0,0,7603439
874,2,2,4,17,0,0,1,5047243
2830,3,1,7,11,7,0,1,10815530
1882,4,3,10,5,2,1,0,10163981
946,2,1,6,8,0,0,1,5738547
2274,3,1,8,3,3,0,1,9647797
1029,3,1,8,15,1,0,1,6364635
2627,5,1,10,12,10,1,2,12324828
2100,5,4,3,18,2,1,0,9892095
708,2,1,7,11,6,0,0,5037677
2353,5,3,1,15,4,0,0,9871608
1969,3,3,1,3,5,1,0,8512821
1690,2,2,1,20,7,0,2,6777468
1147,4,3,1,20,5,0,1,6647101
2097,3,1,10,3,6,1,0,9800871
1302,4,1,6,0,4,1,0,7594749
2647,4,1,3,1,3,1,0,10354073
1872,3,1,7,10,6,1,0,8622908
1527,4,2,1,14,5,1,0,7499047
1920,3,1,5,18,3,0,1,7865165
2103,5,1,8,4,8,1,1,10472790
2498,3,3,9,19,5,0,2,11096560
2743,3,3,6,2,0,1,0,11322745
827,1,1,5,10,0,1,0,4638375
1998,5,2,3,16,2,1,2,9616704
2334,3,1,10,17,10,0,1,10231619
978,2,2,1,11,2,1,1,5306894
1834,5,1,4,13,6,1,0,8967928
2772,3,1,10,20,10,1,0,11076787
2011,5,3,6,4,1,0,0,9784045
1847,4,4,4,3,10,1,2,10056344
615,2,2,7,16,4,1,1,5487630
2290,3,2,10,3,4,0,2,10588949
2883,3,2,2,0,6,1,1,11145317
1795,4,3,9,7,1,0,0,9493386
929,1,1,5,17,9,0,0,4612877
1693,4,3,2,3,8,1,1,8898025
852,2,2,1,17,10,0,1,4824091
2154,4,1,4,1,3,0,2,9414140
1921,4,2,3,2,3,1,0,9131916
1579,3,1,1,20,9,1,2,7183443
549,1,1,2,7,3,0,1,3571713
856,2,1,10,11,9,0,0,5998180
1075,3,1,4,7,8,1,0,6348978
2346,4,3,7,17,2,0,2,10629184
1309,2,1,6,14,3,0,1,6248666
1784,2,1,10,18,10,0,2,8440384
1890,5,2,7,12,5,0,2,10191274
2477,3,1,1,3,6,0,2,9370322
788,2,2,3,4,0,0,0,4862587
1272,2,1,2,2,1,0,0,5618853
2392,4,4,3,19,5,1,2,10917981
2234,5,3,8,2,3,0,1,11393652
1087,2,2,2,0,2,0,1,5789679
506,2,1,7,8,8,0,0,4601044
628,2,1,3,10,8,1,0,4579904
846,1,1,6,5,7,0,1,5244494
903,1,1,7,1,10,1,0,5691110
1209,3,2,9,13,4,0,1,7435323
2594,3,1,2,6,8,1,0,9664543
2409,3,1,4,0,7,1,0,9660328
2012,3,2,8,8,7,1,1,9694506
1116,2,1,6,11,10,1,0,6166554
1142,3,1,9,6,5,1,1,7746807
743,2,1,2,8,0,0,0,4119431
2249,5,1,3,7,5,1,2,10084550
617,1,1,4,3,6,1,1,4717267
2998,3,2,3,1,7,0,2,11591332
2649,4,4,10,10,1,1,0,12413027
756,2,2,9,11,5,1,1,6336776
1627,4,1,7,1,10,1,0,9049767
1177,4,1,6,13,6,0,1,6966238
2936,4,3,10,6,0,1,0,12854747
1671,4,4,2,0,2,1,2,9038643
1348,4,4,5,3,1,1,1,8750803
1688,4,3,1,3,3,1,0,8244052
667,2,2,10,19,1,0,0,5539010
595,1,1,9,6,10,1,0,5156197
2171,3,1,3,17,3,1,1,8489790
722,2,1,9,18,10,1,0,5576451
1625,2,1,2,12,5,1,0,6519331
1949,3,1,3,4,10,0,0,8010773
1429,2,1,10,1,4,1,1,8180639
986,1,1,4,2,1,1,1,5431805
2444,3,3,8,2,6,0,1,10905101
2784,3,1,5,11,10,1,1,10933684
2348,4,1,3,12,1,1,2,9809389
2763,5,4,2,7,4,1,0,11714741
882,1,1,10,17,8,1,1,6142540
1529,4,3,10,15,3,1,2,9683565
1188,3,2,10,3,1,1,1,8026898
836,1,1,10,5,10,0,0,5617206
1247,4,3,9,12,2,1,0,8425976
2614,4,2,8,7,2,0,0,11085996
2653,4,2,8,14,4,0,2,11339063
1501,3,2,5,16,0,1,2,7930644
732,2,1,8,18,3,0,1,5262652
2096,4,2,9,17,7,0,0,9694968
2037,3,1,5,12,4,1,0,8604651
1172,2,1,2,20,3,0,1,5304100
507,1,1,2,5,9,1,1,4120137
1275,3,1,5,19,5,0,1,6558470
703,1,1,3,14,0,0,0,3537606
2219,5,1,4,12,2,1,0,9732075
1462,4,3,3,9,8,0,0,7553941
2803,5,3,5,2,3,1,0,12099510
1162,4,1,1,17,5,0,0,5633772
2956,3,3,10,15,6,1,1,12578935
981,1,1,1,6,1,1,0,4570568
977,2,1,9,15,8,0,0,6094323
2604,4,3,5,15,6,1,1,11493352
2469,4,1,7,6,4,1,1,10569105
1613,3,2,3,15,4,0,1,7301783
1648,3,2,2,1,6,0,2,7758464
2600,5,3,2,4,2,0,0,10906643
1471,4,4,7,14,3,1,0,8902857
769,2,2,2,4,2,0,0,4757909
1054,3,3,6,3,4,0,1,7293291
2009,3,2,1,5,9,0,1,8463191
2532,5,2,2,13,7,1,0,10385548
2526,4,3,4,2,9,1,2,11429133
1056,2,2,3,16,0,0,1,5294966
1891,5,2,9,8,5,0,2,10220930
1959,5,4,1,14,9,0,2,9942345
1574,4,1,4,19,8,0,2,7828003
805,1,1,1,9,4,0,1,4071911
2914,3,3,6,1,9,0,2,11763638
2895,4,4,5,20,5,0,0,11605729
891,2,2,5,7,3,0,1,5605323
1616,2,1,9,5,10,1,2,8501035
1645,4,4,5,0,2,0,2,9286238
2555,3,1,3,20,2,0,2,9279487
2293,3,3,8,9,10,0,2,10780153
1655,2,2,9,12,2,0,0,7893008
2684,5,3,2,17,0,1,0,10950234
2801,3,3,9,17,6,1,2,12179161
1733,2,2,4,5,3,1,2,8039328
1010,2,2,2,14,5,1,1,5609949
2385,3,3,10,8,2,1,0,11104731
2232,3,3,5,7,4,1,0,9550534
1960,5,3,8,20,0,1,1,10564025
798,1,1,5,15,8,1,0,4634509
1880,5,1,8,20,3,1,0,9345902
1233,3,2,5,19,2,1,2,7223168
2932,4,4,2,4,8,1,0,11583537
1543,2,1,3,11,6,0,1,6709003
2146,5,4,8,10,1,1,1,11539636
2169,3,1,4,2,7,0,0,8838442
2242,3,3,5,8,2,0,1,9744205
2844,4,1,8,13,0,0,0,11112082
733,1,1,7,12,10,1,1,5291508
1045,3,1,9,19,5,1,0,6821178
2437,3,1,4,10,10,1,2,9953937
1353,3,2,10,15,3,1,0,8033417
540,2,2,2,11,9,0,0,4031999
992,1,1,9,17,7,0,1,5666247
647,1,1,7,16,9,0,0,4455780
2554,5,4,6,13,7,0,0,11650988
2019,5,3,1,15,1,1,1,9520353
1710,3,3,7,19,3,1,0,8414544
532,2,1,10,10,6,1,0,5496812
1156,3,3,6,17,6,0,0,6753850
2058,3,2,5,0,0,0,0,8789560
2601,3,1,5,7,4,0,2,10309110
1656,3,1,9,16,0,1,1,8583531
1125,2,2,4,7,9,0,1,6240512
1748,4,2,3,7,1,0,0,7855051
1785,2,1,9,7,3,1,0,8439048
742,1,1,1,5,2,1,0,4061211
2392,5,2,2,12,6,0,2,10398874
1080,3,1,9,0,8,0,1,7472158
2795,5,3,2,11,2,0,1,11246776
1133,4,1,4,2,2,1,0,6899258
724,1,1,7,19,3,0,1,4489843
2403,5,3,10,2,9,0,2,12200130
2477,3,3,8,9,5,0,1,10701841
2260,3,3,5,4,0,1,2,10479034
2187,3,1,1,2,1,0,0,7980046
1641,3,3,10,16,4,0,1,9112886
2752,5,3,8,2,0,0,0,12115014
1384,4,4,9,13,4,1,0,9021316
2755,5,3,1,11,10,0,2,11131672
2311,3,1,4,20,1,1,0,8864836
642,2,1,8,5,9,1,1,5755226
2471,5,2,3,5,3,1,0,10869242
1179,2,1,1,18,10,1,0,5413101
1246,3,3,3,3,3,0,1,6899687
1291,3,2,4,13,2,0,0,6624740
2651,3,2,1,0,6,1,0,10049757
1270,4,4,3,8,2,0,1,7715327
1709,4,4,3,19,0,1,1,8898557
1127,2,2,8,10,8,1,0,6869421
2129,4,2,10,6,4,1,2,11092676
1322,2,2,1,8,4,1,1,6331480
2832,5,3,9,20,3,1,2,13310451
2896,3,1,9,19,4,1,1,11220353
1122,4,1,1,15,5,1,0,6112935
2713,3,2,7,3,7,0,0,10895224
2220,3,2,4,0,0,1,2,10024562
1958,5,2,3,19,7,0,2,9067491
1788,2,2,10,8,8,0,1,8652784
2058,5,2,2,7,3,1,0,9620900
2275,3,1,9,8,9,0,1,9815849
1719,3,2,1,17,1,1,1,7387036
1393,3,1,4,15,4,1,2,7468467
2869,5,3,6,11,3,0,2,12334759
2444,4,1,4,17,0,0,2,9698807
1474,3,2,5,7,8,0,2,8001831
1063,3,3,10,15,8,1,1,7966674
1919,4,1,5,3,5,1,2,9553528
615,2,1,7,1,6,1,0,5515271
1569,4,2,10,4,3,0,2,9267948
1849,5,1,5,12,8,1,0,9267086
2572,5,3,1,19,4,0,1,10374735
1594,3,3,8,18,7,0,1,8494913
2240,3,2,6,16,3,0,2,9483345
2865,3,3,8,3,4,1,0,11905371
1466,4,2,10,11,4,0,1,8662334
2172,3,1,10,13,7,1,1,9887335
1309,4,4,10,6,2,1,1,9329770
689,2,1,9,9,5,1,0,5637673
815,1,1,8,14,4,0,1,5190630
930,2,2,8,2,7,0,0,6431786
1722,3,1,8,6,5,0,2,8877112
2972,3,1,4,6,4,0,2,10889758
1720,3,2,6,18,4,1,1,8219522
1733,2,1,8,14,6,1,1,8051091
631,1,1,5,18,9,1,0,4349005
1788,2,1,7,9,4,0,2,8180158
891,1,1,8,4,4,0,0,5199893
1532,3,2,9,15,8,1,1,8733893
2309,4,3,2,18,3,0,2,9751066
2283,3,1,8,6,1,0,2,9773538
2786,3,3,10,17,8,0,2,11714464
1626,2,2,10,19,3,1,1,8506950
2310,3,3,7,7,2,1,1,10655482
1850,5,3,10,7,1,1,2,10969421
2071,3,2,2,8,1,1,0,8305855
1112,4,2,1,9,8,1,1,6916496
1092,4,3,4,15,10,0,0,7011091
1721,4,4,3,7,10,1,2,9360060
1146,2,2,5,13,6,1,0,6360685
1631,4,2,10,17,6,0,1,9104077
1041,4,2,3,18,4,0,0,5985591
2390,3,1,6,4,3,1,2,10286051
789,2,1,9,1,2,0,1,6047177
1652,2,2,9,4,7,0,1,8205211
965,2,1,6,12,3,0,1,5489180
1750,3,2,3,11,2,1,1,7975564
729,2,2,10,5,6,0,0,6012564
2031,5,1,10,13,9,1,0,10212592
1793,4,4,8,11,5,0,2,9942373
2142,5,3,8,16,9,0,0,10818342
560,1,1,5,13,2,1,0,3992148
1856,3,2,9,6,5,1,1,9544027
1292,2,2,2,19,8,1,1,6331944
2025,3,2,7,14,0,1,0,8988400
541,2,1,3,20,10,1,0,4241137
2154,3,2,8,19,9,0,1,9711267
1010,4,2,2,9,8,1,0,6434248
2500,5,3,7,1,5,1,0,11847868
2411,4,1,2,16,8,0,2,9428054
1165,2,2,2,5,5,0,0,5553494
2141,5,1,10,8,10,0,1,11014266
1450,3,3,2,9,10,1,2,7839541
965,2,1,3,1,9,0,0,5308323
1030,4,2,5,16,6,0,1,6710262
2308,5,4,6,8,3,1,0,11535363
1805,4,1,3,10,2,0,2,8098444
987,2,2,4,12,6,1,1,5888898
2651,3,1,5,6,8,1,1,10395179
2640,4,1,9,13,0,1,0,11145771
685,1,1,9,8,8,0,0,4991978
2926,4,4,6,13,5,1,1,12437166
1312,2,1,3,10,4,0,1,5901312
2103,4,4,10,16,7,1,0,11103505
1769,4,4,5,12,0,1,0,9385606
791,1,1,9,5,8,0,0,5388701
1674,3,2,7,19,6,1,0,8221561
2696,5,4,4,20,0,0,0,10977743
760,2,2,7,5,6,1,1,6316431
1344,4,4,1,13,4,1,2,7885365
990,2,2,6,16,8,1,0,6168591
963,1,1,2,20,1,0,0,3969637
2902,4,4,3,15,0,1,0,11410916
2771,4,1,7,2,5,1,2,11750993
2237,3,2,7,2,9,0,1,9825355
2714,3,2,1,1,6,1,0,9920650
2566,3,3,4,3,4,0,0,10227541
2411,4,2,7,3,10,0,1,10742470
746,2,1,8,18,8,0,0,5214592
1285,2,1,6,1,6,1,2,7218028
1613,2,1,8,2,2,0,0,7695822
2620,4,1,3,14,0,0,2,10056878
953,2,1,5,16,7,0,0,5112681
646,1,1,6,20,7,0,0,4099486
2032,4,2,3,11,7,1,2,9729055
1836,3,1,8,8,4,0,1,8498200
1259,2,2,8,2,9,0,1,7372676
1536,2,2,10,6,10,0,0,8146237
1673,3,1,10,17,7,1,0,8571568
2168,3,3,10,16,9,0,1,10144879
2169,5,1,5,17,8,1,0,10015445
2186,5,3,7,5,5,0,1,10849037
2670,5,2,7,19,6,0,0,11158287
2406,5,1,9,2,3,0,2,11398281
1156,2,1,7,16,3,1,0,6170273
950,2,2,1,1,5,1,1,5799066
2897,5,3,6,7,1,0,0,12307265
2898,3,1,7,12,8,1,0,11283760
2468,4,1,10,17,3,1,1,11348420
1502,2,2,10,17,7,0,0,7503663
1385,2,2,9,11,10,0,0,7245625
2236,3,2,2,4,6,0,1,8761093
1192,4,4,1,4,10,1,0,7463273
2728,4,2,5,18,5,0,1,10830352
1980,3,1,3,1,10,0,0,7989300
1885,4,1,4,18,3,1,0,8469624
2380,5,4,1,6,5,1,2,11399908
1981,5,4,6,3,4,0,1,10429558
1867,5,2,8,12,0,0,1,9708037
1481,2,1,7,12,5,1,1,7594643
1245,2,1,7,3,3,1,0,6762438
575,1,1,5,17,7,0,1,4022238
668,1,1,2,3,6,0,1,4118559
1641,2,2,9,13,1,1,2,8581573
1332,2,2,7,0,1,0,1,7211597
2496,4,2,2,9,10,0,0,9853774
823,2,1,2,1,6,1,0,5017413
1070,3,2,3,17,2,1,1,6283496
2004,4,1,3,5,4,1,2,9171717
2642,5,4,1,18,3,1,1,11465386
1706,4,3,9,9,6,0,2,9691155
2048,5,2,7,12,2,0,1,10000296
570,2,1,8,17,7,1,0,5165252
1266,3,3,2,12,1,0,0,6336897
2703,5,1,4,19,9,0,0,10604801
2595,4,3,7,12,5,1,0,11099672
2345,5,1,3,1,8,0,0,9767449
1214,3,1,3,10,4,1,0,6451648
1346,2,2,9,11,10,0,1,7584939
2822,3,3,9,15,7,1,1,11915309
2191,4,1,10,8,7,0,0,10065575
670,1,1,1,1,9,0,0,3666078
1793,2,2,8,10,4,1,0,8467781
661,2,1,7,6,2,0,1,5193947
2006,5,4,3,19,8,1,1,9884200
952,2,1,9,19,10,0,1,6025151
1991,3,3,4,16,10,0,0,8723700
911,2,1,1,9,10,1,1,5089514
1934,4,1,3,5,0,1,1,8851873
2337,3,2,6,11,6,1,0,9745757
2068,4,4,6,10,0,1,1,10160612
2394,3,1,7,20,4,1,1,9882727
505,1,1,8,13,7,0,1,4546298
2291,3,1,6,3,1,0,2,9773844
1199,3,3,9,9,5,0,1,7966230
1238,3,2,2,2,3,0,1,6432259
2339,4,4,9,17,2,0,1,11030905
1400,3,1,3,14,5,0,0,6277836
2927,4,1,4,16,0,1,2,11562234
2396,5,3,2,9,10,1,0,10726304
2783,4,2,9,6,8,1,1,12195366
2393,3,3,10,16,6,0,1,11029276
2389,5,3,4,6,9,1,2,11566962
2060,4,2,3,7,1,1,1,9371636
669,1,1,3,4,5,0,0,3966410
2508,3,2,9,3,9,1,0,10930379
2173,4,3,7,19,1,1,1,10316949
2566,4,1,2,6,6,1,0,9793808
2246,5,2,4,12,0,1,1,10022804
2441,4,3,6,8,2,1,0,10963633
2544,5,1,6,7,0,0,1,10864014
2452,5,4,3,6,0,1,1,11217925
2986,5,2,1,11,1,0,0,10688547
1275,4,4,1,14,10,0,1,7524745
1265,2,1,7,19,7,1,1,6671792
2033,5,4,5,12,4,0,1,10529267
1534,4,1,9,12,6,0,0,8223300
1672,4,3,10,7,5,0,1,9529084
739,1,1,5,17,7,0,1,4369984
1922,4,1,3,1,0,1,0,8468222
2229,4,1,1,14,9,1,1,9110933
768,2,2,7,11,10,0,0,5637960
2458,4,2,9,6,7,1,2,11702472
613,2,2,1,14,9,1,1,4676396
735,1,1,3,11,10,0,1,4329424
2031,5,3,4,9,10,0,0,9753392
1654,3,1,1,6,10,0,0,6917140
1568,2,1,9,8,1,1,2,8422590
1265,2,1,6,18,6,0,1,6407142
2807,4,2,5,16,9,1,1,11339418
2611,3,3,5,16,7,0,0,10148467
1487,3,1,7,14,2,1,0,7520277
1692,2,1,9,13,6,0,2,8038627
2760,5,2,10,0,1,1,1,12767512
622,1,1,1,3,5,0,1,3810582
740,1,1,1,12,10,1,1,4325778
908,2,1,2,6,5,0,1,5079085
1907,5,4,8,20,2,1,2,10640212
904,1,1,2,8,5,0,1,4543390
2900,3,2,5,13,3,1,2,11601858
847,1,1,1,3,9,0,1,4444717
1951,3,3,4,2,3,1,1,9475377
827,2,2,4,13,5,1,0,5257602
1111,3,1,4,14,9,0,0,6051663
1903,3,3,3,4,6,1,1,8845627
1196,3,2,9,3,3,0,0,7564643
1547,2,1,5,18,10,1,2,7392957
1717,4,3,2,6,2,0,2,8779342
2476,3,1,9,8,2,1,1,10586427
2887,3,3,5,16,8,0,1,11187818
2284,5,1,10,4,9,0,0,10723263
1559,2,2,5,16,4,1,2,7792957
1570,2,2,4,2,4,0,0,7040573
2656,5,4,9,7,4,1,0,12753449
1772,3,1,5,7,4,1,0,7995948
1434,3,3,1,2,7,0,2,7386406
2393,5,4,1,1,4,0,2,11208213
1299,2,1,8,11,7,1,0,6932899
2155,5,3,5,12,0,1,1,10601992
2680,3,1,2,20,4,1,1,9610837
960,1,1,3,11,1,1,1,4920373
2717,4,1,4,5,6,1,2,10970506
1461,2,2,9,12,4,0,1,7815649
1842,4,1,2,12,10,0,2,8491562
1400,3,2,6,3,1,0,2,7693168
1751,3,1,2,19,8,1,1,7357818
1066,2,2,3,15,3,0,1,5503012
2808,4,3,6,14,1,1,1,11599467
881,2,1,3,1,7,0,1,5339244
636,2,1,3,1,7,0,1,4596416
1212,2,1,7,7,4,1,0,6640211
2623,5,3,2,18,4,0,0,10239240
657,1,1,6,10,3,0,0,4205856
1950,3,3,1,16,3,0,0,7905096
1349,3,3,8,19,6,1,1,8320355
1329,4,1,3,0,9,0,0,7115364
959,2,1,4,11,4,0,1,5183043
2877,5,2,2,19,6,1,0,11128120
618,1,1,1,0,4,0,1,3802590
2627,4,1,5,3,3,0,2,10902040
2483,3,2,4,19,1,1,2,10056285
1268,2,1,3,6,1,0,0,5693470
2586,4,1,3,18,5,1,1,10216479
1331,3,3,8,4,9,0,2,8326919
1250,4,2,7,16,9,0,2,7978211
1870,4,4,5,15,1,1,2,9935934
2978,4,3,7,18,2,0,1,12120380
2126,3,1,8,19,4,0,1,9272546
1422,2,2,9,0,4,0,1,7956084
1088,4,2,2,4,2,1,0,6609370
1076,2,2,3,11,6,0,1,5690476
762,1,1,7,18,0,0,1,4658379
2879,5,4,10,20,0,1,2,13599913
1128,4,4,1,0,7,1,0,7350063
2169,3,1,5,19,2,1,0,8837103
1661,2,2,2,19,4,1,2,7318972
2066,5,2,7,6,3,0,0,10041183
1520,2,1,9,5,10,1,1,8145957
2992,5,2,8,7,2,0,0,12444815
968,2,2,1,13,7,1,0,5078144
989,2,1,4,20,2,0,1,5044631
2144,4,3,5,19,9,1,2,10104284
2102,4,2,3,15,2,0,1,8796779
2651,5,1,5,2,2,0,1,11296045
1989,4,4,7,9,4,1,1,10598141
1112,2,1,9,0,5,0,0,6534579
2694,5,3,5,4,8,1,0,11794016
1832,5,2,3,4,4,0,2,9174514
2304,3,3,7,13,6,0,1,10250196
810,1,1,10,9,10,1,0,5902849
2732,4,3,10,18,1,1,1,12302155
1966,4,1,10,10,7,0,0,9669029
2475,5,3,1,4,6,1,2,11325288
2505,5,4,6,8,3,1,0,11975169
657,2,1,4,8,3,0,1,4584249
2567,5,2,8,13,8,0,1,11293817
2682,5,3,1,1,2,0,1,11012421
1950,5,2,9,1,10,1,2,11026096
1488,3,3,7,14,4,0,2,8511575
1890,5,4,10,3,5,0,0,10567143
858,1,1,2,5,8,0,1,4518473
683,1,1,8,6,6,0,1,5113557
1410,3,3,9,18,4,1,2,8575030
1482,3,1,6,19,8,1,2,7774188
947,1,1,9,18,2,1,0,5717688
1216,3,2,10,8,0,1,2,8418591
2107,4,2,8,1,3,0,2,10387037
2776,4,4,8,3,2,0,0,12051540
2847,3,1,1,6,10,0,1,10223688
2027,3,3,6,15,0,0,1,9225186
666,2,1,3,19,8,0,1,4325071
851,1,1,7,0,4,0,0,5227810
2900,3,2,6,1,0,0,2,11501279
769,2,2,9,6,4,0,1,6298267
911,1,1,6,20,1,0,1,4879235
2985,3,2,5,12,8,0,1,10969688
1133,3,3,9,6,7,0,1,7856978
877,2,1,7,19,2,1,1,5630809
1086,2,2,2,14,3,1,1,5788978
1132,3,2,10,6,7,1,0,8009994
1328,2,1,9,11,10,1,1,7410361
2884,5,1,8,12,5,1,2,12679822
1736,2,2,8,14,5,0,0,7724331
1862,5,4,5,14,0,0,1,9489254
2265,5,1,5,15,4,0,1,9901772
1679,4,4,9,1,5,1,2,10691592
1439,3,3,5,2,5,0,0,7606763
2661,4,2,8,14,2,1,0,11552933
2934,5,2,10,2,10,1,1,13728476
2242,5,3,2,4,6,1,0,10336523
2654,5,4,10,20,4,0,2,12737442
1290,3,2,1,5,5,1,0,6681025
2680,4,1,1,7,10,1,0,10362704
1590,3,2,8,13,8,0,0,8008661
2101,4,1,8,15,3,1,1,10080018
2361,3,2,9,17,6,1,1,10353172
2368,3,3,4,5,0,0,0,9657952
1259,4,4,8,15,2,0,1,8461408
2537,3,1,3,6,2,0,1,9352095
2270,5,1,9,17,1,1,1,11019338
2325,4,3,8,12,9,1,0,11128526
655,1,1,10,5,1,0,0,5078190
745,1,1,6,1,0,1,1,5201325
710,1,1,2,12,2,0,0,3554889
719,1,1,7,2,6,1,1,5358097
1716,2,1,10,10,0,1,2,8613500
597,1,1,6,11,1,1,1,4499103
1232,4,4,6,16,3,0,2,8217858
1417,3,2,5,2,6,1,0,7818937
2096,4,4,8,7,8,1,1,11022257
2329,3,2,6,5,2,1,0,10050835
2915,3,3,1,18,0,1,0,10363841
591,2,1,1,8,4,1,0,4123489
965,2,2,10,7,5,0,0,6633167
629,1,1,6,16,6,0,0,4168501
1422,3,3,3,0,6,0,2,7666692
2112,5,4,10,15,2,0,0,10925124
1480,4,3,3,16,2,0,2,8061660
1450,4,1,7,7,8,1,0,8140395
2458,4,2,8,20,3,1,1,11092190
2094,4,1,5,4,5,1,1,9478122
1814,4,2,9,10,10,0,0,9538295
2785,4,4,6,20,7,1,2,12069296
616,1,1,2,11,8,1,0,3879911
2099,4,1,6,11,10,0,1,9549806
1155,4,1,6,18,5,0,1,6960458
2240,3,2,9,11,4,1,1,10188377
674,2,2,9,18,5,1,0,5896298
1850,3,2,10,13,7,0,1,9329900
865,1,1,4,17,0,1,0,4474915
1521,2,2,1,9,2,1,2,7098149
1962,5,2,9,12,8,0,1,10133188
737,1,1,10,6,7,1,1,5865654
2766,4,4,9,11,3,0,2,12623579
1471,3,2,7,20,4,0,2,7697197
2357,5,2,4,12,8,0,0,10280631
1612,2,2,3,0,4,0,1,7301126
1421,4,4,7,16,4,1,2,9002063
556,2,1,4,4,2,1,0,4616700
970,2,2,7,13,2,1,0,6265483
1209,4,3,2,20,6,1,2,7417422
1858,3,3,1,2,9,0,2,8765953
1551,2,2,8,14,5,0,1,7560218
1780,3,2,3,17,8,1,0,7831434
1399,2,1,2,13,7,0,2,6382016
1746,3,2,8,15,8,0,2,8707127
2561,3,3,9,9,4,0,0,10994771
727,1,1,4,20,4,0,0,3753660
1847,4,1,7,2,8,1,0,9119017
1955,5,2,1,7,3,1,1,9258704
1500,2,1,7,13,1,0,1,7121190
2643,3,1,9,5,10,1,2,11702051
1288,4,2,9,6,2,1,1,8817747
1693,3,2,6,20,6,0,1,8007292
2030,4,1,1,6,2,1,1,8675003
2360,5,4,7,3,1,0,0,11096629
1531,3,2,5,3,0,1,2,8456688
2207,5,1,7,7,7,1,1,10476369
1584,3,3,9,18,0,1,1,8857007
2360,5,2,1,2,3,0,0,9638255
2382,3,2,10,19,4,0,2,10796433
2654,5,3,7,17,6,1,1,12196220
1656,3,2,9,12,2,0,2,8790627
1660,4,1,7,10,7,0,2,8615975
1131,3,2,9,11,2,1,1,7765924
1466,2,2,10,15,6,0,2,8156433
653,1,1,6,3,3,0,1,4740989
901,1,1,2,11,0,0,0,3992162
2487,4,3,8,9,6,1,0,11521107
2985,4,1,1,1,3,0,0,10428659
1441,2,2,8,3,10,0,0,7749625
2763,3,2,5,4,4,0,1,10689158
678,2,1,10,19,8,1,1,5860690
1670,3,2,6,12,8,0,1,8320723
1237,4,2,8,15,8,0,1,8033531
1529,4,2,4,6,3,1,0,8243414
2582,5,1,1,0,1,0,2,10679324
2783,4,4,2,20,10,1,1,11213296
1354,2,1,1,12,10,0,2,5995765
2844,5,3,4,8,1,0,0,11689108
1560,4,3,6,11,0,0,1,8681190
1337,2,2,4,1,0,0,0,6511876
2924,3,1,8,14,3,1,2,11775767
2275,4,3,6,1,4,1,2,11362516
2111,3,1,1,6,6,1,1,8588445
1505,4,1,3,19,9,0,2,7610039
1261,4,1,3,16,0,0,0,6181588
2155,4,1,2,3,6,1,0,9063245
1116,3,3,4,1,8,0,1,7229292
1948,3,2,9,13,1,0,2,9231926
1838,5,3,1,1,1,1,1,9542934
2856,3,1,10,19,0,1,0,11402169
2380,5,1,10,0,10,1,0,11569723
2813,4,4,4,1,8,1,1,12206972
2044,3,2,4,8,1,0,1,8702970
2807,5,2,6,11,4,1,2,12261752
1220,4,2,2,13,7,0,0,6662192
1507,3,1,3,17,7,1,1,7045975
1479,4,4,6,19,9,1,0,8569678
2066,4,4,8,12,1,0,1,10157173
1428,3,3,7,10,4,0,2,8473215
1817,4,4,5,4,9,0,0,9424094
1321,2,2,4,2,1,0,0,6485844
878,1,1,6,11,0,0,0,4655999
2836,3,1,6,13,6,1,0,10725587
1587,2,2,9,17,0,1,1,8159373
690,2,2,9,0,10,1,1,6538663
1727,4,3,10,15,9,1,2,10483832
1485,2,2,8,2,1,1,1,7927814
2330,4,2,1,17,10,0,1,9315441
1718,4,2,6,11,3,0,0,8359090
2122,3,1,9,3,6,1,0,9651643
611,2,1,6,17,7,0,0,4416055
1846,5,1,7,0,3,0,1,9633805
913,2,1,6,15,4,0,0,5105395
2872,3,2,4,8,10,1,0,11025266
2933,5,4,9,14,5,0,1,12933387
2187,3,1,3,12,1,0,0,8033868
631,1,1,5,9,2,1,0,4243207
948,1,1,10,0,0,1,0,6213965
2300,3,3,10,16,10,1,2,11513265
991,2,1,10,5,8,0,0,6334344
2872,5,2,8,9,6,0,0,11907824
2389,3,2,4,2,9,1,0,9917732
2409,4,2,9,6,7,1,1,11346970
2061,4,2,8,12,3,1,0,10050619
1869,4,4,3,8,0,0,2,9371809
1978,5,1,1,17,10,1,1,9011823
2689,5,4,2,10,5,1,0,11382911
809,1,1,10,5,0,1,1,5941041
2932,5,4,9,8,2,1,1,13725163
2786,4,4,7,20,2,0,1,11609213
2116,3,1,8,17,7,1,0,9394696
2471,3,2,8,0,8,0,0,10562149
1350,3,1,5,4,9,1,1,7443430
885,1,1,9,20,8,1,0,5551547
856,2,2,3,1,0,0,0,5188710
2707,4,4,10,14,2,0,2,12802757
2009,4,1,1,3,0,0,1,8172380
754,2,2,8,13,9,1,0,6029738
1009,3,2,8,19,9,0,1,6738398
1076,2,2,1,5,9,0,0,5396753
1421,4,1,3,6,9,0,2,7745218
781,2,2,8,7,3,0,0,5686585
552,2,1,2,11,9,1,0,4147279
2281,5,1,10,10,6,0,2,11371636
1320,4,4,6,3,6,0,1,8714772
2683,5,4,10,3,2,0,1,12804132
2706,3,3,3,3,1,0,1,10725883
1001,4,4,2,6,6,1,1,7184005
1822,5,3,9,5,9,0,2,10755353
2357,5,2,6,0,1,1,2,11305052
1489,2,2,2,10,9,0,1,6552254
2233,5,4,2,13,2,1,1,10312244
2275,5,3,8,17,1,1,1,11227692
1654,3,3,1,4,8,0,1,7573734
1061,4,1,1,2,9,0,0,6068973
694,1,1,7,18,10,0,0,4445446
1193,3,2,3,20,1,0,1,6080522
1155,4,3,4,18,4,0,1,7066313
2719,5,3,1,1,6,1,2,11853666
813,2,2,4,10,8,0,1,5483932
756,1,1,4,13,7,1,0,4382133
2094,4,2,3,15,7,0,2,9105811
543,1,1,8,9,3,0,0,4246695
2274,5,1,2,14,1,1,1,9579812
1690,2,1,3,10,1,1,0,7018958
2616,5,3,2,20,7,1,0,10898774
1085,3,3,4,3,1,1,1,6998047
1995,5,2,10,5,10,0,0,10605599
1423,2,2,1,0,7,0,2,6933906
940,1,1,9,14,8,1,1,6120206
